date,player,market,side,line,src,result,odds,odds_clv,bucket,as_bet,fade_ret,skip_drift
2026-06-14,Angel Reese,pra,Over,30.5,hotover,WIN,1.91,0.044,short,0.91,,0.91
2026-06-14,Jonquel Jones,pra,Over,24.5,hotover,WIN,1.73,-0.039,drift,0.73,,
2026-06-14,Michaela Onyenwere,pts,Over,9.5,overshoot,WIN,1.909,0.123,short,0.91,,0.91
2026-06-14,Shakira Austin,pts,Under,15.5,model,WIN,1.9,0.0,steady,0.9,,0.9
2026-06-15,Chelsea Gray,pra,Over,22.5,overshoot,LOSS,1.833,-0.061,drift,-1.0,,
2026-06-15,Kelsey Plum,pts,Over,20.5,overshoot,LOSS,1.9,,n/a,-1.0,,-1.0
2026-06-15,Nalyssa Smith,pr,Over,16.5,overshoot,LOSS,1.73,,n/a,-1.0,,-1.0
2026-06-15,Natasha Howard,pa,Over,19.5,overshoot,LOSS,1.87,0.0,steady,-1.0,,-1.0
2026-06-15,Paige Bueckers,pra,Over,28.5,overshoot,LOSS,1.909,0.0,steady,-1.0,,-1.0
2026-06-16,Aliyah Boston,pra,Over,28.5,hotover,WIN,1.87,0.0,steady,0.87,,0.87
2026-06-17,Arike Ogunbowale,pa,Over,17.5,flip,WIN,1.91,0.001,steady,0.91,,0.91
2026-06-17,Azzi Fudd,pts,Over,12.5,flip,LOSS,1.92,0.011,short,-1.0,,-1.0
2026-06-17,Courtney Williams,pts,Under,16.5,newunder,WIN,1.76,-0.038,drift,0.76,,
2026-06-17,Dearica Hamby,pra,Under,22.5,model,LOSS,1.909,0.0,steady,-1.0,,-1.0
2026-06-17,Gabriela Jaquez,pts,Under,8.5,model,LOSS,1.84,0.004,steady,-1.0,,-1.0
2026-06-17,Jessica Shepard,pts,Over,11.5,flip,WIN,1.82,-0.081,drift,0.82,,
2026-06-17,Kahleah Copper,pra,Over,23.5,hotover,WIN,1.87,0.0,steady,0.87,,0.87
2026-06-17,Kamilla Cardoso,pra,Under,23.5,model,WIN,1.714,-0.048,drift,0.71,,
2026-06-17,Kayla McBride,pts,Under,14.5,newunder,WIN,1.81,-0.022,drift,0.81,,
2026-06-17,Michaela Onyenwere,pts,Over,9.5,overshoot,WIN,1.8,0.059,short,0.8,,0.8
2026-06-17,Nalyssa Smith,pr,Over,16.5,overshoot,WIN,1.87,0.0,steady,0.87,,0.87
2026-06-17,Natasha Howard,pts,Over,16.5,overshoot,LOSS,1.82,0.011,short,-1.0,,-1.0
2026-06-17,Natisha Hiedeman,pr,Over,15.5,overshoot,WIN,1.833,0.0,steady,0.83,,0.83
2026-06-17,Sarah Ashlee Barker,pts,Under,10.5,newunder,LOSS,1.78,-0.027,drift,-1.0,,
2026-06-18,Caitlin Clark,pts,Under,19.5,newunder,LOSS,1.85,,n/a,-1.0,,-1.0
2026-06-18,Rhyne Howard,pts,Under,18.5,newunder,WIN,1.88,0.0,steady,0.88,,0.88
2026-06-19,Breanna Stewart,pts,Under,19.5,newunder,WIN,1.73,-0.055,drift,0.73,,
2026-06-19,Brittney Griner,pts,Under,11.5,newunder,LOSS,1.83,-0.027,drift,-1.0,,
2026-06-19,Courtney Williams,pr,Under,22.5,model,LOSS,1.73,0.0,steady,-1.0,,-1.0
2026-06-19,Gabby Williams,pts,Over,15.5,flip,LOSS,1.92,0.027,short,-1.0,,-1.0
2026-06-19,Isabelle Harrison,pra,Over,19.5,cascade,WIN,1.75,0.0,steady,0.75,,0.75
2026-06-19,Jonquel Jones,pts,Over,13.5,flip,LOSS,2.0,0.111,short,-1.0,,-1.0
2026-06-19,Kayla McBride,pts,Under,13.5,newunder,LOSS,1.8,-0.037,drift,-1.0,,
2026-06-19,Kayla Thornton,pr,Under,14.5,model,WIN,2.0,0.0,steady,1.0,,1.0
2026-06-19,Laura Juskaite,pra,Over,13.5,cascade,WIN,1.75,0.0,steady,0.75,,0.75
2026-06-19,Marina Mabrey,pts,Under,19.5,starout,LOSS,2.0,,n/a,-1.0,,-1.0
2026-06-19,Michaela Onyenwere,pts,Over,9.5,overshoot,WIN,1.8,0.029,short,0.8,,0.8
2026-06-19,Natasha Howard,pts,Over,14.5,flip,LOSS,1.69,-0.066,drift,-1.0,,
2026-06-19,Olivia Miles,pa,Over,23.5,overshoot,LOSS,1.83,-0.085,drift,-1.0,,
2026-06-20,Aliyah Boston,pts,Under,17.5,newunder,WIN,1.82,0.011,short,0.82,,0.82
2026-06-20,Allisha Gray,pts,Under,18.5,newunder,LOSS,1.93,0.0,steady,-1.0,,-1.0
2026-06-20,Angel Reese,pra,Over,29.5,overshoot,LOSS,1.893,0.0,steady,-1.0,,-1.0
2026-06-20,Arike Ogunbowale,pra,Over,20.5,hotover,LOSS,1.73,0.0,steady,-1.0,,-1.0
2026-06-20,Caitlin Clark,pts,Under,20.5,newunder,LOSS,1.8,0.017,short,-1.0,,-1.0
2026-06-20,Flau'jae Johnson,pts,Under,10.5,newunder,LOSS,1.93,0.0,steady,-1.0,,-1.0
2026-06-20,Gabriela Jaquez,pts,Under,9.5,model,WIN,2.0,0.081,short,1.0,,1.0
2026-06-20,Jordin Canada,pts,Under,12.5,newunder,WIN,1.77,0.011,short,0.77,,0.77
2026-06-20,Kahleah Copper,pts,Under,19.5,newunder,WIN,1.79,0.0,steady,0.79,,0.79
2026-06-20,Kelsey Mitchell,pts,Under,19.5,newunder,WIN,1.92,0.02,short,0.92,,0.92
2026-06-20,Natisha Hiedeman,pra,Over,21.5,overshoot,WIN,1.87,0.0,steady,0.87,,0.87
2026-06-20,Paige Bueckers,pts,Under,17.5,newunder,LOSS,2.0,,n/a,-1.0,,-1.0
2026-06-20,Rhyne Howard,pra,Over,25.5,hotover,WIN,2.0,0.057,short,1.0,,1.0
2026-06-20,Skylar Diggins,pts,Under,15.5,newunder,WIN,1.82,0.017,short,0.82,,0.82
2026-06-20,Sophie Cunningham,pts,Over,8.5,flip_paper,WIN,1.86,-0.005,steady,0.86,,0.86
2026-06-21,Ariel Atkins,pra,Under,13.5,model,LOSS,1.67,-0.035,drift,-1.0,,
2026-06-21,Breanna Stewart,pts,Under,18.5,newunder,WIN,1.91,-0.022,drift,0.91,,
2026-06-21,Cecilia Zandalasini,pts,Under,8.5,newunder,LOSS,1.82,0.04,short,-1.0,,-1.0
2026-06-21,Courtney Williams,pts,Under,17.5,newunder,WIN,1.714,,n/a,0.71,,0.71
2026-06-21,Erica Wheeler,pts,Under,8.5,model,LOSS,1.78,-0.017,drift,-1.0,,
2026-06-21,Gabby Williams,pr,Over,19.5,overshoot,LOSS,1.769,0.023,short,-1.0,,-1.0
2026-06-21,Janelle Salaun,pts,Over,13.5,flip_paper,LOSS,1.85,0.0,steady,-1.0,,-1.0
2026-06-21,Jonquel Jones,pts,Over,13.5,flip_paper,WIN,1.85,-0.023,drift,0.85,,
2026-06-21,Kayla McBride,pts,Under,13.5,newunder,WIN,1.952,0.038,short,0.95,,0.95
2026-06-21,Kelsey Plum,pts,Over,20.5,overshoot,LOSS,1.77,-0.033,drift,-1.0,,
2026-06-21,Kiki Iriafen,pra,Under,23.5,model,LOSS,1.91,0.001,steady,-1.0,,-1.0
2026-06-21,Michaela Onyenwere,pts,Over,9.5,overshoot,LOSS,1.75,-0.017,drift,-1.0,,
2026-06-21,Nalyssa Smith,pr,Over,16.5,overshoot,WIN,1.952,,n/a,0.95,,0.95
2026-06-21,Natasha Howard,pts,Over,15.5,flip_paper,WIN,1.909,0.0,steady,0.91,,0.91
2026-06-21,Nneka Ogwumike,pts,Under,14.5,newunder,LOSS,1.714,-0.009,steady,-1.0,,-1.0
2026-06-21,Olivia Miles,pts,Under,17.5,newunder,LOSS,2.02,0.01,steady,-1.0,,-1.0
2026-06-21,Shakira Austin,pts,Under,13.5,newunder,WIN,1.73,-0.011,drift,0.73,,
2026-06-21,Sonia Citron,pts,Under,16.5,newunder,LOSS,1.714,,n/a,-1.0,,-1.0
2026-06-22,Aliyah Boston,pts,Under,16.5,newunder,WIN,1.85,0.057,short,0.85,,0.85
2026-06-22,Allisha Gray,pts,Under,19.5,newunder,WIN,1.73,-0.07,drift,0.73,,
2026-06-22,Angel Reese,pr,Over,27.5,overshoot,LOSS,1.83,0.0,steady,-1.0,,-1.0
2026-06-22,Arike Ogunbowale,pra,Over,20.5,hotover,LOSS,1.73,0.0,steady,-1.0,,-1.0
2026-06-22,Azzi Fudd,pr,Over,14.5,overshoot,WIN,1.909,0.0,steady,0.91,,0.91
2026-06-22,Caitlin Clark,pts,Under,20.5,newunder,LOSS,1.91,0.001,steady,-1.0,,-1.0
2026-06-22,Flau'jae Johnson,pts,Under,10.5,newunder,LOSS,2.0,0.025,short,-1.0,,-1.0
2026-06-22,Jessica Shepard,pts,Under,13.5,newunder,LOSS,1.83,0.022,short,-1.0,,-1.0
2026-06-22,Jordin Canada,pts,Under,12.5,newunder,WIN,1.74,0.006,steady,0.74,,0.74
2026-06-22,Kahleah Copper,pts,Under,19.5,newunder,LOSS,2.0,0.075,short,-1.0,,-1.0
2026-06-22,Kelsey Mitchell,pts,Under,19.5,newunder,LOSS,1.8,-0.016,drift,-1.0,,
2026-06-22,Marina Mabrey,pts,Under,19.5,newunder,LOSS,1.87,0.0,steady,-1.0,,-1.0
2026-06-22,Paige Bueckers,pts,Under,18.5,newunder,LOSS,1.8,-0.053,drift,-1.0,,
2026-06-22,Rhyne Howard,pra,Over,26.5,hotover,WIN,2.0,0.0,steady,1.0,,1.0
2026-06-22,Skylar Diggins,pts,Under,16.5,newunder,WIN,1.73,0.018,short,0.73,,0.73
2026-06-23,Breanna Stewart,pts,Under,19.5,newunder,LOSS,1.8,,n/a,-1.0,,-1.0
2026-06-23,Chelsea Gray,pts,Under,12.5,model,WIN,1.75,0.0,steady,0.75,,0.75
2026-06-23,Jackie Young,pa,Over,23.5,flip,WIN,1.8,-0.018,drift,0.8,,
2026-06-23,Jonquel Jones,pa,Over,15.5,overshoot,WIN,1.8,-0.018,drift,0.8,,
2026-06-23,Nalyssa Smith,pr,Over,16.5,overshoot,LOSS,1.91,0.044,short,-1.0,,-1.0
2026-06-23,Pauline Astier,pa,Over,9.5,flip,LOSS,1.73,0.0,steady,-1.0,,-1.0
2026-06-24,Aliyah Boston,pts,Under,16.5,newunder,LOSS,1.75,0.006,steady,-1.0,,-1.0
2026-06-24,Allisha Gray,pts,Under,17.5,newunder,WIN,1.94,0.084,short,0.94,,0.94
2026-06-24,Angel Reese,pr,Over,25.5,flip,LOSS,1.83,-0.085,drift,-1.0,0.8,
2026-06-24,Caitlin Clark,pts,Under,21.5,newunder,WIN,1.91,0.001,steady,0.91,,0.91
2026-06-24,Carla Leite,pts,Under,14.5,newunder,WIN,1.833,-0.009,steady,0.83,,0.83
2026-06-24,Cecilia Zandalasini,pts,Under,8.5,newunder,LOSS,1.893,0.023,short,-1.0,,-1.0
2026-06-24,Courtney Williams,pts,Under,15.5,newunder,WIN,1.91,-0.005,steady,0.91,,0.91
2026-06-24,Gabby Williams,pra,Over,20.5,overshoot,WIN,1.73,0.0,steady,0.73,,0.73
2026-06-24,Jordin Canada,pra,Over,20.5,hotover,LOSS,1.8,0.0,steady,-1.0,,-1.0
2026-06-24,Kahleah Copper,pts,Under,18.5,newunder,LOSS,1.87,-0.031,drift,-1.0,,
2026-06-24,Kayla McBride,pts,Under,14.5,newunder,LOSS,1.77,-0.068,drift,-1.0,0.8,
2026-06-24,Kelsey Mitchell,pts,Under,19.5,newunder,LOSS,1.86,-0.07,drift,-1.0,0.8,
2026-06-24,Kiki Iriafen,pra,Under,23.5,model,LOSS,1.91,-0.045,drift,-1.0,0.8,
2026-06-24,Megan Gustafson,pts,Under,12.5,newunder,LOSS,2.02,0.0,steady,-1.0,,-1.0
2026-06-24,Michaela Onyenwere,pts,Over,8.5,overshoot,LOSS,1.77,-0.017,drift,-1.0,1.0,
2026-06-24,Olivia Miles,pts,Over,18.5,flip_paper,WIN,1.88,-0.015,drift,0.88,-1.0,
2026-06-24,Rhyne Howard,pra,Over,25.5,hotover,LOSS,1.91,0.0,steady,-1.0,,-1.0
2026-06-24,Sarah Ashlee Barker,pts,Under,11.5,newunder,LOSS,1.833,-0.035,drift,-1.0,0.8,
2026-06-24,Shakira Austin,pts,Under,12.5,newunder,WIN,1.76,-0.022,drift,0.76,-1.0,
2026-06-24,Skylar Diggins,pts,Under,15.5,newunder,WIN,1.81,-0.013,drift,0.81,-1.0,
2026-06-24,Sonia Citron,pra,Over,21.5,overshoot,WIN,1.833,,n/a,0.83,,0.83
2026-06-25,Ariel Atkins,pra,Over,13.5,cascade,LOSS,1.75,0.0,steady,-1.0,,-1.0
2026-06-25,Dearica Hamby,pra,Over,20.5,cascade,WIN,1.75,0.0,steady,0.75,,0.75
2026-06-25,Erica Wheeler,pra,Over,11.5,cascade,WIN,1.75,0.0,steady,0.75,,0.75
2026-06-25,Flau'jae Johnson,pts,Under,10.5,newunder,LOSS,1.9,0.022,short,-1.0,,-1.0
2026-06-25,Isabelle Harrison,pts,Under,14.5,newunder,WIN,1.952,0.067,short,0.95,,0.95
2026-06-25,Jackie Young,pa,Over,23.5,overshoot,WIN,1.73,-0.056,drift,0.73,-1.0,
2026-06-25,Jessica Shepard,pa,Over,18.5,overshoot,WIN,2.0,0.0,steady,1.0,,1.0
2026-06-25,Jonquel Jones,pts,Over,13.5,flip_paper,WIN,1.833,-0.009,steady,0.83,,0.83
2026-06-25,Leonie Fiebich,pra,Over,14.5,hotover,WIN,1.91,0.0,steady,0.91,,0.91
2026-06-25,Marina Mabrey,pts,Under,20.5,newunder,LOSS,1.952,0.0,steady,-1.0,,-1.0
2026-06-25,Marine Johannes,pra,Over,12.5,cascade,LOSS,1.75,0.0,steady,-1.0,,-1.0
2026-06-25,NaLyssa Smith,pts,Over,10.5,flip_paper,LOSS,1.73,0.0,steady,-1.0,,-1.0
2026-06-25,Natisha Hiedeman,pts,Over,14.5,flip_paper,LOSS,1.77,0.0,steady,-1.0,,-1.0
2026-06-25,Nneka Ogwumike,pts,Under,16.5,starout,LOSS,1.909,0.0,steady,-1.0,,-1.0
2026-06-25,Paige Bueckers,pts,Under,18.5,newunder,LOSS,2.0,0.0,steady,-1.0,,-1.0
2026-06-25,Rae Burrell,pra,Over,18.5,cascade,WIN,1.75,0.0,steady,0.75,,0.75
2026-06-25,Sabrina Ionescu,pra,Over,13.5,cascade,WIN,1.75,0.0,steady,0.75,,0.75
2026-06-26,Allisha Gray,pts,Under,17.5,newunder,WIN,1.87,-0.005,steady,0.87,,0.87
2026-06-26,Angel Reese,pr,Over,25.5,flip,WIN,1.83,-0.002,steady,0.83,,0.83
2026-06-26,Brittney Griner,pr,Over,16.5,overshoot,LOSS,1.73,0.0,steady,-1.0,,-1.0
2026-06-26,Carla Leite,pts,Under,14.5,newunder,LOSS,1.82,-0.005,steady,-1.0,,-1.0
2026-06-26,Jordin Canada,pts,Under,11.5,newunder,LOSS,1.8,0.011,short,-1.0,,-1.0
2026-06-26,Kamilla Cardoso,pts,Under,13.5,newunder,LOSS,1.893,0.0,steady,-1.0,,-1.0
2026-06-26,Kayla Thornton,pts,Under,8.5,newunder,WIN,1.893,0.052,short,0.89,,0.89
2026-06-26,Kiki Iriafen,pts,Under,15.5,newunder,WIN,1.833,0.053,short,0.83,,0.83
2026-06-26,Megan Gustafson,pts,Under,14.5,newunder,WIN,1.91,0.021,short,0.91,,0.91
2026-06-26,Sarah Ashlee Barker,pts,Under,11.5,newunder,WIN,1.85,-0.023,drift,0.85,-1.0,
2026-06-26,Shakira Austin,pts,Under,13.5,newunder,WIN,2.0,-0.01,steady,1.0,,1.0
2026-06-26,Skylar Diggins,pts,Under,15.5,newunder,WIN,1.84,0.057,short,0.84,,0.84
2026-06-26,Sonia Citron,pts,Under,17.5,newunder,WIN,1.73,-0.056,drift,0.73,-1.0,
2026-06-27,Aliyah Boston,pra,Over,29.5,cascade,LOSS,1.8,-0.037,drift,-1.0,,
2026-06-27,Aliyah Boston,pts,Under,16.5,starout,LOSS,1.893,0.052,short,-1.0,,-1.0
2026-06-27,Angel Reese,pr,Over,24.5,flip,WIN,1.73,0.0,steady,0.73,,0.73
2026-06-27,Ariel Atkins,pra,Over,12.5,cascade,WIN,1.75,0.0,steady,0.75,,0.75
2026-06-27,Dearica Hamby,pra,Over,20.5,cascade,WIN,1.75,0.0,steady,0.75,,0.75
2026-06-27,Erica Wheeler,pra,Over,11.5,cascade,LOSS,1.75,0.0,steady,-1.0,,-1.0
2026-06-27,Erica Wheeler,pts,Under,8.5,newunder,WIN,1.952,,n/a,0.95,,0.95
2026-06-27,Isabelle Harrison,pts,Under,12.5,newunder,WIN,1.952,0.084,short,0.95,,0.95
2026-06-27,Jordin Canada,pa,Over,16.5,overshoot,WIN,1.67,0.0,steady,0.67,,0.67
2026-06-27,Kahleah Copper,pts,Under,20.5,newunder,LOSS,1.833,-0.106,drift,-1.0,,
2026-06-27,Kelsey Mitchell,pts,Under,21.5,starout,LOSS,1.893,0.0,steady,-1.0,,-1.0
2026-06-27,Monique Billings,pra,Over,10.5,cascade,WIN,1.75,0.0,steady,0.75,,0.75
2026-06-27,Myisha Hines-Allen,pra,Over,7.5,cascade,WIN,1.75,0.0,steady,0.75,,0.75
2026-06-27,Natisha Hiedeman,pts,Over,14.5,flip_paper,WIN,1.73,,n/a,0.73,,0.73
2026-06-27,Nneka Ogwumike,pra,Over,29.5,cascade,LOSS,1.75,0.0,steady,-1.0,,-1.0
2026-06-27,Nneka Ogwumike,pts,Under,17.5,newunder,WIN,2.0,0.026,short,1.0,,1.0
2026-06-27,Noemie Brochant,pts,Under,9.5,newunder,WIN,1.75,0.0,steady,0.75,,0.75
2026-06-27,Sophie Cunningham,pra,Over,12.5,cascade,LOSS,1.75,0.0,steady,-1.0,,-1.0
2026-06-28,Arike Ogunbowale,pts,Under,13.5,model,WIN,1.97,0.026,short,0.97,,0.97
2026-06-28,Azura Stevens,pra,Over,20.5,overshoot,WIN,1.83,0.058,short,0.83,,0.83
2026-06-28,Breanna Stewart,pts,Under,19.5,newunder,WIN,1.714,-0.074,drift,0.71,,
2026-06-28,Carla Leite,pts,Under,14.5,newunder,LOSS,1.73,-0.039,drift,-1.0,1.0,
2026-06-28,Courtney Williams,pts,Under,15.5,newunder,WIN,1.9,-0.027,drift,0.9,,
2026-06-28,Jackie Young,pts,Over,17.5,flip_paper,WIN,2.0,0.117,short,1.0,,1.0
2026-06-28,Jessica Shepard,pa,Over,18.5,overshoot,LOSS,1.83,-0.033,drift,-1.0,0.893,
2026-06-28,Jonquel Jones,pts,Over,13.5,flip_paper,WIN,1.91,0.061,short,0.91,,0.91
2026-06-28,Kayla McBride,pts,Under,14.5,newunder,LOSS,1.8,-0.057,drift,-1.0,,
2026-06-28,Kiki Iriafen,pts,Under,15.5,newunder,LOSS,1.73,-0.056,drift,-1.0,0.952,
2026-06-28,Megan Gustafson,pr,Under,18.5,model,LOSS,1.91,0.061,short,-1.0,,-1.0
2026-06-28,Natasha Howard,pts,Over,15.5,flip_paper,WIN,1.92,0.006,steady,0.92,,0.92
2026-06-28,Olivia Miles,pts,Over,18.5,flip_paper,WIN,1.87,0.02,short,0.87,,0.87
2026-06-28,Paige Bueckers,pts,Under,19.5,newunder,LOSS,1.78,-0.029,drift,-1.0,,
2026-06-28,Skylar Diggins,pts,Under,14.5,newunder,WIN,1.83,0.022,short,0.83,,0.83
2026-06-28,Sonia Citron,pts,Under,18.5,newunder,LOSS,1.73,-0.056,drift,-1.0,0.952,
2026-06-30,Chelsea Gray,pra,Over,24.5,cascade,LOSS,1.75,0.0,steady,-1.0,,-1.0
2026-06-30,Chennedy Carter,pra,Over,17.5,cascade,WIN,1.75,0.0,steady,0.75,,0.75
2026-06-30,Jewell Loyd,pra,Over,9.5,cascade,LOSS,1.75,0.0,steady,-1.0,,-1.0
2026-06-30,NaLyssa Smith,pra,Over,16.5,cascade,LOSS,1.75,0.0,steady,-1.0,,-1.0
2026-07-02,Allisha Gray,pra,Under,22.5,model,LOSS,1.73,-0.114,drift,-1.0,0.833,
2026-07-02,Angel Reese,pr,Over,27.5,flip,LOSS,2.0,0.025,short,-1.0,,-1.0
2026-07-02,Arike Ogunbowale,pts,Under,13.5,model,WIN,2.0,0.0,steady,1.0,,1.0
2026-07-02,Azzi Fudd,pr,Over,15.5,overshoot,LOSS,1.73,-0.039,drift,-1.0,,
2026-07-02,Brittney Griner,pts,Under,12.5,newunder,LOSS,1.8,0.0,steady,-1.0,,-1.0
2026-07-02,DeWanna Bonner,pts,Under,12.5,newunder,WIN,1.8,0.0,steady,0.8,,0.8
2026-07-02,Jessica Shepard,pts,Under,14.5,newunder,WIN,1.87,0.0,steady,0.87,,0.87
2026-07-02,Kahleah Copper,pts,Under,18.5,newunder,LOSS,1.952,0.0,steady,-1.0,,-1.0
2026-07-02,Kiki Iriafen,pra,Over,24.5,hotover,WIN,1.91,0.001,steady,0.91,,0.91
2026-07-02,Michaela Onyenwere,pts,Over,9.5,overshoot,LOSS,1.87,0.022,short,-1.0,,-1.0
2026-07-02,Natisha Hiedeman,pra,Over,22.5,overshoot,LOSS,1.73,-0.039,drift,-1.0,,
2026-07-02,Paige Bueckers,pts,Under,20.5,newunder,LOSS,1.909,0.021,short,-1.0,,-1.0
2026-07-02,Shakira Austin,pts,Under,12.5,newunder,LOSS,1.909,0.043,short,-1.0,,-1.0
2026-07-03,Azura Stevens,pts,Under,10.5,newunder,LOSS,1.96,-0.044,drift,-1.0,0.741,
2026-07-03,Breanna Stewart,pts,Under,19.5,newunder,LOSS,1.79,-0.006,steady,-1.0,,-1.0
2026-07-03,Chelsea Gray,pra,Over,24.5,cascade,WIN,1.75,0.0,steady,0.75,,0.75
2026-07-03,Chennedy Carter,pra,Over,17.5,cascade,LOSS,1.75,0.0,steady,-1.0,,-1.0
2026-07-03,Chennedy Carter,pts,Under,17.5,model,WIN,1.78,,n/a,0.78,,0.78
2026-07-03,Courtney Williams,pts,Under,15.5,newunder,LOSS,1.82,0.011,short,-1.0,,-1.0
2026-07-03,Jackie Young,pra,Over,31.5,hotover,LOSS,1.73,-0.135,drift,-1.0,0.8,
2026-07-03,Jewell Loyd,pra,Over,7.5,cascade,WIN,1.75,0.0,steady,0.75,,0.75
2026-07-03,Jonquel Jones,pa,Over,17.5,overshoot,WIN,1.83,-0.062,drift,0.83,,
2026-07-03,Kayla McBride,pts,Under,15.5,newunder,LOSS,1.81,0.0,steady,-1.0,,-1.0
2026-07-03,NaLyssa Smith,pra,Over,16.5,cascade,WIN,1.75,0.0,steady,0.75,,0.75
2026-07-03,Natasha Howard,pts,Over,15.5,overshoot,LOSS,1.74,0.006,steady,-1.0,,-1.0
2026-07-03,Olivia Miles,pa,Over,24.5,overshoot,LOSS,1.83,0.0,steady,-1.0,,-1.0
2026-07-04,Allisha Gray,pts,Under,16.5,newunder,LOSS,2.0,0.0,steady,-1.0,,-1.0
2026-07-04,Angel Reese,pts,Over,13.5,flip_paper,WIN,1.82,0.058,short,0.82,,0.82
2026-07-04,Gabby Williams,pts,Over,15.5,flip_paper,WIN,1.893,0.034,short,0.89,,0.89
2026-07-04,Megan Gustafson,pr,Over,15.5,overshoot,WIN,1.8,0.0,steady,0.8,,0.8
2026-07-04,Natisha Hiedeman,pts,Over,14.5,flip_paper,WIN,1.8,0.0,steady,0.8,,0.8
2026-07-04,Rhyne Howard,pr,Over,22.5,flip,WIN,1.87,0.0,steady,0.87,,0.87
2026-07-04,Sarah Ashlee Barker,pts,Under,11.5,newunder,WIN,1.81,,n/a,0.81,,0.81
2026-07-05,Aliyah Boston,pra,Over,28.5,cascade,WIN,1.75,0.0,steady,0.75,,0.75
2026-07-05,Aliyah Boston,pts,Under,17.5,newunder,LOSS,1.77,-0.068,drift,-1.0,0.8,
2026-07-05,Azzi Fudd,pts,Under,14.5,newunder,LOSS,1.73,-0.039,drift,-1.0,0.9,
2026-07-05,Chelsea Gray,pa,Over,19.5,overshoot,LOSS,1.73,0.0,steady,-1.0,,-1.0
2026-07-05,Chelsea Gray,pra,Over,24.5,cascade,LOSS,2.0,0.143,short,-1.0,,-1.0
2026-07-05,Cheyenne Parker-Tyus,pra,Over,10.5,cascade,LOSS,1.75,0.0,steady,-1.0,,-1.0
2026-07-05,Isabelle Harrison,pra,Over,19.5,cascade,LOSS,1.75,0.0,steady,-1.0,,-1.0
2026-07-05,Isabelle Harrison,pts,Under,14.5,newunder,WIN,1.67,-0.097,drift,0.67,-1.0,
2026-07-05,Jackie Young,pra,Over,29.5,hotover,LOSS,1.73,-0.039,drift,-1.0,,
2026-07-05,Jessica Shepard,pts,Under,13.5,newunder,LOSS,1.91,-0.045,drift,-1.0,,
2026-07-05,Jewell Loyd,pra,Over,9.5,cascade,WIN,1.75,0.0,steady,0.75,,0.75
2026-07-05,Kelsey Mitchell,pts,Under,23.5,newunder,LOSS,1.88,0.005,steady,-1.0,,-1.0
2026-07-05,Maria Conde,pra,Over,17.5,cascade,LOSS,1.75,0.0,steady,-1.0,,-1.0
2026-07-05,Marina Mabrey,pts,Under,22.5,newunder,WIN,1.81,,n/a,0.81,,0.81
2026-07-05,Monique Billings,pra,Over,12.5,cascade,WIN,1.75,0.0,steady,0.75,,0.75
2026-07-05,Myisha Hines-Allen,pra,Over,7.5,cascade,WIN,1.75,0.0,steady,0.75,,0.75
2026-07-05,NaLyssa Smith,pra,Over,16.5,cascade,WIN,1.75,0.0,steady,0.75,,0.75
2026-07-05,Nyara Sabally,pra,Over,16.5,cascade,WIN,1.75,0.0,steady,0.75,,0.75
2026-07-05,Paige Bueckers,pts,Over,21.5,flip_paper,WIN,1.91,0.061,short,0.91,,0.91
2026-07-05,Sophie Cunningham,pra,Over,12.5,cascade,LOSS,1.75,0.0,steady,-1.0,,-1.0
2026-07-06,Ariel Atkins,pra,Over,12.5,cascade,LOSS,1.75,0.0,steady,-1.0,,-1.0
2026-07-06,Cotie McMahon,pra,Over,11.5,cascade,WIN,1.75,0.0,steady,0.75,,0.75
2026-07-06,Courtney Williams,pra,Over,23.5,cascade,WIN,1.75,0.0,steady,0.75,,0.75
2026-07-06,Courtney Williams,pra,Under,25.5,model,LOSS,1.73,0.0,steady,-1.0,,-1.0
2026-07-06,Dearica Hamby,pra,Over,21.5,cascade,WIN,1.75,0.0,steady,0.75,,0.75
2026-07-06,Erica Wheeler,pra,Over,10.5,cascade,WIN,1.75,0.0,steady,0.75,,0.75
2026-07-06,Flau'jae Johnson,pra,Over,20.5,hotover,WIN,1.73,,n/a,0.73,,0.73
2026-07-06,Gabby Williams,pts,Over,14.5,flip_paper,LOSS,1.91,0.001,steady,-1.0,,-1.0
2026-07-06,Georgia Amoore,pra,Over,11.5,cascade,LOSS,1.75,0.0,steady,-1.0,,-1.0
2026-07-06,Janelle Salaun,pts,Under,10.5,model,WIN,1.75,0.0,steady,0.75,,0.75
2026-07-06,Kayla McBride,pts,Under,18.5,starout,LOSS,1.85,0.0,steady,-1.0,,-1.0
2026-07-06,Kiki Iriafen,pra,Over,26.5,hotover,LOSS,2.0,0.025,short,-1.0,,-1.0
2026-07-06,Maya Caldwell,pra,Over,7.5,cascade,LOSS,1.75,0.0,steady,-1.0,,-1.0
2026-07-06,Michaela Onyenwere,pra,Over,16.5,cascade,LOSS,1.75,0.0,steady,-1.0,,-1.0
2026-07-06,Michaela Onyenwere,pts,Over,9.5,overshoot,LOSS,1.83,-0.033,drift,-1.0,0.8,
2026-07-06,Natasha Howard,pra,Over,25.5,cascade,WIN,1.893,0.0,steady,0.89,,0.89
2026-07-06,Natasha Howard,pts,Over,16.5,flip,WIN,1.893,0.052,short,0.89,,0.89
2026-07-06,Natisha Hiedeman,pts,Over,15.5,flip_paper,LOSS,1.833,0.0,steady,-1.0,,-1.0
2026-07-06,Nia Coffey,pra,Over,14.5,cascade,LOSS,1.75,0.0,steady,-1.0,,-1.0
2026-07-06,Nneka Ogwumike,pra,Over,29.5,cascade,LOSS,1.75,0.0,steady,-1.0,,-1.0
2026-07-06,Nneka Ogwumike,pts,Under,17.5,newunder,WIN,1.769,-0.054,drift,0.77,,
2026-07-06,Olivia Nelson-Ododa,pr,Over,15.5,overshoot,WIN,1.8,0.0,steady,0.8,,0.8
2026-07-06,Shakira Austin,pra,Over,22.5,cascade,LOSS,1.75,0.0,steady,-1.0,,-1.0
2026-07-06,Shakira Austin,pts,Under,11.5,newunder,WIN,2.0,0.026,short,1.0,,1.0
2026-07-07,Azura Stevens,pra,Over,20.5,overshoot,WIN,1.91,0.001,steady,0.91,,0.91
2026-07-07,Azzi Fudd,pts,Under,14.5,newunder,WIN,1.81,0.0,steady,0.81,,0.81
2026-07-07,Breanna Stewart,pts,Under,19.5,newunder,LOSS,1.79,-0.032,drift,-1.0,0.85,
2026-07-07,DeWanna Bonner,pts,Under,11.5,newunder,LOSS,1.91,0.005,steady,-1.0,,-1.0
2026-07-07,Jessica Shepard,pr,Over,23.5,overshoot,WIN,1.83,0.0,steady,0.83,,0.83
2026-07-07,Jonquel Jones,pra,Over,26.5,overshoot,WIN,1.91,0.104,short,0.91,,0.91
2026-07-07,Kahleah Copper,pr,Over,23.5,overshoot,WIN,2.02,0.104,short,1.02,,1.02
2026-07-07,Kamilla Cardoso,pts,Under,14.5,newunder,WIN,1.8,,n/a,0.8,,0.8
2026-07-07,Paige Bueckers,pts,Over,20.5,flip_paper,LOSS,1.82,0.0,steady,-1.0,,-1.0
2026-07-08,Ariel Atkins,pra,Over,9.5,cascade,WIN,1.75,0.0,steady,0.75,,0.75
2026-07-08,Courtney Williams,pra,Over,24.5,cascade,LOSS,1.75,0.0,steady,-1.0,,-1.0
2026-07-08,Courtney Williams,pts,Under,18.5,newunder,WIN,1.8,-0.053,drift,0.8,-1.0,
2026-07-08,Dearica Hamby,pra,Over,22.5,cascade,WIN,1.75,0.0,steady,0.75,,0.75
2026-07-08,Dearica Hamby,pts,Under,15.5,newunder,LOSS,1.77,0.043,short,-1.0,,-1.0
2026-07-08,Erica Wheeler,pra,Over,10.5,cascade,WIN,1.75,0.0,steady,0.75,,0.75
2026-07-08,Gabby Williams,pra,Over,19.5,flip,LOSS,1.91,0.0,steady,-1.0,,-1.0
2026-07-08,Isabelle Harrison,pts,Under,12.5,newunder,LOSS,1.96,0.005,steady,-1.0,,-1.0
2026-07-08,Kayla McBride,pts,Under,18.5,newunder,LOSS,1.83,-0.011,drift,-1.0,0.85,
2026-07-08,Kelsey Mitchell,pts,Under,23.5,newunder,LOSS,1.82,0.011,short,-1.0,,-1.0
2026-07-08,Maya Caldwell,pra,Over,7.5,cascade,WIN,1.75,0.0,steady,0.75,,0.75
2026-07-08,Monique Billings,pra,Over,12.5,cascade,WIN,1.75,0.0,steady,0.75,,0.75
2026-07-08,Myisha Hines-Allen,pra,Over,9.5,cascade,LOSS,1.75,0.0,steady,-1.0,,-1.0
2026-07-08,Natasha Howard,pra,Over,27.5,cascade,LOSS,1.75,-0.125,drift,-1.0,0.73,
2026-07-08,Nia Coffey,pra,Over,14.5,cascade,LOSS,1.75,0.0,steady,-1.0,,-1.0
2026-07-08,Nneka Ogwumike,pts,Under,17.5,newunder,LOSS,1.83,0.04,short,-1.0,,-1.0
2026-07-08,Olivia Nelson-Ododa,pts,Under,10.5,newunder,LOSS,1.8,-0.053,drift,-1.0,0.8,
2026-07-08,Rae Burrell,pra,Over,14.5,cascade,WIN,1.75,0.0,steady,0.75,,0.75
2026-07-08,Sophie Cunningham,pra,Over,12.5,cascade,LOSS,1.75,0.0,steady,-1.0,,-1.0
2026-07-09,Aliyah Boston,pra,Over,28.5,cascade,WIN,1.75,0.0,steady,0.75,,0.75
2026-07-09,Aliyah Boston,pts,Under,18.5,newunder,LOSS,1.78,,n/a,-1.0,,-1.0
2026-07-09,Allisha Gray,pts,Under,18.5,newunder,LOSS,1.833,-0.032,drift,-1.0,0.893,
2026-07-09,Angel Reese,pts,Over,13.5,flip_paper,WIN,1.75,0.006,steady,0.75,,0.75
2026-07-09,Chelsea Gray,pra,Over,22.5,cascade,LOSS,1.75,0.0,steady,-1.0,,-1.0
2026-07-09,Cheyenne Parker-Tyus,pra,Over,10.5,cascade,LOSS,1.75,0.0,steady,-1.0,,-1.0
2026-07-09,Emily Engstler,pts,Under,8.5,newunder,LOSS,1.74,,n/a,-1.0,,-1.0
2026-07-09,Jackie Young,pts,Over,17.5,flip_paper,WIN,1.82,,n/a,0.82,,0.82
2026-07-09,Jewell Loyd,pra,Over,12.5,cascade,LOSS,1.75,0.0,steady,-1.0,,-1.0
2026-07-09,Kahleah Copper,pts,Over,19.5,flip_paper,WIN,1.73,-0.006,steady,0.73,,0.73
2026-07-09,Kelsey Mitchell,pts,Under,23.5,starout,LOSS,2.0,0.0,steady,-1.0,,-1.0
2026-07-09,Lexie Hull,pra,Over,11.5,cascade,LOSS,1.75,0.0,steady,-1.0,,-1.0
2026-07-09,Megan Gustafson,pts,Over,11.5,overshoot,LOSS,1.833,0.06,short,-1.0,,-1.0
2026-07-09,Monique Billings,pra,Over,13.5,cascade,LOSS,1.75,0.0,steady,-1.0,,-1.0
2026-07-09,NaLyssa Smith,pra,Over,16.5,cascade,WIN,1.75,0.0,steady,0.75,,0.75
2026-07-09,Natisha Hiedeman,pts,Over,15.5,flip_paper,WIN,2.02,0.0,steady,1.02,,1.02
2026-07-09,Raven Johnson,pra,Over,7.5,cascade,WIN,1.75,0.0,steady,0.75,,0.75
2026-07-09,Rhyne Howard,pts,Over,18.5,overshoot,WIN,1.769,-0.088,drift,0.77,,
2026-07-10,Ariel Atkins,pra,Over,9.5,cascade,WIN,1.75,0.0,steady,0.75,,0.75
2026-07-10,Azura Stevens,pts,Under,12.5,newunder,WIN,1.893,0.04,short,0.89,,0.89
2026-07-10,Azzi Fudd,pts,Under,13.5,newunder,WIN,2.0,0.042,short,1.0,,1.0
2026-07-10,Charlisse Leger-Walker,pra,Over,13.5,cascade,LOSS,1.75,,n/a,-1.0,,-1.0
2026-07-10,Dearica Hamby,pra,Over,22.5,cascade,WIN,1.75,0.0,steady,0.75,,0.75
2026-07-10,Dearica Hamby,pts,Under,15.5,newunder,LOSS,1.893,-0.009,steady,-1.0,,-1.0
2026-07-10,Diamond Miller,pra,Over,12.5,cascade,WIN,1.75,0.0,steady,0.75,,0.75
2026-07-10,Erica Wheeler,pra,Over,10.5,cascade,WIN,1.75,0.0,steady,0.75,,0.75
2026-07-10,Isabelle Harrison,pts,Under,13.5,newunder,LOSS,1.893,0.034,short,-1.0,,-1.0
2026-07-10,Jessica Shepard,pts,Under,14.5,newunder,LOSS,1.893,0.034,short,-1.0,,-1.0
2026-07-10,Kamilla Cardoso,pra,Over,23.5,overshoot,WIN,1.833,0.0,steady,0.83,,0.83
2026-07-10,Kennedy Burke,pra,Over,14.5,cascade,LOSS,1.75,0.0,steady,-1.0,,-1.0
2026-07-10,Leila Lacan,pts,Under,12.5,newunder,WIN,1.85,0.0,steady,0.85,,0.85
2026-07-10,Nneka Ogwumike,pra,Over,29.5,overshoot,WIN,1.952,0.0,steady,0.95,,0.95
2026-07-10,Olivia Nelson-Ododa,pra,Over,20.5,cascade,WIN,1.75,-0.064,drift,0.75,,
2026-07-10,Olivia Nelson-Ododa,pts,Under,11.5,newunder,LOSS,1.8,0.0,steady,-1.0,,-1.0
2026-07-10,Paige Bueckers,pts,Over,20.5,overshoot,WIN,1.8,0.017,short,0.8,,0.8
2026-07-10,Rae Burrell,pra,Over,18.5,cascade,WIN,1.75,0.0,steady,0.75,,0.75
2026-07-11,Allisha Gray,pts,Under,18.5,newunder,LOSS,1.833,0.0,steady,-1.0,,-1.0
2026-07-11,Antonia Delaere,pra,Over,6.5,cascade,WIN,1.75,0.0,steady,0.75,,0.75
2026-07-11,Breanna Stewart,pra,Over,30.5,hotover,LOSS,1.8,0.0,steady,-1.0,,-1.0
2026-07-11,Carla Leite,pts,Under,15.5,newunder,WIN,1.87,0.0,steady,0.87,,0.87
2026-07-11,Courtney Williams,pra,Over,23.5,cascade,WIN,1.75,0.0,steady,0.75,,0.75
2026-07-11,Courtney Williams,pts,Under,15.5,newunder,WIN,1.893,0.0,steady,0.89,,0.89
2026-07-11,Emily Engstler,pts,Under,8.5,newunder,LOSS,1.952,,n/a,-1.0,,-1.0
2026-07-11,Jackie Young,pts,Over,16.5,flip_paper,LOSS,1.8,0.04,short,-1.0,,-1.0
2026-07-11,Jonquel Jones,pra,Over,26.5,overshoot,WIN,1.8,0.0,steady,0.8,,0.8
2026-07-11,Kahleah Copper,pa,Over,22.5,overshoot,LOSS,1.893,0.0,steady,-1.0,,-1.0
2026-07-11,Kayla McBride,pts,Over,14.5,flip,WIN,1.77,0.001,steady,0.77,,0.77
2026-07-11,Megan Gustafson,pr,Over,15.5,overshoot,WIN,1.73,,n/a,0.73,,0.73
2026-07-11,Natasha Howard,pra,Over,26.5,cascade,WIN,1.75,0.0,steady,0.75,,0.75
2026-07-11,Natasha Howard,pts,Over,15.5,flip_paper,WIN,1.76,,n/a,0.76,,0.76
2026-07-11,Nia Coffey,pra,Over,14.5,cascade,LOSS,1.75,0.0,steady,-1.0,,-1.0
2026-07-11,Olivia Miles,pa,Over,22.5,overshoot,WIN,1.73,0.0,steady,0.73,,0.73
2026-07-11,Rhyne Howard,pts,Over,18.5,flip_paper,LOSS,1.893,,n/a,-1.0,,-1.0
2026-07-12,Alicia Florez,pra,Over,9.5,cascade,WIN,1.75,0.0,steady,0.75,,0.75
2026-07-12,Aliyah Boston,pr,Over,25.5,overshoot,WIN,1.91,0.042,short,0.91,,0.91
2026-07-12,Azura Stevens,pts,Under,12.5,newunder,LOSS,1.67,-0.097,drift,-1.0,0.85,
2026-07-12,Azzi Fudd,pts,Under,14.5,newunder,LOSS,1.83,-0.037,drift,-1.0,0.8,
2026-07-12,Breanna Stewart,pts,Under,20.5,newunder,LOSS,1.8,0.029,short,-1.0,,-1.0
2026-07-12,Chelsea Gray,pts,Under,11.5,newunder,WIN,1.95,0.0,steady,0.95,,0.95
2026-07-12,Cotie McMahon,pra,Over,11.5,cascade,LOSS,1.75,0.0,steady,-1.0,,-1.0
2026-07-12,Dominique Malonga,pts,Under,16.5,model,WIN,1.95,0.0,steady,0.95,,0.95
2026-07-12,Isabelle Harrison,pts,Under,13.5,newunder,WIN,1.91,0.0,steady,0.91,,0.91
2026-07-12,Jackie Young,pts,Over,16.5,flip_paper,LOSS,1.8,,n/a,-1.0,,-1.0
2026-07-12,Jessica Shepard,pts,Under,15.5,newunder,LOSS,1.83,-0.011,drift,-1.0,0.85,
2026-07-12,Jonquel Jones,pts,Over,15.5,flip,LOSS,1.952,0.0,steady,-1.0,,-1.0
2026-07-12,Kelsey Mitchell,pra,Over,26.5,overshoot,WIN,1.833,0.0,steady,0.83,,0.83
2026-07-12,Kiki Iriafen,pra,Over,25.5,hotover,WIN,1.91,0.042,short,0.91,,0.91
2026-07-12,Maria Conde,pts,Under,10.5,newunder,LOSS,1.86,-0.046,drift,-1.0,0.75,
2026-07-12,Michaela Onyenwere,pra,Over,11.5,cascade,LOSS,1.75,0.0,steady,-1.0,,-1.0
2026-07-12,Natisha Hiedeman,pra,Over,19.5,overshoot,WIN,2.0,0.091,short,1.0,,1.0
2026-07-12,Paige Bueckers,pts,Over,21.5,flip_paper,WIN,1.86,,n/a,0.86,,0.86
2026-07-12,Shakira Austin,pra,Over,22.5,cascade,WIN,1.75,0.0,steady,0.75,,0.75
2026-07-12,Shakira Austin,pts,Under,12.5,newunder,LOSS,1.91,-0.021,drift,-1.0,0.75,
2026-07-12,Sonia Citron,pts,Under,17.5,newunder,LOSS,2.0,0.0,steady,-1.0,,-1.0
2026-07-13,Allisha Gray,pts,Under,20.5,newunder,WIN,2.0,0.081,short,1.0,,1.0
2026-07-13,Angel Reese,pts,Under,15.5,newunder,LOSS,1.833,0.0,steady,-1.0,,-1.0
2026-07-13,Ariel Atkins,pra,Over,12.5,cascade,WIN,1.75,0.0,steady,0.75,,0.75
2026-07-13,Courtney Williams,pts,Under,16.5,newunder,WIN,1.8,0.0,steady,0.8,,0.8
2026-07-13,Dearica Hamby,pra,Over,22.5,cascade,LOSS,1.75,0.0,steady,-1.0,,-1.0
2026-07-13,Dearica Hamby,pts,Under,16.5,newunder,WIN,1.909,0.103,short,0.91,,0.91
2026-07-13,Erica Wheeler,pra,Over,11.5,cascade,WIN,1.75,0.0,steady,0.75,,0.75
2026-07-13,Jordin Canada,pts,Under,11.5,newunder,LOSS,1.8,0.0,steady,-1.0,,-1.0
2026-07-13,Kahleah Copper,pts,Over,19.5,flip,WIN,1.8,-0.037,drift,0.8,,
2026-07-13,Kayla McBride,pts,Over,15.5,flip_paper,WIN,1.8,0.017,short,0.8,,0.8
2026-07-13,Monique Akoa Makani,pts,Under,9.5,model,LOSS,1.83,-0.011,drift,-1.0,0.85,
2026-07-13,Natasha Howard,pts,Over,15.5,flip_paper,LOSS,1.73,,n/a,-1.0,,-1.0
2026-07-13,Nneka Ogwumike,pts,Under,18.5,newunder,LOSS,1.87,0.0,steady,-1.0,,-1.0
2026-07-13,Olivia Miles,pa,Over,23.5,overshoot,WIN,1.73,,n/a,0.73,,0.73
2026-07-13,Rae Burrell,pra,Over,21.5,cascade,WIN,1.75,0.0,steady,0.75,,0.75
2026-07-13,Rae Burrell,pts,Over,14.5,flip_paper,WIN,1.87,0.02,short,0.87,,0.87
2026-07-13,Rhyne Howard,pts,Under,19.5,newunder,WIN,1.73,-0.07,drift,0.73,,
2026-07-14,Charlisse Leger-Walker,pra,Over,14.5,cascade,WIN,1.75,0.0,steady,0.75,,0.75
2026-07-14,Diamond Miller,pra,Over,12.5,cascade,WIN,1.75,0.0,steady,0.75,,0.75
2026-07-14,Isabelle Harrison,pts,Under,13.5,newunder,WIN,1.83,-0.021,drift,0.83,-1.0,
2026-07-14,Leila Lacan,pra,Over,18.5,cascade,LOSS,1.75,0.0,steady,-1.0,,-1.0
2026-07-14,Maria Conde,pts,Over,9.5,flip_paper,LOSS,1.714,-0.003,steady,-1.0,,-1.0
2026-07-14,Megan Gustafson,pts,Over,12.5,flip_paper,WIN,2.0,0.053,short,1.0,,1.0
2026-07-14,Olivia Nelson-Ododa,pts,Under,11.5,newunder,LOSS,1.91,0.005,steady,-1.0,,-1.0
2026-07-14,Shakira Austin,pts,Under,13.5,newunder,LOSS,1.92,0.027,short,-1.0,,-1.0
2026-07-14,Sonia Citron,pts,Under,17.5,newunder,WIN,1.89,-0.032,drift,0.89,,
2026-07-15,Aliyah Boston,pr,Over,24.5,overshoot,LOSS,1.91,0.0,steady,-1.0,,-1.0
2026-07-15,Ariel Atkins,pra,Over,12.5,cascade,WIN,1.75,0.0,steady,0.75,,0.75
2026-07-15,Azura Stevens,pts,Under,12.5,newunder,LOSS,1.87,0.0,steady,-1.0,,-1.0
2026-07-15,Caitlin Clark,pa,Over,21.5,flip,LOSS,1.8,,n/a,-1.0,,-1.0
2026-07-15,Courtney Williams,pts,Under,15.5,newunder,LOSS,1.83,-0.037,drift,-1.0,0.8,
2026-07-15,Dearica Hamby,pra,Over,22.5,cascade,LOSS,1.75,0.0,steady,-1.0,,-1.0
2026-07-15,Dearica Hamby,pts,Under,15.5,newunder,WIN,1.73,0.0,steady,0.73,,0.73
2026-07-15,Dominique Malonga,pts,Under,15.5,model,LOSS,1.833,,n/a,-1.0,,-1.0
2026-07-15,Erica Wheeler,pra,Over,12.5,cascade,WIN,1.75,0.0,steady,0.75,,0.75
2026-07-15,Kayla McBride,pra,Over,23.5,hotover,WIN,1.73,-0.039,drift,0.73,-1.0,
2026-07-15,Kelsey Mitchell,pr,Over,22.5,overshoot,LOSS,1.833,-0.061,drift,-1.0,0.8,
2026-07-15,Natasha Howard,pts,Under,15.5,newunder,WIN,1.952,0.022,short,0.95,,0.95
2026-07-15,Natisha Hiedeman,pr,Over,18.5,overshoot,LOSS,1.769,-0.073,drift,-1.0,0.833,
2026-07-15,Nneka Ogwumike,pts,Under,17.5,newunder,LOSS,1.833,0.018,short,-1.0,,-1.0
2026-07-15,Olivia Miles,pts,Over,19.5,flip_paper,LOSS,1.87,-0.02,drift,-1.0,,
2026-07-15,Rae Burrell,pra,Over,22.5,cascade,WIN,1.75,0.0,steady,0.75,,0.75
2026-07-15,Rae Burrell,pts,Over,14.5,flip_paper,WIN,1.93,0.072,short,0.93,,0.93
2026-07-15,Sydney Taylor,pts,Under,15.5,newunder,LOSS,1.87,0.039,short,-1.0,,-1.0
2026-07-16,Carla Leite,pts,Under,15.5,newunder,WIN,1.87,0.0,steady,0.87,,0.87
2026-07-16,Emily Engstler,pra,Over,18.5,hotover,LOSS,1.83,-0.021,drift,-1.0,0.87,
2026-07-16,Sonia Citron,pts,Under,18.5,newunder,WIN,1.8,0.0,steady,0.8,,0.8
2026-07-17,Allisha Gray,pts,Under,19.5,newunder,WIN,1.909,0.021,short,0.91,,0.91
2026-07-17,Angel Reese,pts,Under,16.5,newunder,LOSS,1.8,-0.037,drift,-1.0,0.87,
2026-07-17,Ariel Atkins,pra,Over,15.5,cascade,WIN,2.0,0.091,short,1.0,,1.0
2026-07-17,Azura Stevens,pts,Under,14.5,newunder,WIN,2.0,0.048,short,1.0,,1.0
2026-07-17,Brittney Griner,pr,Over,19.5,overshoot,LOSS,1.73,0.0,steady,-1.0,,-1.0
2026-07-17,Caitlin Clark,pa,Over,23.5,flip,WIN,1.83,0.0,steady,0.83,,0.83
2026-07-17,Charlisse Leger-Walker,pts,Under,8.5,newunder,WIN,1.87,0.02,short,0.87,,0.87
2026-07-17,Dearica Hamby,pra,Over,22.5,cascade,WIN,1.75,0.0,steady,0.75,,0.75
2026-07-17,Dearica Hamby,pts,Under,14.5,newunder,LOSS,1.83,-0.021,drift,-1.0,,
2026-07-17,Dominique Malonga,pts,Under,16.5,model,LOSS,1.909,0.032,short,-1.0,,-1.0
2026-07-17,Erica Wheeler,pra,Over,16.5,cascade,WIN,1.83,0.017,short,0.83,,0.83
2026-07-17,Erica Wheeler,pts,Under,9.5,newunder,LOSS,1.769,-0.073,drift,-1.0,0.833,
2026-07-17,Isabelle Harrison,pts,Under,12.5,newunder,WIN,1.833,0.018,short,0.83,,0.83
2026-07-17,Jade Melbourne,pra,Over,13.5,overshoot,WIN,1.67,-0.056,drift,0.67,-1.0,
2026-07-17,Jordin Canada,pts,Under,11.5,newunder,LOSS,1.909,0.0,steady,-1.0,,-1.0
2026-07-17,Kahleah Copper,pts,Over,19.5,flip,WIN,1.833,0.0,steady,0.83,,0.83
2026-07-17,Kamilla Cardoso,pts,Under,15.5,newunder,WIN,1.82,-0.068,drift,0.82,-1.0,
2026-07-17,Kelsey Mitchell,pts,Over,21.5,flip_paper,WIN,1.8,-0.016,drift,0.8,,
2026-07-17,Leila Lacan,pts,Under,12.5,newunder,LOSS,1.87,-0.02,drift,-1.0,0.833,
2026-07-17,Maria Conde,pra,Over,16.5,overshoot,WIN,2.0,0.0,steady,1.0,,1.0
2026-07-17,Natisha Hiedeman,pts,Over,17.5,flip_paper,LOSS,2.0,,n/a,-1.0,,-1.0
2026-07-17,Nneka Ogwumike,pa,Over,19.5,overshoot,WIN,1.8,0.04,short,0.8,,0.8
2026-07-17,Nyara Sabally,pts,Over,10.5,flip_paper,WIN,1.74,,n/a,0.74,,0.74
2026-07-17,Olivia Nelson-Ododa,pts,Under,11.5,newunder,WIN,1.909,0.0,steady,0.91,,0.91
2026-07-17,Rae Burrell,pra,Over,20.5,cascade,LOSS,2.0,0.07,short,-1.0,,-1.0
2026-07-17,Rae Burrell,pts,Over,14.5,flip_paper,LOSS,1.73,-0.039,drift,-1.0,0.952,
2026-07-17,Rhyne Howard,pts,Under,19.5,newunder,WIN,1.833,0.018,short,0.83,,0.83
2026-07-17,Sydney Taylor,pts,Under,15.5,newunder,LOSS,2.0,0.0,steady,-1.0,,-1.0
2026-07-18,Aliyah Boston,pr,Over,25.5,overshoot,LOSS,1.83,0.058,short,-1.0,,-1.0
2026-07-18,Antonia Delaere,pra,Over,2.5,cascade,WIN,1.75,0.0,steady,0.75,,0.75
2026-07-18,Breanna Stewart,pts,Under,19.5,newunder,LOSS,1.909,0.021,short,-1.0,,-1.0
2026-07-18,Courtney Williams,pra,Over,23.5,cascade,WIN,1.75,0.0,steady,0.75,,0.75
2026-07-18,Courtney Williams,pts,Under,15.5,starout,WIN,1.96,0.043,short,0.96,,0.96
2026-07-18,Emily Engstler,pra,Over,18.5,hotover,WIN,1.83,-0.042,drift,0.83,-1.0,
2026-07-18,Gabby Williams,pa,Under,15.5,model,LOSS,1.952,0.0,steady,-1.0,,-1.0
2026-07-18,Jonquel Jones,pra,Over,24.5,overshoot,LOSS,1.73,-0.056,drift,-1.0,,
2026-07-18,Kayla McBride,pra,Over,24.5,hotover,WIN,1.91,0.001,steady,0.91,,0.91
2026-07-18,Kelsey Mitchell,pr,Over,25.5,overshoot,WIN,1.8,0.0,steady,0.8,,0.8
2026-07-18,Kiki Iriafen,pra,Over,24.5,hotover,LOSS,1.91,0.0,steady,-1.0,,-1.0
2026-07-18,Natasha Howard,pra,Over,26.5,cascade,LOSS,1.75,-0.028,drift,-1.0,1.0,
2026-07-18,Natasha Howard,pts,Under,14.5,starout,LOSS,1.95,0.0,steady,-1.0,,-1.0
2026-07-18,Nia Coffey,pra,Over,14.5,cascade,LOSS,1.75,0.0,steady,-1.0,,-1.0
2026-07-18,Olivia Miles,pts,Over,17.5,flip_paper,LOSS,1.95,0.0,steady,-1.0,,-1.0
2026-07-18,Shakira Austin,pra,Over,25.5,hotover,WIN,2.0,,n/a,1.0,,1.0
2026-07-18,Sonia Citron,pr,Over,18.5,flip,LOSS,1.83,-0.041,drift,-1.0,0.833,
2026-07-19,Allisha Gray,pts,Under,18.5,newunder,LOSS,2.0,0.031,short,-1.0,,-1.0
2026-07-19,Alyssa Thomas,pts,Under,14.5,newunder,WIN,1.83,0.058,short,0.83,,0.83
2026-07-19,Angel Reese,pts,Under,16.5,newunder,WIN,1.91,-0.021,drift,0.91,-1.0,
2026-07-19,Ariel Atkins,pra,Over,15.5,cascade,LOSS,1.75,0.0,steady,-1.0,,-1.0
2026-07-19,Azura Stevens,pts,Under,11.5,newunder,LOSS,1.91,0.005,steady,-1.0,,-1.0
2026-07-19,Azzi Fudd,pts,Under,14.5,newunder,WIN,1.769,-0.079,drift,0.77,-1.0,
2026-07-19,Charlisse Leger-Walker,pts,Under,8.5,newunder,WIN,1.75,0.0,steady,0.75,,0.75
2026-07-19,Dearica Hamby,pra,Over,22.5,cascade,WIN,1.75,0.0,steady,0.75,,0.75
2026-07-19,Dearica Hamby,pts,Under,15.5,newunder,LOSS,1.73,-0.07,drift,-1.0,0.95,
2026-07-19,Erica Wheeler,pra,Over,19.5,cascade,WIN,1.75,0.0,steady,0.75,,0.75
2026-07-19,Jessica Shepard,pra,Over,32.5,hotover,LOSS,1.8,-0.018,drift,-1.0,1.05,
2026-07-19,Jordin Canada,pts,Under,12.5,newunder,WIN,1.8,0.029,short,0.8,,0.8
2026-07-19,Kahleah Copper,pr,Over,24.5,flip,LOSS,1.73,-0.056,drift,-1.0,0.909,
2026-07-19,Kamilla Cardoso,pra,Over,23.5,overshoot,LOSS,1.8,0.0,steady,-1.0,,-1.0
2026-07-19,Leila Lacan,pts,Under,14.5,newunder,WIN,1.73,0.0,steady,0.73,,0.73
2026-07-19,Nneka Ogwumike,pts,Over,17.5,flip,LOSS,1.8,-0.027,drift,-1.0,0.85,
2026-07-19,Paige Bueckers,pts,Over,21.5,flip_paper,WIN,1.833,-0.02,drift,0.83,,
2026-07-19,Rae Burrell,pra,Over,20.5,cascade,LOSS,1.8,-0.037,drift,-1.0,0.87,
2026-07-19,Rae Burrell,pts,Over,15.5,flip_paper,LOSS,2.0,0.01,steady,-1.0,,-1.0
2026-07-19,Rhyne Howard,pts,Under,18.5,newunder,WIN,1.8,-0.032,drift,0.8,,
2026-07-20,Arike Ogunbowale,pra,Over,13.5,cascade,WIN,1.75,0.0,steady,0.75,,0.75
2026-07-20,Azzi Fudd,pra,Over,18.5,cascade,LOSS,1.75,0.0,steady,-1.0,,-1.0
2026-07-20,Azzi Fudd,pts,Under,17.5,starout,WIN,1.86,0.033,short,0.86,,0.86
2026-07-20,Breanna Stewart,pts,Under,20.5,newunder,LOSS,2.0,0.026,short,-1.0,,-1.0
2026-07-20,Chelsea Gray,pts,Under,11.5,newunder,LOSS,1.93,0.005,steady,-1.0,,-1.0
2026-07-20,Courtney Williams,pts,Under,15.5,newunder,LOSS,2.0,0.0,steady,-1.0,,-1.0
2026-07-20,Gabby Williams,pa,Under,15.5,model,WIN,2.0,0.0,steady,1.0,,1.0
2026-07-20,Isabelle Harrison,pts,Over,10.5,flip_paper,WIN,1.74,0.0,steady,0.74,,0.74
2026-07-20,Jackie Young,pts,Over,16.5,flip_paper,WIN,1.87,-0.026,drift,0.87,,
2026-07-20,Jade Melbourne,pa,Over,11.5,overshoot,LOSS,1.909,,n/a,-1.0,,-1.0
2026-07-20,Jessica Shepard,pts,Under,16.5,starout,WIN,1.85,0.028,short,0.85,,0.85
2026-07-20,Jonquel Jones,pr,Over,23.5,flip,WIN,1.952,0.0,steady,0.95,,0.95
2026-07-20,Kayla McBride,pts,Over,18.5,flip,WIN,1.83,-0.076,drift,0.83,-1.0,
2026-07-20,Natasha Howard,pts,Under,16.5,newunder,WIN,2.0,0.156,short,1.0,,1.0
2026-07-20,Natisha Hiedeman,pts,Under,15.5,newunder,WIN,1.8,0.018,short,0.8,,0.8
2026-07-20,Odyssey Sims,pra,Over,5.5,cascade,WIN,1.75,0.0,steady,0.75,,0.75
2026-07-20,Olivia Miles,pra,Over,27.5,overshoot,WIN,1.87,,n/a,0.87,,0.87
2026-07-20,Shakira Austin,pr,Over,22.5,overshoot,WIN,1.73,0.0,steady,0.73,,0.73
2026-07-20,Sonia Citron,pr,Over,17.5,flip,WIN,2.0,0.048,short,1.0,,1.0
2026-07-22,Aliyah Boston,pr,Over,21.5,overshoot,WIN,1.73,0.0,steady,0.73,,0.73
2026-07-22,Aneesah Morrow,pra,Over,22.5,cascade,LOSS,1.75,,n/a,-1.0,,-1.0
2026-07-22,Ariel Atkins,pra,Over,15.5,cascade,WIN,1.75,0.0,steady,0.75,,0.75
2026-07-22,Azura Stevens,pts,Under,11.5,newunder,WIN,1.96,0.016,short,0.96,,0.96
2026-07-22,Azzi Fudd,pra,Over,17.5,cascade,LOSS,1.75,0.0,steady,-1.0,,-1.0
2026-07-22,Azzi Fudd,pts,Under,15.5,newunder,WIN,1.91,0.032,short,0.91,,0.91
2026-07-22,Breanna Stewart,pra,Over,33.5,hotover,LOSS,1.87,0.0,steady,-1.0,,-1.0
2026-07-22,Bridget Carleton,pts,Under,13.5,newunder,LOSS,1.87,0.039,short,-1.0,,-1.0
2026-07-22,Carla Leite,pts,Over,14.5,flip_paper,LOSS,1.952,0.011,short,-1.0,,-1.0
2026-07-22,Charlisse Leger-Walker,pra,Over,14.5,cascade,LOSS,1.75,,n/a,-1.0,,-1.0
2026-07-22,Courtney Williams,pts,Under,15.5,newunder,WIN,1.95,0.114,short,0.95,,0.95
2026-07-22,Dearica Hamby,pra,Over,24.5,cascade,WIN,1.91,0.044,short,0.91,,0.91
2026-07-22,Dearica Hamby,pts,Over,14.5,flip_paper,WIN,1.952,0.065,short,0.95,,0.95
2026-07-22,Dewanna Bonner,pr,Over,14.5,overshoot,WIN,1.73,-0.039,drift,0.73,-1.0,
2026-07-22,Diamond Miller,pra,Over,13.5,cascade,WIN,1.75,,n/a,0.75,,0.75
2026-07-22,Erica Wheeler,pra,Over,21.5,cascade,LOSS,1.75,0.0,steady,-1.0,,-1.0
2026-07-22,Flau'Jae Johnson,pa,Over,16.5,overshoot,WIN,1.73,0.0,steady,0.73,,0.73
2026-07-22,Jackie Young,pra,Over,27.5,flip,WIN,1.83,-0.085,drift,0.83,-1.0,
2026-07-22,Jade Melbourne,pts,Over,7.5,flip_paper,LOSS,1.86,0.033,short,-1.0,,-1.0
2026-07-22,Jessica Shepard,pra,Over,32.5,cascade,WIN,1.75,,n/a,0.75,,0.75
2026-07-22,Jessica Shepard,pts,Under,15.5,newunder,LOSS,1.833,-0.06,drift,-1.0,0.75,
2026-07-22,Jonquel Jones,pr,Over,23.5,flip,WIN,1.909,,n/a,0.91,,0.91
2026-07-22,Kahleah Copper,pts,Over,20.5,overshoot,WIN,1.909,0.021,short,0.91,,0.91
2026-07-22,Kamilla Cardoso,pra,Over,22.5,overshoot,LOSS,1.8,0.0,steady,-1.0,,-1.0
2026-07-22,Kayla McBride,pts,Over,19.5,flip_paper,WIN,1.95,0.043,short,0.95,,0.95
2026-07-22,Kelsey Mitchell,pts,Over,21.5,overshoot,WIN,1.8,0.0,steady,0.8,,0.8
2026-07-22,Kiki Iriafen,pts,Under,13.5,model,WIN,1.95,0.0,steady,0.95,,0.95
2026-07-22,Natasha Cloud,pts,Under,10.5,newunder,WIN,1.9,-0.026,drift,0.9,,
2026-07-22,Natasha Howard,pts,Over,12.5,flip_paper,LOSS,1.82,,n/a,-1.0,,-1.0
2026-07-22,Natisha Hiedeman,pts,Under,14.5,newunder,WIN,1.84,-0.005,steady,0.84,,0.84
2026-07-22,Nneka Ogwumike,pa,Over,20.5,overshoot,LOSS,1.91,0.0,steady,-1.0,,-1.0
2026-07-22,Odyssey Sims,pra,Over,7.5,cascade,LOSS,1.75,0.0,steady,-1.0,,-1.0
2026-07-22,Olivia Miles,pts,Over,17.5,flip_paper,LOSS,1.97,0.077,short,-1.0,,-1.0
2026-07-22,Olivia Nelson-Ododa,pr,Over,16.5,overshoot,LOSS,1.8,,n/a,-1.0,,-1.0
2026-07-22,Olivia Nelson-Ododa,pra,Over,21.5,cascade,LOSS,1.75,,n/a,-1.0,,-1.0
2026-07-22,Paige Bueckers,pts,Over,20.5,flip,WIN,1.9,,n/a,0.9,,0.9
2026-07-22,Rae Burrell,pra,Over,22.5,cascade,WIN,1.75,0.0,steady,0.75,,0.75
2026-07-22,Rae Burrell,pts,Over,14.5,flip_paper,WIN,1.87,0.0,steady,0.87,,0.87
2026-07-22,Sabrina Ionescu,pts,Under,17.5,newunder,LOSS,1.83,0.046,short,-1.0,,-1.0
2026-07-22,Shakira Austin,pra,Over,27.5,overshoot,WIN,2.0,0.0,steady,1.0,,1.0
2026-07-22,Sonia Citron,pra,Over,21.5,flip,WIN,2.0,0.0,steady,1.0,,1.0
2026-07-22,Sydney Taylor,pts,Under,16.5,newunder,LOSS,1.79,-0.048,drift,-1.0,,
2026-07-28,Aneesah Morrow,pts,Under,9.5,model,LOSS,2.0,0.026,short,-1.0,,-1.0
2026-07-28,Ariel Atkins,pra,Over,15.5,cascade,WIN,1.75,0.0,steady,0.75,,0.75
2026-07-28,Bridget Carleton,pts,Under,12.5,newunder,LOSS,1.87,0.011,short,-1.0,,-1.0
2026-07-28,Carla Leite,pts,Under,15.5,newunder,WIN,1.909,0.032,short,0.91,,0.91
2026-07-28,Charlisse Leger-Walker,pra,Over,14.5,cascade,LOSS,1.75,0.0,steady,-1.0,,-1.0
2026-07-28,Dearica Hamby,pa,Over,16.5,overshoot,LOSS,1.73,,n/a,-1.0,,-1.0
2026-07-28,Dearica Hamby,pra,Over,24.5,cascade,LOSS,1.75,-0.064,drift,-1.0,0.87,
2026-07-28,Diamond Miller,pra,Over,13.5,cascade,WIN,1.75,0.0,steady,0.75,,0.75
2026-07-28,Erica Wheeler,pra,Over,19.5,cascade,WIN,1.75,0.0,steady,0.75,,0.75
2026-07-28,Flau'Jae Johnson,pra,Over,22.5,overshoot,LOSS,1.83,-0.021,drift,-1.0,0.87,
2026-07-28,Kayla Mcbride,pts,Over,17.5,overshoot,WIN,1.8,0.0,steady,0.8,,0.8
2026-07-28,Leila Lacan,pts,Under,11.5,newunder,WIN,2.07,0.0,steady,1.07,,1.07
2026-07-28,Megan DiLeo,pts,Under,13.5,newunder,LOSS,1.85,0.0,steady,-1.0,,-1.0
2026-07-28,Natisha Hiedeman,pts,Under,15.5,newunder,LOSS,1.769,0.059,short,-1.0,,-1.0
2026-07-28,Olivia Nelson-Ododa,pra,Over,21.5,cascade,WIN,1.75,0.0,steady,0.75,,0.75
2026-07-28,Olivia Nelson-Ododa,pts,Under,11.5,newunder,LOSS,1.83,-0.011,drift,-1.0,0.85,
2026-07-28,Rae Burrell,pra,Over,22.5,cascade,WIN,1.75,0.0,steady,0.75,,0.75
2026-07-28,Rae Burrell,pts,Over,14.5,flip_paper,WIN,1.8,0.0,steady,0.8,,0.8
2026-07-28,Sabrina Ionescu,pts,Under,18.5,newunder,LOSS,1.8,-0.122,drift,-1.0,0.68,
2026-07-28,Shakira Austin,pra,Over,27.5,overshoot,LOSS,1.8,0.0,steady,-1.0,,-1.0
2026-07-29,Alyssa Thomas,pts,Over,13.5,flip_paper,WIN,1.769,0.0,steady,0.77,,0.77
2026-07-29,Azzi Fudd,pts,Under,13.5,newunder,LOSS,1.833,0.0,steady,-1.0,,-1.0
2026-07-29,Dewanna Bonner,pr,Over,15.5,overshoot,WIN,2.0,0.0,steady,1.0,,1.0
2026-07-29,Jordin Canada,pts,Under,11.5,newunder,WIN,1.87,0.0,steady,0.87,,0.87
2026-07-29,Monique Akoa Makani,pts,Under,9.5,newunder,WIN,1.833,-0.093,drift,0.83,-1.0,
2026-07-30,Aneesah Morrow,pra,Over,22.5,cascade,WIN,1.75,0.0,steady,0.75,,0.75
2026-07-30,Breanna Stewart,pts,Over,20.5,overshoot,WIN,1.73,-0.065,drift,0.73,-1.0,
2026-07-30,Chelsea Gray,pts,Over,11.5,flip_paper,WIN,1.8,0.0,steady,0.8,,0.8
2026-07-30,Courtney Williams,pts,Under,11.5,model,LOSS,1.769,0.023,short,-1.0,,-1.0
2026-07-30,Diamond Miller,pra,Over,13.5,cascade,WIN,1.75,0.0,steady,0.75,,0.75
2026-07-30,Jonquel Jones,pts,Under,13.5,newunder,WIN,1.85,-0.011,drift,0.85,-1.0,
2026-07-30,Kamilla Cardoso,pts,Under,13.5,newunder,LOSS,1.91,-0.045,drift,-1.0,,
2026-07-30,Kayla McBride,pts,Over,17.5,flip_paper,LOSS,1.83,0.0,steady,-1.0,,-1.0
2026-07-30,Leila Lacan,pts,Under,12.5,newunder,WIN,1.83,0.017,short,0.83,,0.83
2026-07-30,Marina Mabrey,pr,Over,24.5,overshoot,LOSS,1.73,-0.039,drift,-1.0,0.952,
2026-07-30,Natasha Cloud,pts,Under,11.5,newunder,WIN,1.769,-0.079,drift,0.77,-1.0,
2026-07-30,Natasha Howard,pra,Under,22.5,model,WIN,1.91,0.0,steady,0.91,,0.91
2026-07-30,Olivia Miles,pts,Over,17.5,overshoot,LOSS,1.73,-0.022,drift,-1.0,,
2026-07-30,Olivia Nelson-Ododa,pra,Over,21.5,cascade,WIN,1.75,0.0,steady,0.75,,0.75
2026-07-30,Olivia Nelson-Ododa,pts,Under,11.5,newunder,LOSS,1.83,-0.021,drift,-1.0,0.87,
2026-07-30,Sabrina Ionescu,pts,Over,18.5,flip_paper,LOSS,1.78,-0.011,drift,-1.0,0.95,
2026-07-30,Saniya Rivers,pra,Over,8.5,cascade,WIN,1.75,0.0,steady,0.75,,0.75
2026-07-30,Sydney Taylor,pts,Under,17.5,newunder,WIN,2.0,0.048,short,1.0,,1.0
2026-07-31,Alanna Smith,pra,Over,6.5,cascade,WIN,1.75,0.0,steady,0.75,,0.75
2026-07-31,Allisha Gray,pts,Under,19.5,newunder,WIN,1.87,-0.041,drift,0.87,-1.0,
2026-07-31,Angel Reese,ra,Under,14.5,model,LOSS,1.8,0.0,steady,-1.0,,-1.0
2026-07-31,Arike Ogunbowale,pts,Over,14.5,overshoot,WIN,1.73,-0.022,drift,0.73,-1.0,
2026-07-31,Azzi Fudd,pts,Under,12.5,newunder,WIN,1.8,-0.018,drift,0.8,-1.0,
2026-07-31,Bridget Carleton,pts,Under,13.5,newunder,LOSS,1.77,,n/a,-1.0,,-1.0
2026-07-31,Carla Leite,pts,Under,15.5,newunder,LOSS,1.79,-0.011,drift,-1.0,0.78,
2026-07-31,Flau'Jae Johnson,pa,Over,16.5,overshoot,LOSS,1.73,0.0,steady,-1.0,,-1.0
2026-07-31,Jessica Shepard,pr,Over,26.5,flip,LOSS,2.0,0.0,steady,-1.0,,-1.0
2026-07-31,Jordin Canada,pts,Under,10.5,newunder,WIN,1.8,-0.022,drift,0.8,,
2026-07-31,Kelsey Mitchell,pts,Over,22.5,overshoot,WIN,2.0,0.048,short,1.0,,1.0
2026-07-31,Megan DiLeo,pts,Over,13.5,flip_paper,LOSS,1.8,0.029,short,-1.0,,-1.0
2026-07-31,Paige Bueckers,pts,Over,19.5,overshoot,WIN,1.73,-0.022,drift,0.73,-1.0,
2026-07-31,Shakira Austin,pr,Over,24.5,overshoot,WIN,1.73,0.0,steady,0.73,,0.73
2026-07-31,Sonia Citron,pa,Under,19.5,model,LOSS,1.91,-0.045,drift,-1.0,,
2026-08-01,Alyssa Thomas,pra,Over,31.5,hotover,LOSS,1.83,-0.002,steady,-1.0,,-1.0
2026-08-01,Breanna Stewart,pr,Over,30.5,overshoot,LOSS,1.8,0.0,steady,-1.0,,-1.0
2026-08-01,Chelsea Gray,pts,Over,12.5,flip_paper,LOSS,1.83,-0.062,drift,-1.0,0.76,
2026-08-01,Jonquel Jones,pts,Under,13.5,newunder,LOSS,2.0,0.111,short,-1.0,,-1.0
2026-08-01,Kahleah Copper,pts,Under,21.5,newunder,LOSS,1.82,-0.005,steady,-1.0,,-1.0
2026-08-01,Kamilla Cardoso,pts,Under,13.5,newunder,WIN,1.8,-0.037,drift,0.8,,
2026-08-01,Monique Akoa Makani,pts,Under,8.5,newunder,WIN,2.0,,n/a,1.0,,1.0
2026-08-01,Natasha Cloud,pts,Over,8.5,flip_paper,WIN,1.78,0.0,steady,0.78,,0.78
2026-08-01,Sabrina Ionescu,pts,Over,19.5,flip_paper,WIN,1.73,0.006,steady,0.73,,0.73
2026-08-01,Sydney Taylor,pts,Under,16.5,newunder,LOSS,1.8,-0.032,drift,-1.0,0.86,
2026-08-02,Ariel Atkins,pra,Over,15.5,cascade,WIN,1.8,0.018,short,0.8,,0.8
2026-08-02,Ariel Atkins,pts,Under,11.5,newunder,LOSS,1.95,0.054,short,-1.0,,-1.0
2026-08-02,Arike Ogunbowale,pts,Over,15.5,flip_paper,LOSS,1.909,-0.001,steady,-1.0,,-1.0
2026-08-02,Azzi Fudd,pts,Under,12.5,newunder,WIN,2.0,0.0,steady,1.0,,1.0
2026-08-02,Bridget Carleton,pra,Over,19.5,hotover,WIN,1.83,-0.021,drift,0.83,-1.0,
2026-08-02,Carla Leite,pts,Under,15.5,newunder,LOSS,1.8,-0.078,drift,-1.0,,
2026-08-02,Charlisse Leger-Walker,pra,Over,13.5,cascade,LOSS,1.75,0.0,steady,-1.0,,-1.0
2026-08-02,Courtney Williams,pra,Over,20.5,flip,WIN,1.769,0.0,steady,0.77,,0.77
2026-08-02,Dearica Hamby,pra,Over,23.5,cascade,WIN,1.75,0.0,steady,0.75,,0.75
2026-08-02,Dearica Hamby,pts,Over,14.5,flip_paper,WIN,1.833,0.0,steady,0.83,,0.83
2026-08-02,Diamond Miller,pra,Over,14.5,cascade,WIN,1.75,0.0,steady,0.75,,0.75
2026-08-02,Diamond Miller,pts,Over,8.5,overshoot,WIN,1.769,0.0,steady,0.77,,0.77
2026-08-02,Erica Wheeler,pra,Over,18.5,cascade,WIN,1.91,-0.045,drift,0.91,-1.0,
2026-08-02,Isabelle Harrison,pra,Over,18.5,cascade,LOSS,1.75,0.0,steady,-1.0,,-1.0
2026-08-02,Isabelle Harrison,pts,Under,12.5,newunder,WIN,1.85,0.0,steady,0.85,,0.85
2026-08-02,Janelle Salaun,pts,Under,12.5,newunder,LOSS,1.68,0.0,steady,-1.0,,-1.0
2026-08-02,Jessica Shepard,pra,Over,31.5,overshoot,LOSS,1.83,0.058,short,-1.0,,-1.0
2026-08-02,Julie Allemand,pa,Over,12.5,flip,WIN,1.91,0.001,steady,0.91,,0.91
2026-08-02,Kayla McBride,pts,Over,17.5,flip_paper,LOSS,1.909,0.026,short,-1.0,,-1.0
2026-08-02,Kelsey Mitchell,pts,Over,22.5,flip_paper,WIN,1.94,0.058,short,0.94,,0.94
2026-08-02,Kiki Rice,pra,Over,22.5,cascade,WIN,1.75,0.0,steady,0.75,,0.75
2026-08-02,Laura Juskaite,pra,Over,12.5,cascade,WIN,1.75,0.0,steady,0.75,,0.75
2026-08-02,Maria Conde,pra,Over,20.5,cascade,LOSS,1.75,0.0,steady,-1.0,,-1.0
2026-08-02,Natasha Howard,pra,Under,21.5,model,LOSS,1.83,-0.021,drift,-1.0,0.87,
2026-08-02,Nneka Ogwumike,pra,Over,27.5,overshoot,WIN,1.73,-0.039,drift,0.73,,
2026-08-02,Nneka Ogwumike,pts,Over,16.5,flip_paper,WIN,1.87,0.0,steady,0.87,,0.87
2026-08-02,Nyara Sabally,pts,Over,10.5,flip_paper,WIN,1.92,0.097,short,0.92,,0.92
2026-08-02,Olivia Miles,pts,Under,18.5,newunder,LOSS,1.833,-0.06,drift,-1.0,0.75,
2026-08-02,Olivia Nelson-Ododa,pra,Over,21.5,cascade,LOSS,1.75,0.0,steady,-1.0,,-1.0
2026-08-02,Olivia Nelson-Ododa,pts,Under,11.5,newunder,WIN,1.833,0.0,steady,0.83,,0.83
2026-08-02,Paige Bueckers,pts,Under,22.5,newunder,WIN,1.85,0.0,steady,0.85,,0.85
2026-08-02,Rae Burrell,pa,Over,16.5,overshoot,LOSS,1.73,-0.022,drift,-1.0,1.0,
2026-08-02,Veronica Burton,pra,Over,21.5,hotover,WIN,1.87,0.02,short,0.87,,0.87
2026-08-03,Alyssa Thomas,pts,Over,14.5,flip,WIN,1.73,0.0,steady,0.73,,0.73
2026-08-03,Angel Reese,pra,Over,28.5,overshoot,WIN,1.73,0.0,steady,0.73,,0.73
2026-08-03,Breanna Stewart,pra,Over,34.5,overshoot,WIN,1.87,0.0,steady,0.87,,0.87
2026-08-03,Chelsea Gray,pts,Over,12.5,flip_paper,WIN,1.86,0.005,steady,0.86,,0.86
2026-08-03,Dominique Malonga,pra,Over,24.5,overshoot,LOSS,1.83,-0.002,steady,-1.0,,-1.0
2026-08-03,Flau'Jae Johnson,pa,Over,16.5,overshoot,WIN,1.73,,n/a,0.73,,0.73
2026-08-03,Jackie Young,pts,Under,19.5,newunder,LOSS,1.87,0.0,steady,-1.0,,-1.0
2026-08-03,Jonquel Jones,pts,Under,13.5,newunder,LOSS,1.87,0.039,short,-1.0,,-1.0
2026-08-03,Jordin Canada,pts,Under,10.5,newunder,WIN,1.87,0.039,short,0.87,,0.87
2026-08-03,Kahleah Copper,pts,Under,22.5,newunder,LOSS,1.73,-0.022,drift,-1.0,,
2026-08-03,Kamilla Cardoso,pts,Under,14.5,newunder,LOSS,1.83,-0.021,drift,-1.0,,
2026-08-03,Kelsey Plum,pts,Over,14.5,overshoot,WIN,2.1,0.187,short,1.1,,1.1
2026-08-03,Natasha Cloud,pts,Under,10.5,newunder,LOSS,1.81,-0.104,drift,-1.0,0.7,
2026-08-03,Natisha Hiedeman,pra,Over,24.5,hotover,WIN,1.909,0.103,short,0.91,,0.91
2026-08-03,Rhyne Howard,pts,Under,16.5,newunder,LOSS,1.833,-0.04,drift,-1.0,0.8,
2026-08-03,Sabrina Ionescu,pr,Over,24.5,overshoot,LOSS,1.91,0.0,steady,-1.0,,-1.0
2026-08-03,Sydney Taylor,pts,Under,17.5,newunder,WIN,1.83,-0.041,drift,0.83,-1.0,
2026-08-04,Aneesah Morrow,pra,Over,22.5,cascade,LOSS,1.75,0.0,steady,-1.0,,-1.0
2026-08-04,Janelle Salaun,pts,Under,12.5,newunder,LOSS,1.95,0.0,steady,-1.0,,-1.0
2026-08-04,Julie Allemand,pra,Over,15.5,flip,WIN,2.0,0.0,steady,1.0,,1.0
2026-08-04,Kayla Thornton,pts,Under,8.5,newunder,LOSS,1.91,0.044,short,-1.0,,-1.0
2026-08-04,Kiki Rice,pra,Over,23.5,cascade,LOSS,1.75,0.0,steady,-1.0,,-1.0
2026-08-04,Laura Juskaite,pra,Over,17.5,cascade,LOSS,1.75,0.0,steady,-1.0,,-1.0
2026-08-04,Maria Conde,pra,Over,19.5,cascade,WIN,1.75,0.0,steady,0.75,,0.75
2026-08-04,Maria Conde,ra,Over,6.5,overshoot,WIN,2.1,0.05,short,1.1,,1.1
2026-08-04,Nyara Sabally,pra,Over,18.5,cascade,WIN,1.75,0.0,steady,0.75,,0.75
2026-08-04,Nyara Sabally,pts,Over,10.5,flip_paper,WIN,1.91,0.0,steady,0.91,,0.91
2026-08-05,Alyssa Thomas,pts,Over,14.5,flip_paper,WIN,2.0,0.025,short,1.0,,1.0
2026-08-05,Arike Ogunbowale,pts,Over,14.5,overshoot,WIN,2.0,0.025,short,1.0,,1.0
2026-08-05,Breanna Stewart,pr,Over,30.5,overshoot,WIN,1.8,,n/a,0.8,,0.8
2026-08-05,Courtney Vandersloot,pra,Over,15.5,cascade,WIN,1.75,0.0,steady,0.75,,0.75
2026-08-05,Erica Wheeler,pra,Over,18.5,overshoot,WIN,1.91,0.0,steady,0.91,,0.91
2026-08-05,Jonquel Jones,pts,Under,14.5,newunder,WIN,1.8,-0.018,drift,0.8,,
2026-08-05,Jordin Canada,pts,Under,10.5,newunder,LOSS,1.73,-0.022,drift,-1.0,,
2026-08-05,Kahleah Copper,pts,Under,20.5,newunder,WIN,2.0,0.0,steady,1.0,,1.0
2026-08-05,Kamilla Cardoso,pra,Over,25.5,cascade,LOSS,1.75,0.0,steady,-1.0,,-1.0
2026-08-05,Kamilla Cardoso,pts,Under,15.5,starout,WIN,1.73,-0.022,drift,0.73,,
2026-08-05,Natasha Cloud,pra,Over,19.5,cascade,WIN,1.75,0.0,steady,0.75,,0.75
2026-08-05,Natisha Hiedeman,pra,Over,25.5,hotover,LOSS,2.0,0.0,steady,-1.0,,-1.0
2026-08-05,Rae Burrell,pa,Over,18.5,overshoot,LOSS,2.0,0.0,steady,-1.0,,-1.0
2026-08-05,Rhyne Howard,pts,Under,16.5,newunder,LOSS,1.83,-0.021,drift,-1.0,,
2026-08-05,Sabrina Ionescu,pts,Over,19.5,flip_paper,LOSS,1.83,-0.021,drift,-1.0,,
2026-08-05,Shakira Austin,pr,Over,25.5,overshoot,WIN,1.8,0.0,steady,0.8,,0.8
2026-08-06,Aneesah Morrow,pra,Over,22.5,cascade,LOSS,1.75,0.0,steady,-1.0,,-1.0
2026-08-06,Kelsey Mitchell,pa,Over,25.5,overshoot,WIN,1.87,0.0,steady,0.87,,0.87
2026-08-06,Kiki Rice,pra,Over,23.5,cascade,LOSS,1.75,0.0,steady,-1.0,,-1.0
2026-08-06,Laura Juskaite,pra,Over,17.5,cascade,WIN,1.75,0.0,steady,0.75,,0.75
2026-08-06,Maria Conde,pra,Over,17.5,cascade,LOSS,1.833,0.0,steady,-1.0,,-1.0
2026-08-06,Nyara Sabally,pra,Over,18.5,cascade,WIN,1.75,0.0,steady,0.75,,0.75
2026-08-07,Aaliyah Edwards,pra,Over,11.5,cascade,WIN,1.75,0.0,steady,0.75,,0.75
2026-08-07,Angel Reese,pts,Over,15.5,overshoot,LOSS,1.909,0.0,steady,-1.0,,-1.0
2026-08-07,Arike Ogunbowale,pts,Over,14.5,overshoot,LOSS,1.833,0.0,steady,-1.0,,-1.0
2026-08-07,Brittney Griner,pr,Over,19.5,overshoot,LOSS,2.0,,n/a,-1.0,,-1.0
2026-08-07,Dewanna Bonner,pr,Over,16.5,overshoot,WIN,1.73,0.0,steady,0.73,,0.73
2026-08-07,Kahleah Copper,pts,Over,20.5,overshoot,LOSS,1.769,0.0,steady,-1.0,,-1.0
2026-08-07,Leila Lacan,pra,Over,17.5,cascade,LOSS,1.75,0.0,steady,-1.0,,-1.0
2026-08-07,Olivia Nelson-Ododa,pra,Over,21.5,cascade,LOSS,1.75,0.0,steady,-1.0,,-1.0
2026-08-07,Saniya Rivers,pra,Over,7.5,cascade,WIN,1.75,0.0,steady,0.75,,0.75
2026-08-07,Shakira Austin,pr,Over,26.5,overshoot,WIN,1.73,0.0,steady,0.73,,0.73
2026-08-08,Aliyah Boston,pts,Under,16.5,newunder,WIN,1.85,,n/a,0.85,,0.85
2026-08-08,Azura Stevens,pts,Under,13.5,newunder,WIN,1.909,-0.021,drift,0.91,-1.0,
2026-08-08,Carla Leite,pts,Under,17.5,newunder,WIN,1.833,-0.106,drift,0.83,-1.0,
2026-08-08,Chelsea Gray,pts,Over,12.5,flip_paper,LOSS,1.87,0.069,short,-1.0,,-1.0
2026-08-08,Courtney Vandersloot,pra,Over,17.5,cascade,LOSS,1.75,0.0,steady,-1.0,,-1.0
2026-08-08,Dominique Malonga,pts,Under,17.5,newunder,LOSS,1.769,0.0,steady,-1.0,,-1.0
2026-08-08,Flau'jae Johnson,pts,Under,15.5,newunder,WIN,1.833,-0.02,drift,0.83,-1.0,
2026-08-08,Jackie Young,pra,Over,30.5,hotover,LOSS,2.0,0.0,steady,-1.0,,-1.0
2026-08-08,Kamilla Cardoso,pra,Over,24.5,cascade,WIN,1.75,0.0,steady,0.75,,0.75
2026-08-08,Kamilla Cardoso,pts,Under,15.5,newunder,WIN,1.85,-0.041,drift,0.85,-1.0,
2026-08-08,Kayla McBride,pts,Over,15.5,flip_paper,LOSS,1.95,0.0,steady,-1.0,,-1.0
2026-08-08,Kelsey Mitchell,pr,Over,26.5,overshoot,WIN,1.8,0.2,short,0.8,,0.8
2026-08-08,Natasha Cloud,pra,Over,19.5,cascade,WIN,1.75,0.0,steady,0.75,,0.75
2026-08-08,Natasha Cloud,pts,Under,13.5,newunder,LOSS,1.77,0.023,short,-1.0,,-1.0
2026-08-08,Natasha Howard,pts,Under,11.5,newunder,LOSS,1.909,0.005,steady,-1.0,,-1.0
2026-08-09,Alyssa Thomas,pts,Over,14.5,flip_paper,LOSS,1.88,0.005,steady,-1.0,,-1.0
2026-08-09,Ariel Atkins,pts,Over,8.5,flip_paper,WIN,1.8,0.0,steady,0.8,,0.8
2026-08-09,Arike Ogunbowale,pts,Over,16.5,flip_paper,LOSS,1.79,-0.006,steady,-1.0,,-1.0
2026-08-09,Breanna Stewart,pts,Over,21.5,flip_paper,LOSS,1.9,0.033,short,-1.0,,-1.0
2026-08-09,Cameron Brink,pra,Over,15.5,cascade,LOSS,2.0,0.143,short,-1.0,,-1.0
2026-08-09,Dearica Hamby,pra,Over,22.5,cascade,LOSS,1.769,0.0,steady,-1.0,,-1.0
2026-08-09,Dearica Hamby,pts,Over,12.5,overshoot,LOSS,1.74,0.0,steady,-1.0,,-1.0
2026-08-09,Dewanna Bonner,pra,Over,20.5,overshoot,LOSS,2.0,0.0,steady,-1.0,,-1.0
2026-08-09,Erica Wheeler,pra,Over,15.5,cascade,WIN,1.833,0.0,steady,0.83,,0.83
2026-08-09,Erica Wheeler,pts,Over,8.5,flip_paper,WIN,2.0,0.025,short,1.0,,1.0
2026-08-09,Janelle Salaun,pts,Under,11.5,newunder,WIN,2.05,0.0,steady,1.05,,1.05
2026-08-09,Jessica Shepard,pts,Under,13.5,newunder,WIN,1.9,-0.05,drift,0.9,-1.0,
2026-08-09,Jewell Loyd,pra,Over,12.5,cascade,LOSS,1.75,0.0,steady,-1.0,,-1.0
2026-08-09,Jonquel Jones,pts,Under,13.5,newunder,LOSS,1.93,0.0,steady,-1.0,,-1.0
2026-08-09,Kahleah Copper,pts,Under,20.5,newunder,WIN,1.79,0.0,steady,0.79,,0.79
2026-08-09,Kayla McBride,pts,Over,14.5,flip_paper,WIN,1.69,0.006,steady,0.69,,0.69
2026-08-09,NaLyssa Smith,pra,Over,19.5,cascade,LOSS,1.75,0.0,steady,-1.0,,-1.0
2026-08-09,NaLyssa Smith,pts,Under,15.5,newunder,WIN,1.75,-0.011,drift,0.75,-1.0,
2026-08-09,Natasha Howard,pts,Under,11.5,newunder,LOSS,1.95,-0.025,drift,-1.0,0.769,
2026-08-09,Nneka Ogwumike,pts,Over,14.5,overshoot,WIN,1.97,0.126,short,0.97,,0.97
2026-08-09,Olivia Miles,pr,Over,23.5,overshoot,LOSS,1.8,0.0,steady,-1.0,,-1.0
2026-08-09,Paige Bueckers,pts,Under,19.5,newunder,LOSS,1.92,-0.04,drift,-1.0,0.769,
2026-08-09,Rae Burrell,pa,Over,16.5,overshoot,LOSS,1.8,0.0,steady,-1.0,,-1.0
2026-08-09,Rae Burrell,pra,Over,18.5,cascade,LOSS,1.91,0.0,steady,-1.0,,-1.0
2026-08-09,Sabrina Ionescu,pts,Over,19.5,flip_paper,LOSS,1.97,0.037,short,-1.0,,-1.0
2026-08-09,Shakira Austin,pra,Over,29.5,overshoot,WIN,1.87,0.0,steady,0.87,,0.87
2026-08-09,Veronica Burton,pts,Under,13.5,newunder,WIN,1.88,0.016,short,0.88,,0.88
2026-08-10,Allisha Gray,pra,Over,22.5,overshoot,WIN,1.8,0.0,steady,0.8,,0.8
2026-08-10,Angel Reese,pra,Over,28.5,hotover,WIN,1.8,0.0,steady,0.8,,0.8
2026-08-10,Azura Stevens,pra,Over,21.5,cascade,LOSS,1.75,0.0,steady,-1.0,,-1.0
2026-08-10,Azura Stevens,pts,Under,12.5,newunder,WIN,1.67,0.0,steady,0.67,,0.67
2026-08-10,Courtney Vandersloot,pra,Over,17.5,cascade,LOSS,1.75,0.0,steady,-1.0,,-1.0
2026-08-10,Dominique Malonga,pts,Under,19.5,newunder,LOSS,1.73,-0.022,drift,-1.0,,
2026-08-10,Isabelle Harrison,pra,Over,14.5,cascade,WIN,1.75,0.0,steady,0.75,,0.75
2026-08-10,Jordin Canada,pts,Under,10.5,newunder,LOSS,1.833,-0.035,drift,-1.0,0.8,
2026-08-10,Kamilla Cardoso,pts,Under,14.5,newunder,LOSS,1.73,-0.034,drift,-1.0,0.79,
2026-08-10,Laura Juskaite,pra,Over,20.5,cascade,LOSS,1.75,0.0,steady,-1.0,,-1.0
2026-08-10,Laura Juskaite,pts,Over,9.5,flip_paper,LOSS,1.86,0.094,short,-1.0,,-1.0
2026-08-10,Maria Conde,pra,Over,20.5,cascade,LOSS,1.75,0.0,steady,-1.0,,-1.0
2026-08-10,Maria Conde,pts,Over,9.5,flip_paper,LOSS,1.83,0.022,short,-1.0,,-1.0
2026-08-10,Natasha Cloud,pra,Over,20.5,cascade,LOSS,1.75,0.0,steady,-1.0,,-1.0
2026-08-10,Natasha Cloud,pts,Under,12.5,newunder,WIN,1.8,0.006,steady,0.8,,0.8
2026-08-10,Nyara Sabally,pra,Over,19.5,cascade,WIN,1.75,0.0,steady,0.75,,0.75
2026-08-10,Nyara Sabally,pts,Under,14.5,newunder,WIN,1.833,-0.009,steady,0.83,,0.83
2026-08-10,Rhyne Howard,pts,Under,17.5,newunder,LOSS,1.909,-0.011,drift,-1.0,0.67,
2026-08-11,Aliyah Boston,pts,Under,16.5,newunder,LOSS,1.91,0.038,short,-1.0,,-1.0
2026-08-11,Ariel Atkins,pts,Under,9.5,newunder,WIN,1.91,-0.021,drift,0.91,-1.0,
2026-08-11,Breanna Stewart,pts,Over,22.5,flip_paper,LOSS,1.97,0.048,short,-1.0,,-1.0
2026-08-11,Caitlin Clark,pra,Over,34.5,hotover,WIN,1.833,0.0,steady,0.83,,0.83
2026-08-11,Cameron Brink,pra,Over,14.5,cascade,LOSS,1.75,0.0,steady,-1.0,,-1.0
2026-08-11,Chelsea Gray,pra,Over,19.5,overshoot,LOSS,1.8,0.0,steady,-1.0,,-1.0
2026-08-11,Dearica Hamby,pra,Over,23.5,cascade,WIN,2.0,0.0,steady,1.0,,1.0
2026-08-11,Dearica Hamby,pts,Over,13.5,flip_paper,WIN,1.83,0.011,short,0.83,,0.83
2026-08-11,Erica Wheeler,pra,Over,21.5,cascade,LOSS,1.75,0.0,steady,-1.0,,-1.0
2026-08-11,Erica Wheeler,pts,Over,8.5,flip_paper,LOSS,1.73,-0.011,drift,-1.0,0.97,
2026-08-11,Jackie Young,pts,Over,18.5,overshoot,WIN,1.9,0.033,short,0.9,,0.9
2026-08-11,Jewell Loyd,pra,Over,11.5,cascade,LOSS,1.75,0.0,steady,-1.0,,-1.0
2026-08-11,Jonquel Jones,pts,Under,14.5,newunder,WIN,1.75,-0.017,drift,0.75,-1.0,
2026-08-11,Kahleah Copper,pts,Under,21.5,newunder,WIN,2.0,0.025,short,1.0,,1.0
2026-08-11,Kelsey Mitchell,pts,Over,25.5,flip,WIN,1.93,-0.011,drift,0.93,,
2026-08-11,NaLyssa Smith,pra,Over,19.5,cascade,WIN,1.75,0.0,steady,0.75,,0.75
2026-08-11,NaLyssa Smith,pts,Over,11.5,flip_paper,LOSS,1.8,0.006,steady,-1.0,,-1.0
2026-08-11,Nneka Ogwumike,pts,Over,15.5,flip_paper,WIN,1.91,0.021,short,0.91,,0.91
2026-08-11,Rae Burrell,pra,Over,19.5,cascade,WIN,2.0,0.025,short,1.0,,1.0
2026-08-11,Rae Burrell,pts,Under,14.5,newunder,LOSS,1.8,-0.1,drift,-1.0,0.714,
2026-08-11,Sabrina Ionescu,pts,Over,17.5,flip_paper,WIN,1.75,-0.011,drift,0.75,-1.0,
2026-08-11,Shakira Austin,pr,Over,27.5,overshoot,WIN,1.83,-0.042,drift,0.83,-1.0,
2026-08-11,Sonia Citron,pts,Under,15.5,newunder,LOSS,1.91,-0.021,drift,-1.0,0.75,
2026-08-12,Arike Ogunbowale,pra,Under,22.5,model,LOSS,1.8,-0.016,drift,-1.0,,
2026-08-12,Azura Stevens,pra,Over,20.5,cascade,LOSS,2.0,0.025,short,-1.0,,-1.0
2026-08-12,Azura Stevens,pra,Under,20.5,model,WIN,1.73,-0.039,drift,0.73,-1.0,
2026-08-12,Bridget Carleton,pts,Under,15.5,newunder,LOSS,1.8,0.0,steady,-1.0,,-1.0
2026-08-12,Courtney Vandersloot,pra,Over,17.5,cascade,LOSS,1.8,0.029,short,-1.0,,-1.0
2026-08-12,DiJonai Carrington,pra,Over,11.5,cascade,LOSS,1.75,0.0,steady,-1.0,,-1.0
2026-08-12,Emily Engstler,pts,Under,9.5,newunder,WIN,1.84,-0.036,drift,0.84,-1.0,
2026-08-12,Kayla Mcbride,pa,Over,17.5,overshoot,WIN,2.0,0.07,short,1.0,,1.0
2026-08-12,Kayla Thornton,pr,Over,14.5,overshoot,LOSS,1.91,0.021,short,-1.0,,-1.0
2026-08-12,Kiki Rice,pra,Over,19.5,cascade,WIN,1.75,0.0,steady,0.75,,0.75
2026-08-12,Laura Juskaite,pra,Over,17.5,cascade,WIN,1.75,0.0,steady,0.75,,0.75
2026-08-12,Marina Mabrey,pa,Over,21.5,overshoot,WIN,1.73,-0.039,drift,0.73,,
2026-08-12,Napheesa Collier,pts,Under,19.5,newunder,LOSS,2.0,0.0,steady,-1.0,,-1.0
2026-08-12,Natasha Cloud,pts,Over,10.5,flip,LOSS,1.78,,n/a,-1.0,,-1.0
2026-08-12,Natasha Howard,pts,Under,12.5,newunder,LOSS,1.73,-0.011,drift,-1.0,0.95,
2026-08-12,Nyara Sabally,pra,Over,21.5,cascade,LOSS,1.75,0.0,steady,-1.0,,-1.0
2026-08-12,Nyara Sabally,pts,Under,13.5,newunder,WIN,1.83,-0.041,drift,0.83,-1.0,
2026-08-12,Olivia Miles,pa,Over,26.5,overshoot,LOSS,1.8,-0.016,drift,-1.0,,
2026-08-12,Paige Bueckers,pts,Under,21.5,newunder,LOSS,2.0,0.025,short,-1.0,,-1.0
2026-08-13,Angel Reese,pts,Over,17.5,flip,LOSS,1.97,0.0,steady,-1.0,,-1.0
2026-08-13,Ariel Atkins,pts,Under,9.5,newunder,WIN,1.83,0.0,steady,0.83,,0.83
2026-08-13,Breanna Stewart,pra,Under,34.5,model,WIN,1.8,0.0,steady,0.8,,0.8
2026-08-13,Cameron Brink,pra,Over,14.5,cascade,WIN,1.75,0.0,steady,0.75,,0.75
2026-08-13,Chelsea Gray,pts,Over,12.5,flip_paper,LOSS,1.96,0.0,steady,-1.0,,-1.0
2026-08-13,Dearica Hamby,pra,Over,23.5,cascade,LOSS,1.8,-0.037,drift,-1.0,,
2026-08-13,Dearica Hamby,pts,Over,13.5,flip_paper,WIN,1.73,-0.023,drift,0.73,,
2026-08-13,Diamond Miller,pts,Over,9.5,overshoot,LOSS,1.78,0.0,steady,-1.0,,-1.0
2026-08-13,Erica Wheeler,pr,Over,10.5,overshoot,LOSS,1.833,0.0,steady,-1.0,,-1.0
2026-08-13,Erica Wheeler,pra,Over,16.5,cascade,LOSS,2.0,0.091,short,-1.0,,-1.0
2026-08-13,Jackie Young,pts,Over,19.5,flip_paper,WIN,1.9,0.011,short,0.9,,0.9
2026-08-13,Jonquel Jones,pts,Under,14.5,newunder,WIN,1.91,0.021,short,0.91,,0.91
2026-08-13,Kiki Iriafen,pts,Under,14.5,newunder,WIN,1.89,0.05,short,0.89,,0.89
2026-08-13,Nalyssa Smith,pr,Over,16.5,overshoot,LOSS,1.73,-0.039,drift,-1.0,,
2026-08-13,Nneka Ogwumike,pra,Under,28.5,model,WIN,1.91,0.0,steady,0.91,,0.91
2026-08-13,Rae Burrell,pra,Over,20.5,cascade,WIN,1.8,-0.018,drift,0.8,,
2026-08-13,Rae Burrell,pts,Under,15.5,newunder,LOSS,1.83,-0.037,drift,-1.0,0.8,
2026-08-13,Rebecca Allen,pts,Over,6.5,flip_paper,WIN,1.85,-0.011,drift,0.85,-1.0,
2026-08-13,Rhyne Howard,pts,Under,17.5,newunder,LOSS,1.95,0.037,short,-1.0,,-1.0
2026-08-13,Sabrina Ionescu,pts,Under,18.5,newunder,LOSS,1.91,-0.021,drift,-1.0,0.75,
2026-08-13,Shakira Austin,pra,Over,28.5,overshoot,WIN,1.73,,n/a,0.73,,0.73
2026-08-13,Sonia Citron,pts,Under,16.5,newunder,LOSS,1.87,0.011,short,-1.0,,-1.0
2026-08-14,Aliyah Boston,pts,Under,16.5,newunder,WIN,1.73,-0.089,drift,0.73,-1.0,
2026-08-14,Arike Ogunbowale,pts,Over,17.5,flip_paper,WIN,1.92,0.021,short,0.92,,0.92
2026-08-14,Bridget Carleton,pts,Under,16.5,newunder,WIN,1.78,-0.022,drift,0.78,-1.0,
2026-08-14,Carla Leite,pts,Under,16.5,newunder,WIN,1.9,,n/a,0.9,,0.9
2026-08-14,Dominique Malonga,pts,Under,20.5,newunder,WIN,1.84,0.051,short,0.84,,0.84
2026-08-14,Kelsey Mitchell,pts,Over,25.5,flip_paper,LOSS,1.91,-0.005,steady,-1.0,,-1.0
2026-08-14,Megan DiLeo,pts,Over,13.5,flip_paper,WIN,1.85,0.0,steady,0.85,,0.85
2026-08-14,Paige Bueckers,pts,Under,21.5,newunder,LOSS,1.73,-0.156,drift,-1.0,0.68,
2026-08-15,Breanna Stewart,pts,Under,21.5,newunder,WIN,1.91,-0.021,drift,0.91,-1.0,
2026-08-15,Chelsea Gray,pra,Under,21.5,model,LOSS,1.87,0.0,steady,-1.0,,-1.0
2026-08-15,Dearica Hamby,pa,Over,16.5,overshoot,LOSS,1.83,0.0,steady,-1.0,,-1.0
2026-08-15,Dearica Hamby,pra,Over,23.5,cascade,LOSS,1.83,-0.042,drift,-1.0,0.8,
2026-08-15,Diamond Miller,pra,Over,14.5,cascade,WIN,1.75,,n/a,0.75,,0.75
2026-08-15,Erica Wheeler,pa,Over,14.5,flip,LOSS,1.83,0.017,short,-1.0,,-1.0
2026-08-15,Erica Wheeler,pra,Over,20.5,cascade,LOSS,1.75,0.0,steady,-1.0,,-1.0
2026-08-15,Jackie Young,pts,Over,18.5,flip_paper,LOSS,1.76,-0.022,drift,-1.0,0.9,
2026-08-15,Jonquel Jones,pts,Under,14.5,newunder,LOSS,1.8,0.011,short,-1.0,,-1.0
2026-08-15,Kayla Mcbride,pa,Over,17.5,overshoot,LOSS,1.73,-0.135,drift,-1.0,0.952,
2026-08-15,Kennedy Burke,pra,Over,12.5,cascade,LOSS,1.75,,n/a,-1.0,,-1.0
2026-08-15,Kiki Iriafen,pts,Under,14.5,newunder,LOSS,1.93,0.016,short,-1.0,,-1.0
2026-08-15,NaLyssa Smith,pr,Over,17.5,flip,WIN,1.83,-0.021,drift,0.83,-1.0,
2026-08-15,Napheesa Collier,pts,Under,19.5,newunder,WIN,1.84,0.011,short,0.84,,0.84
2026-08-15,Natasha Howard,pts,Under,11.5,newunder,LOSS,1.9,-0.005,steady,-1.0,,-1.0
2026-08-15,Nneka Ogwumike,pts,Under,15.5,newunder,WIN,1.8,-0.1,drift,0.8,-1.0,
2026-08-15,Olivia Miles,pa,Over,26.5,overshoot,WIN,1.83,0.0,steady,0.83,,0.83
2026-08-15,Olivia Nelson-Ododa,pra,Over,20.5,cascade,WIN,1.8,,n/a,0.8,,0.8
2026-08-15,Rae Burrell,pra,Over,20.5,cascade,WIN,1.75,-0.064,drift,0.75,-1.0,
2026-08-15,Rae Burrell,pts,Under,15.5,newunder,LOSS,1.88,-0.036,drift,-1.0,0.75,
2026-08-15,Rebecca Allen,pts,Over,7.5,flip_paper,LOSS,1.73,-0.017,drift,-1.0,0.95,
2026-08-15,Shakira Austin,pra,Over,31.5,overshoot,LOSS,1.73,0.0,steady,-1.0,,-1.0
2026-08-15,Sonia Citron,pts,Under,17.5,newunder,LOSS,1.75,0.0,steady,-1.0,,-1.0
2026-08-16,Aliyah Boston,pts,Under,16.5,newunder,LOSS,1.83,-0.037,drift,-1.0,0.8,
2026-08-16,Alyssa Thomas,pts,Under,16.5,newunder,LOSS,1.8,0.0,steady,-1.0,,-1.0
2026-08-16,Azura Stevens,pra,Over,20.5,cascade,LOSS,1.75,0.0,steady,-1.0,,-1.0
2026-08-16,Bridget Carleton,pts,Under,16.5,newunder,WIN,1.82,-0.067,drift,0.82,-1.0,
2026-08-16,Caitlin Clark,pa,Over,31.5,overshoot,WIN,1.83,-0.002,steady,0.83,,0.83
2026-08-16,Carla Leite,pts,Under,16.5,newunder,LOSS,1.88,-0.036,drift,-1.0,0.75,
2026-08-16,Courtney Vandersloot,pra,Over,17.5,cascade,WIN,1.75,0.0,steady,0.75,,0.75
2026-08-16,DiJonai Carrington,pra,Over,11.5,cascade,WIN,1.75,0.0,steady,0.75,,0.75
2026-08-16,Dominique Malonga,pts,Under,19.5,newunder,WIN,1.88,-0.015,drift,0.88,,
2026-08-16,Flau'jae Johnson,pts,Over,13.5,flip_paper,LOSS,1.84,0.0,steady,-1.0,,-1.0
2026-08-16,Kahleah Copper,pts,Under,21.5,newunder,WIN,1.95,0.037,short,0.95,,0.95
2026-08-16,Kamilla Cardoso,pts,Under,14.5,newunder,LOSS,1.82,-0.068,drift,-1.0,0.8,
2026-08-16,Kelsey Mitchell,pr,Over,26.5,overshoot,LOSS,1.87,0.0,steady,-1.0,,-1.0
2026-08-16,Megan Dileo,pr,Over,18.5,overshoot,WIN,2.0,0.025,short,1.0,,1.0
2026-08-16,Monique Billings,pts,Over,6.5,flip,LOSS,1.94,0.0,steady,-1.0,,-1.0
2026-08-16,Natasha Cloud,pts,Under,10.5,newunder,LOSS,1.88,0.005,steady,-1.0,,-1.0
2026-08-17,Arike Ogunbowale,pr,Over,18.5,flip,WIN,1.8,-0.1,drift,0.8,-1.0,
2026-08-17,Gabby Williams,pts,Under,13.5,newunder,LOSS,1.88,0.026,short,-1.0,,-1.0
2026-08-17,Paige Bueckers,pts,Under,19.5,newunder,LOSS,1.92,0.085,short,-1.0,,-1.0
2026-08-17,Veronica Burton,pts,Under,13.5,newunder,LOSS,1.81,0.046,short,-1.0,,-1.0
2026-08-18,Aliyah Boston,pts,Under,16.5,newunder,WIN,1.94,0.021,short,0.94,,0.94
2026-08-18,Allisha Gray,pts,Over,19.5,overshoot,WIN,1.95,0.01,steady,0.95,,0.95
2026-08-18,Aneesah Morrow,pra,Over,22.5,cascade,WIN,1.75,,n/a,0.75,,0.75
2026-08-18,Angel Reese,pr,Over,28.5,overshoot,WIN,1.91,0.061,short,0.91,,0.91
2026-08-18,Azura Stevens,pts,Under,11.5,model,LOSS,1.9,-0.005,steady,-1.0,,-1.0
2026-08-18,Breanna Stewart,pts,Under,22.5,newunder,WIN,1.78,-0.029,drift,0.78,,
2026-08-18,Caitlin Clark,pts,Over,23.5,flip,WIN,1.8,-0.032,drift,0.8,,
2026-08-18,Chelsea Gray,pts,Under,11.5,newunder,LOSS,1.93,0.043,short,-1.0,,-1.0
2026-08-18,Courtney Vandersloot,pra,Over,17.5,cascade,LOSS,2.0,0.0,steady,-1.0,,-1.0
2026-08-18,Dearica Hamby,pra,Over,24.5,cascade,LOSS,1.8,0.029,short,-1.0,,-1.0
2026-08-18,Dearica Hamby,pts,Under,15.5,newunder,WIN,1.8,0.0,steady,0.8,,0.8
2026-08-18,DiJonai Carrington,pra,Over,11.5,cascade,LOSS,1.75,0.0,steady,-1.0,,-1.0
2026-08-18,Jackie Young,pa,Over,24.5,overshoot,WIN,1.8,0.0,steady,0.8,,0.8
2026-08-18,Jonquel Jones,pts,Under,14.5,newunder,WIN,1.85,0.009,steady,0.85,,0.85
2026-08-18,Kamilla Cardoso,pts,Under,13.5,newunder,LOSS,2.3,0.0,steady,-1.0,,-1.0
2026-08-18,Kelsey Mitchell,pts,Over,25.5,flip_paper,WIN,1.85,0.009,steady,0.85,,0.85
2026-08-18,Kiki Rice,pra,Over,18.5,cascade,WIN,1.75,0.0,steady,0.75,,0.75
2026-08-18,Laura Juskaite,pra,Over,17.5,cascade,LOSS,1.75,0.0,steady,-1.0,,-1.0
2026-08-18,Nalyssa Smith,pr,Over,17.5,overshoot,LOSS,1.8,0.04,short,-1.0,,-1.0
2026-08-18,Natasha Cloud,pra,Over,20.5,cascade,WIN,1.75,-0.125,drift,0.75,-1.0,
2026-08-18,Natasha Cloud,pts,Under,10.5,newunder,LOSS,1.8,-0.027,drift,-1.0,0.85,
2026-08-18,Nneka Ogwumike,pra,Over,26.5,cascade,LOSS,1.75,0.0,steady,-1.0,,-1.0
2026-08-18,Nneka Ogwumike,pts,Under,16.5,newunder,LOSS,1.75,-0.011,drift,-1.0,,
2026-08-18,Rhyne Howard,pts,Under,17.5,newunder,LOSS,1.89,0.022,short,-1.0,,-1.0
2026-08-18,Sabrina Ionescu,pts,Over,16.5,flip_paper,WIN,1.75,0.0,steady,0.75,,0.75
2026-08-19,Aneesah Morrow,pra,Over,22.5,cascade,LOSS,1.75,0.0,steady,-1.0,,-1.0
2026-08-19,Gabby Williams,pts,Over,13.5,flip_paper,LOSS,1.73,0.0,steady,-1.0,,-1.0
2026-08-19,Kayla Thornton,pr,Over,13.5,flip,LOSS,1.87,0.0,steady,-1.0,,-1.0
2026-08-19,Kiki Iriafen,pts,Under,15.5,newunder,LOSS,1.85,0.069,short,-1.0,,-1.0
2026-08-19,Laura Juskaite,pr,Under,15.5,starout,WIN,1.833,,n/a,0.83,,0.83
2026-08-19,Laura Juskaite,pra,Over,17.5,cascade,WIN,1.75,0.0,steady,0.75,,0.75
2026-08-19,Napheesa Collier,pra,Over,27.5,overshoot,LOSS,1.769,0.0,steady,-1.0,,-1.0
2026-08-19,Olivia Miles,pts,Over,19.5,flip_paper,WIN,1.8,-0.1,drift,0.8,-1.0,
2026-08-19,Shakira Austin,pts,Under,20.5,newunder,WIN,1.86,0.033,short,0.86,,0.86
2026-08-19,Sonia Citron,pts,Under,17.5,newunder,WIN,1.95,0.01,steady,0.95,,0.95
2026-08-19,Tiffany Hayes,pra,Over,14.5,overshoot,WIN,1.8,-0.1,drift,0.8,-1.0,
2026-08-19,Veronica Burton,pra,Under,22.5,model,LOSS,2.05,0.074,short,-1.0,,-1.0
2026-08-20,Aliyah Boston,pts,Under,16.5,newunder,WIN,1.88,0.074,short,0.88,,0.88
2026-08-20,Allisha Gray,pr,Over,22.5,overshoot,LOSS,1.73,-0.039,drift,-1.0,0.952,
2026-08-20,Ariel Atkins,pra,Under,14.5,model,WIN,2.0,0.0,steady,1.0,,1.0
2026-08-20,Arike Ogunbowale,pts,Over,16.5,flip_paper,WIN,1.82,-0.016,drift,0.82,-1.0,
2026-08-20,Caitlin Clark,pa,Over,32.5,overshoot,LOSS,2.0,0.047,short,-1.0,,-1.0
2026-08-20,Cameron Brink,pra,Over,15.5,cascade,WIN,1.75,0.0,steady,0.75,,0.75
2026-08-20,Chelsea Gray,pts,Under,11.5,newunder,WIN,1.92,0.038,short,0.92,,0.92
2026-08-20,Dearica Hamby,pra,Over,24.5,cascade,LOSS,1.83,-0.041,drift,-1.0,0.833,
2026-08-20,Dearica Hamby,pts,Under,15.5,newunder,WIN,1.769,0.0,steady,0.77,,0.77
2026-08-20,Erica Wheeler,pra,Over,20.5,cascade,LOSS,1.75,0.0,steady,-1.0,,-1.0
2026-08-20,Jackie Young,pts,Over,19.5,flip_paper,WIN,1.79,-0.023,drift,0.79,,
2026-08-20,Jessica Shepard,pts,Under,14.5,model,LOSS,1.85,-0.005,steady,-1.0,,-1.0
2026-08-20,Kennedy Burke,pra,Over,15.5,cascade,LOSS,1.75,0.0,steady,-1.0,,-1.0
2026-08-20,Leila Lacan,pra,Over,16.5,cascade,LOSS,1.75,0.0,steady,-1.0,,-1.0
2026-08-20,Nalyssa Smith,pr,Over,18.5,overshoot,LOSS,1.91,0.001,steady,-1.0,,-1.0
2026-08-20,Nneka Ogwumike,pra,Over,25.5,cascade,LOSS,1.75,-0.083,drift,-1.0,0.73,
2026-08-20,Nneka Ogwumike,pts,Under,15.5,newunder,WIN,1.79,0.0,steady,0.79,,0.79
2026-08-20,Olivia Nelson-Ododa,pra,Over,21.5,cascade,LOSS,1.75,0.0,steady,-1.0,,-1.0
2026-08-20,Paige Bueckers,pts,Under,20.5,newunder,WIN,1.85,-0.026,drift,0.85,-1.0,
2026-08-20,Rae Burrell,pra,Over,22.5,overshoot,LOSS,1.73,-0.039,drift,-1.0,0.73,
2026-08-20,Rhyne Howard,pts,Under,18.5,newunder,LOSS,1.88,0.039,short,-1.0,,-1.0
2026-08-21,Aneesah Morrow,pra,Over,17.5,cascade,LOSS,1.75,0.0,steady,-1.0,,-1.0
2026-08-21,Azura Stevens,pts,Under,10.5,model,WIN,1.91,0.005,steady,0.91,,0.91
2026-08-21,Carla Leite,pts,Under,17.5,newunder,WIN,1.8,-0.053,drift,0.8,-1.0,
2026-08-21,Courtney Williams,pra,Over,16.5,cascade,WIN,1.75,0.0,steady,0.75,,0.75
2026-08-21,Emily Engstler,pts,Under,9.5,newunder,LOSS,1.76,0.006,steady,-1.0,,-1.0
2026-08-21,Gabby Williams,pts,Under,14.5,newunder,WIN,1.83,0.005,steady,0.83,,0.83
2026-08-21,Kamilla Cardoso,pr,Over,21.5,overshoot,WIN,1.73,-0.039,drift,0.73,-1.0,
2026-08-21,Kayla McBride,pra,Over,20.5,cascade,WIN,1.91,0.044,short,0.91,,0.91
2026-08-21,Kayla Mcbride,pa,Over,15.5,overshoot,WIN,1.73,,n/a,0.73,,0.73
2026-08-21,Kiki Iriafen,pts,Under,14.5,newunder,LOSS,1.82,-0.067,drift,-1.0,0.75,
2026-08-21,Kiki Rice,pra,Over,17.5,cascade,WIN,1.75,0.0,steady,0.75,,0.75
2026-08-21,Laura Juskaite,pra,Over,19.5,cascade,WIN,1.75,0.0,steady,0.75,,0.75
2026-08-21,Megan DiLeo,pts,Under,14.5,newunder,WIN,1.86,-0.026,drift,0.86,,
2026-08-21,Natasha Cloud,pa,Over,15.5,overshoot,WIN,2.0,0.0,steady,1.0,,1.0
2026-08-21,Natasha Howard,pra,Over,21.5,cascade,WIN,1.83,0.017,short,0.83,,0.83
2026-08-21,Natasha Howard,pts,Over,10.5,flip_paper,WIN,1.8,-0.037,drift,0.8,,
2026-08-21,Nia Coffey,pra,Over,4.5,cascade,WIN,1.75,0.0,steady,0.75,,0.75
2026-08-21,Olivia Miles,pts,Over,19.5,flip_paper,WIN,2.05,0.0,steady,1.05,,1.05
2026-08-21,Shakira Austin,pts,Over,18.5,flip_paper,LOSS,1.89,-0.01,steady,-1.0,,-1.0
2026-08-21,Sonia Citron,pts,Under,16.5,newunder,WIN,1.92,-0.04,drift,0.92,-1.0,
2026-08-21,Sydney Taylor,pra,Over,15.5,overshoot,WIN,1.8,-0.016,drift,0.8,,
2026-08-21,Tiffany Hayes,pra,Over,14.5,overshoot,WIN,1.91,0.061,short,0.91,,0.91
2026-08-21,Veronica Burton,pts,Under,13.5,newunder,WIN,1.85,0.0,steady,0.85,,0.85
2026-08-22,Aliyah Boston,pts,Under,16.5,newunder,LOSS,1.769,0.0,steady,-1.0,,-1.0
2026-08-22,Allisha Gray,pa,Over,21.5,overshoot,LOSS,1.73,,n/a,-1.0,,-1.0
2026-08-22,Alyssa Thomas,pts,Over,14.5,flip_paper,LOSS,1.82,0.029,short,-1.0,,-1.0
2026-08-22,Angel Reese,pts,Over,16.5,overshoot,WIN,1.83,0.017,short,0.83,,0.83
2026-08-22,Breanna Stewart,pts,Under,23.5,newunder,WIN,1.769,0.101,short,0.77,,0.77
2026-08-22,Caitlin Clark,pa,Over,32.5,overshoot,LOSS,1.8,,n/a,-1.0,,-1.0
2026-08-22,Cameron Brink,pra,Over,15.5,cascade,LOSS,1.75,,n/a,-1.0,,-1.0
2026-08-22,Dearica Hamby,pra,Over,23.5,cascade,LOSS,1.75,-0.045,drift,-1.0,0.909,
2026-08-22,Dearica Hamby,pts,Over,13.5,flip_paper,LOSS,1.74,,n/a,-1.0,,-1.0
2026-08-22,Erica Wheeler,pra,Over,20.5,cascade,LOSS,1.75,,n/a,-1.0,,-1.0
2026-08-22,Kahleah Copper,pts,Under,20.5,newunder,LOSS,1.82,0.006,steady,-1.0,,-1.0
2026-08-22,Kelsey Mitchell,pts,Over,25.5,flip_paper,LOSS,1.833,0.018,short,-1.0,,-1.0
2026-08-22,Kennedy Burke,pra,Over,15.5,cascade,LOSS,1.75,,n/a,-1.0,,-1.0
2026-08-22,Kennedy Burke,pts,Under,9.5,newunder,LOSS,1.85,0.0,steady,-1.0,,-1.0
2026-08-22,Leila Lacan,pra,Over,16.5,cascade,WIN,1.75,,n/a,0.75,,0.75
2026-08-22,Nneka Ogwumike,pra,Over,25.5,cascade,LOSS,1.75,-0.083,drift,-1.0,0.833,
2026-08-22,Nneka Ogwumike,pts,Under,15.5,newunder,WIN,1.833,-0.06,drift,0.83,-1.0,
2026-08-22,Olivia Nelson-Ododa,pra,Over,21.5,cascade,LOSS,1.75,,n/a,-1.0,,-1.0
2026-08-22,Olivia Nelson-Ododa,pts,Under,12.5,newunder,WIN,2.0,0.0,steady,1.0,,1.0
2026-08-22,Rae Burrell,pts,Over,16.5,flip_paper,WIN,2.0,,n/a,1.0,,1.0
2026-08-22,Rebecca Allen,pts,Over,8.5,overshoot,WIN,1.769,-0.137,drift,0.77,-1.0,
2026-08-22,Rhyne Howard,pts,Over,18.5,flip_paper,WIN,1.89,0.056,short,0.89,,0.89
2026-08-22,Sabrina Ionescu,pts,Under,18.5,newunder,WIN,1.87,0.0,steady,0.87,,0.87
2026-08-22,Saniya Rivers,pra,Over,11.5,cascade,WIN,1.75,0.0,steady,0.75,,0.75
2026-08-23,Arike Ogunbowale,pra,Over,24.5,hotover,LOSS,2.0,0.025,short,-1.0,,-1.0
2026-08-23,Azura Stevens,pts,Under,9.5,newunder,LOSS,1.85,-0.011,drift,-1.0,,
2026-08-23,Carla Leite,pra,Under,26.5,model,LOSS,1.73,-0.039,drift,-1.0,,
2026-08-23,Chelsea Gray,pts,Under,11.5,newunder,WIN,1.82,-0.067,drift,0.82,-1.0,
2026-08-23,Dominique Malonga,pts,Under,20.5,newunder,WIN,1.88,0.027,short,0.88,,0.88
2026-08-23,Emily Engstler,pts,Under,8.5,newunder,LOSS,2.0,0.0,steady,-1.0,,-1.0
2026-08-23,Flau'jae Johnson,pa,Under,18.5,model,LOSS,1.73,-0.039,drift,-1.0,0.952,
2026-08-23,Isabelle Harrison,pra,Over,14.5,cascade,WIN,1.75,0.0,steady,0.75,,0.75
2026-08-23,Jackie Young,pts,Over,19.5,flip_paper,WIN,1.85,0.009,steady,0.85,,0.85
2026-08-23,Kamilla Cardoso,pra,Over,26.5,hotover,LOSS,1.833,0.1,short,-1.0,,-1.0
2026-08-23,Kelsey Mitchell,pra,Over,29.5,overshoot,WIN,1.91,0.044,short,0.91,,0.91
2026-08-23,Kiki Iriafen,pr,Over,23.5,overshoot,WIN,1.73,-0.056,drift,0.73,,
2026-08-23,Kiki Rice,pra,Over,19.5,cascade,WIN,1.75,0.0,steady,0.75,,0.75
2026-08-23,Laura Juskaite,pra,Over,20.5,cascade,LOSS,1.75,-0.125,drift,-1.0,0.73,
2026-08-23,NaLyssa Smith,pts,Over,10.5,flip_paper,LOSS,1.88,-0.015,drift,-1.0,,
2026-08-23,Natasha Cloud,pa,Over,17.5,overshoot,WIN,1.73,-0.022,drift,0.73,,
2026-08-23,Paige Bueckers,pts,Under,20.5,newunder,LOSS,1.95,-0.025,drift,-1.0,,
2026-08-23,Shakira Austin,pts,Over,17.5,flip_paper,WIN,1.9,-0.026,drift,0.9,-1.0,
2026-08-23,Sydney Taylor,pts,Over,14.5,flip_paper,LOSS,1.88,0.005,steady,-1.0,,-1.0
