ts,game_id,period,clock,away,home,away_score,home_score,h_fouls,a_fouls,h_to,a_to,h_reb,a_reb,last_play
2026-07-16T00:09:03Z,401857070,1,9:21,GS,IND,0,0,0,0,0,1,1,0,Caitlin Clark offensive rebound
2026-07-16T00:10:20Z,401857070,1,8:25,GS,IND,5,0,0,0,0,1,1,2,Cecilia Zandalasini makes 25-foot three pointer (Veronica Burton assis
2026-07-16T00:11:36Z,401857070,1,7:30,GS,IND,5,0,0,0,1,1,2,3,Caitlin Clark defensive rebound
2026-07-16T00:12:51Z,401857070,1,6:25,GS,IND,8,2,0,0,2,1,4,3,Monique Billings defensive rebound
2026-07-16T00:14:06Z,401857070,1,5:42,GS,IND,12,2,0,0,2,1,5,4,Fever Full timeout
2026-07-16T00:15:21Z,401857070,1,5:42,GS,IND,12,2,0,0,2,1,5,4,Fever Full timeout
2026-07-16T00:16:37Z,401857070,1,5:42,GS,IND,12,2,0,0,2,1,5,4,Fever Full timeout
2026-07-16T00:17:52Z,401857070,1,4:54,GS,IND,12,5,0,0,2,1,7,4,Aliyah Boston offensive rebound
2026-07-16T00:19:07Z,401857070,1,3:43,GS,IND,12,5,0,0,2,1,8,5,enters the game for Kayla Thornton
2026-07-16T00:20:24Z,401857070,1,2:46,GS,IND,14,10,0,1,2,1,10,5,Aliyah Boston defensive rebound
2026-07-16T00:21:39Z,401857070,1,2:05,GS,IND,18,10,1,1,4,1,9,5,Laeticia Amihere enters the game for Kiah Stokes
2026-07-16T00:22:54Z,401857070,1,1:27,GS,IND,18,13,1,1,4,1,9,5,Sophie Cunningham makes 23-foot three point jumper (Kelsey Mitchell as
2026-07-16T00:24:09Z,401857070,1,27.6,GS,IND,20,17,1,1,4,2,10,5,Laeticia Amihere makes running layup (Kaitlyn Chen assists)
2026-07-16T00:25:25Z,401857070,1,0.0,GS,IND,20,18,1,2,4,2,11,6,Monique Billings misses free throw 2 of 2
2026-07-16T00:26:40Z,401857070,1,0.0,GS,IND,20,18,1,2,4,2,11,6,End of the 1st Quarter
2026-07-16T00:27:55Z,401857070,1,0.0,GS,IND,20,18,1,2,4,2,11,6,End of the 1st Quarter
2026-07-16T00:29:11Z,401857070,2,9:38,GS,IND,20,18,1,2,4,2,11,6,Caitlin Clark enters the game for Raven Johnson
2026-07-16T00:30:27Z,401857070,2,9:14,GS,IND,22,18,2,2,5,2,11,7,Tiffany Hayes makes free throw 1 of 2
2026-07-16T00:31:43Z,401857070,2,8:11,GS,IND,24,23,2,2,5,3,11,7,Sophie Cunningham makes 27-foot three point jumper (Tyasha Harris assi
2026-07-16T00:32:58Z,401857070,2,8:11,GS,IND,24,23,2,2,5,3,11,7,Golden State Valkyries Full timeout
2026-07-16T00:34:13Z,401857070,2,8:11,GS,IND,24,23,2,2,5,3,11,7,Golden State Valkyries Full timeout
2026-07-16T00:35:28Z,401857070,2,7:25,GS,IND,26,23,2,2,5,3,11,8,Veronica Burton enters the game for Laeticia Amihere
2026-07-16T00:36:43Z,401857070,2,6:49,GS,IND,26,23,2,3,5,3,12,9,enters the game for Janelle Salaun
2026-07-16T00:37:58Z,401857070,2,5:39,GS,IND,29,25,3,3,7,3,13,9,Makayla Timpson defensive rebound
2026-07-16T00:39:14Z,401857070,2,5:39,GS,IND,31,25,4,3,7,3,13,9,Tiffany Hayes makes free throw 1 of 2
2026-07-16T00:40:30Z,401857070,2,4:22,GS,IND,31,27,4,3,7,3,15,10,Makayla Timpson defensive rebound
2026-07-16T00:41:46Z,401857070,2,4:20,GS,IND,31,27,5,3,7,3,15,11,Cecilia Zandalasini enters the game for Tiffany Hayes
2026-07-16T00:43:01Z,401857070,2,3:39,GS,IND,35,29,5,3,8,3,15,11,Gabby Williams makes two point shot
2026-07-16T00:44:16Z,401857070,2,2:58,GS,IND,35,29,5,4,8,3,15,11,Official timeout
2026-07-16T00:45:32Z,401857070,2,2:58,GS,IND,35,29,5,4,8,3,15,11,Official timeout
2026-07-16T00:46:47Z,401857070,2,2:58,GS,IND,35,29,5,4,8,3,15,11,Official timeout
2026-07-16T00:48:02Z,401857070,2,2:49,GS,IND,35,29,5,4,8,3,15,11,Fever offensive team rebound
2026-07-16T00:49:17Z,401857070,2,1:42,GS,IND,40,29,5,4,8,3,16,13,Kayla Thornton defensive rebound
2026-07-16T00:50:34Z,401857070,2,1:21,GS,IND,40,30,5,5,8,3,16,13,Kiah Stokes shooting foul
2026-07-16T00:51:49Z,401857070,2,20.2,GS,IND,40,30,5,5,8,3,16,15,Kayla Thornton offensive rebound
2026-07-16T00:53:04Z,401857070,2,0.0,GS,IND,40,30,5,5,8,3,17,16,End of the 2nd Quarter
2026-07-16T00:54:20Z,401857070,2,0.0,GS,IND,40,30,5,5,8,3,17,16,End of the 2nd Quarter
2026-07-16T00:55:35Z,401857070,2,0.0,GS,IND,40,30,5,5,8,3,17,16,End of the 2nd Quarter
2026-07-16T00:56:50Z,401857070,2,0.0,GS,IND,40,30,5,5,8,3,17,16,End of the 2nd Quarter
2026-07-16T00:58:05Z,401857070,2,0.0,GS,IND,40,30,5,5,8,3,17,16,End of the 2nd Quarter
2026-07-16T00:59:20Z,401857070,2,0.0,GS,IND,40,30,5,5,8,3,17,16,End of the 2nd Quarter
2026-07-16T01:00:37Z,401857070,2,0.0,GS,IND,40,30,5,5,8,3,17,16,End of the 2nd Quarter
2026-07-16T01:01:52Z,401857070,2,0.0,GS,IND,40,30,5,5,8,3,17,16,End of the 2nd Quarter
2026-07-16T01:03:07Z,401857070,2,0.0,GS,IND,40,30,5,5,8,3,17,16,End of the 2nd Quarter
2026-07-16T01:04:23Z,401857070,2,0.0,GS,IND,40,30,5,5,8,3,17,16,End of the 2nd Quarter
2026-07-16T01:05:38Z,401857070,2,0.0,GS,IND,40,30,5,5,8,3,17,16,End of the 2nd Quarter
2026-07-16T01:06:53Z,401857070,2,0.0,GS,IND,40,30,5,5,8,3,17,16,End of the 2nd Quarter
2026-07-16T01:08:09Z,401857070,2,0.0,GS,IND,40,30,5,5,8,3,17,16,enters the game for Sophie Cunningham
2026-07-16T01:09:24Z,401857070,3,9:39,GS,IND,40,30,5,5,8,3,17,17,Caitlin Clark enters the game for Sophie Cunningham
2026-07-16T23:48:21Z,401857071,2,1:47,POR,WSH,45,25,8,9,12,4,20,12,Cassandre Prosper offensive rebound
2026-07-16T23:49:36Z,401857071,2,1:12,POR,WSH,45,27,8,11,12,4,20,13,Sonia Citron makes free throw 2 of 2
2026-07-16T23:50:52Z,401857071,2,37.7,POR,WSH,45,29,9,12,12,5,21,13,Sonia Citron makes 3-foot shot (Shakira Austin assists)
2026-07-16T23:52:07Z,401857071,2,25.9,POR,WSH,45,31,9,13,12,7,21,13,Serah Williams turnover
2026-07-16T23:53:22Z,401857071,2,25.9,POR,WSH,47,31,10,13,12,7,21,14,Serah Williams makes free throw 2 of 2
2026-07-16T23:54:38Z,401857071,2,10:00,POR,WSH,47,31,10,13,12,6,22,14,Mystics offensive team rebound
2026-07-16T23:55:53Z,401857071,2,0.0,POR,WSH,47,31,10,13,12,5,23,13,End of the 2nd Quarter
2026-07-16T23:57:08Z,401857071,2,0.0,POR,WSH,47,31,10,13,12,5,23,13,End of the 2nd Quarter
2026-07-16T23:58:24Z,401857071,2,0.0,POR,WSH,47,31,10,13,12,4,24,12,End of the 2nd Quarter
2026-07-16T23:59:41Z,401857071,2,0.0,POR,WSH,47,31,10,13,12,4,24,12,End of the 2nd Quarter
2026-07-17T00:00:56Z,401857071,2,0.0,POR,WSH,47,31,10,13,12,4,24,12,End of the 2nd Quarter
2026-07-17T00:02:16Z,401857071,2,0.0,POR,WSH,47,31,10,13,12,4,24,12,End of the 2nd Quarter
2026-07-17T00:03:31Z,401857071,2,0.0,POR,WSH,47,31,10,13,12,4,24,12,End of the 2nd Quarter
2026-07-17T00:04:47Z,401857071,2,0.0,POR,WSH,47,31,10,13,12,4,24,12,End of the 2nd Quarter
2026-07-17T00:06:02Z,401857071,2,0.0,POR,WSH,47,31,10,13,12,4,24,12,End of the 2nd Quarter
2026-07-17T00:07:17Z,401857071,2,0.0,POR,WSH,47,31,10,13,12,4,24,12,End of the 2nd Quarter
2026-07-17T00:08:33Z,401857071,2,0.0,POR,WSH,47,31,10,13,12,4,24,12,End of the 2nd Quarter
2026-07-17T00:09:49Z,401857071,2,0.0,POR,WSH,47,31,10,13,12,5,24,12,End of the 2nd Quarter
2026-07-17T00:11:05Z,401857071,3,9:22,POR,WSH,47,34,10,14,12,5,24,12,Michaela Onyenwere makes 26-foot three pointer (Sonia Citron assists)
2026-07-17T00:12:20Z,401857071,3,8:20,POR,WSH,49,34,10,14,12,5,25,13,Mystics offensive team rebound
2026-07-17T00:13:35Z,401857071,3,7:42,POR,WSH,52,34,11,14,12,5,25,14,Carla Leite makes free throw 1 of 1
2026-07-17T00:14:51Z,401857071,3,6:58,POR,WSH,52,36,11,15,13,6,27,14,Frieda Buhner offensive foul turnover
2026-07-17T00:16:06Z,401857071,3,6:21,POR,WSH,54,36,11,15,15,6,27,14,Mystics Full timeout
2026-07-17T00:17:21Z,401857071,3,6:21,POR,WSH,54,36,11,15,15,6,27,14,Mystics Full timeout
2026-07-17T00:18:37Z,401857071,3,6:21,POR,WSH,54,36,11,15,15,6,27,14,Mystics Full timeout
2026-07-17T00:19:54Z,401857071,3,5:29,POR,WSH,54,36,11,15,15,6,29,15,Sarah Ashlee Barker defensive rebound
2026-07-17T00:21:09Z,401857071,3,5:12,POR,WSH,54,38,12,16,15,6,30,15,Cotie McMahon enters the game for Sonia Citron
2026-07-17T00:22:24Z,401857071,3,4:19,POR,WSH,54,38,12,17,15,6,32,15,Cotie McMahon offensive rebound
2026-07-17T00:23:39Z,401857071,3,3:52,POR,WSH,54,38,12,17,15,6,34,16,Michaela Onyenwere defensive rebound
2026-07-17T00:24:55Z,401857071,3,3:17,POR,WSH,54,38,12,17,16,7,34,16,Lauren Betts enters the game for Shakira Austin
2026-07-17T00:26:10Z,401857071,3,2:31,POR,WSH,56,39,12,18,16,7,35,17,Teja Oblak makes 8-foot floating jump shot
2026-07-17T00:27:25Z,401857071,3,1:31,POR,WSH,59,41,12,18,16,7,36,18,Michaela Onyenwere offensive rebound
2026-07-17T00:28:41Z,401857071,3,1:08,POR,WSH,59,41,13,18,16,7,36,18,(01:08) [Fire] COACH'S CHALLENGE (CALL REPLAYCENTER)
2026-07-17T00:29:57Z,401857071,3,1:08,POR,WSH,59,41,13,18,16,7,36,18,Mystics Full timeout
2026-07-17T00:31:13Z,401857071,3,1:08,POR,WSH,59,41,13,18,16,7,36,18,(01:08) [Mystics] COACH'S CHALLENGE (CALL REPLAYCENTER)
2026-07-17T00:32:28Z,401857071,3,33.9,POR,WSH,59,43,12,18,16,8,38,18,Karlie Samuelson turnover Cotie McMahon
2026-07-17T00:33:43Z,401857071,3,0.0,POR,WSH,59,45,12,19,16,8,39,18,Bridget Carleton personal foul
2026-07-17T00:34:58Z,401857071,3,0.0,POR,WSH,59,45,12,19,16,8,39,19,End of the 3rd Quarter
2026-07-17T00:36:14Z,401857071,3,0.0,POR,WSH,59,45,12,19,16,8,39,19,End of the 3rd Quarter
2026-07-17T00:37:29Z,401857071,4,9:41,POR,WSH,59,45,12,19,16,8,38,19,Emily Engstler enters the game for Frieda Buhner
2026-07-17T00:38:44Z,401857071,3,33.9,POR,WSH,59,45,12,20,16,8,38,19,Emily Engstler shooting foul
2026-07-17T00:40:01Z,401857071,4,9:41,POR,WSH,59,45,12,20,16,8,38,19,Emily Engstler shooting foul
2026-07-17T00:41:17Z,401857071,4,8:51,POR,WSH,63,48,12,20,16,8,38,19,Serah Williams makes layup (Emily Engstler assists)
2026-07-17T00:42:32Z,401857071,4,7:48,POR,WSH,66,50,12,20,16,8,39,20,Karlie Samuelson makes 28-foot three point jumper (Emily Engstler assi
2026-07-17T00:43:47Z,401857071,4,6:39,POR,WSH,68,50,12,20,17,8,39,21,enters the game for Karlie Samuelson
2026-07-17T00:45:03Z,401857071,4,6:16,POR,WSH,68,50,12,22,17,8,39,22,Teja Oblak personal foul
2026-07-17T00:46:18Z,401857071,4,5:41,POR,WSH,68,50,13,22,17,9,39,23,Official timeout
2026-07-17T00:47:33Z,401857071,4,5:41,POR,WSH,68,50,13,22,17,9,39,23,Official timeout
2026-07-17T00:48:49Z,401857071,4,5:41,POR,WSH,68,50,13,22,17,9,39,23,Official timeout
2026-07-17T00:50:05Z,401857071,4,4:47,POR,WSH,68,52,13,22,17,10,40,25,Shakira Austin makes 1-foot shot
2026-07-17T00:51:21Z,401857071,4,4:14,POR,WSH,70,52,13,23,17,11,40,25,Bridget Carleton enters the game for Luisa Geiselsoder
2026-07-17T00:52:36Z,401857071,4,3:13,POR,WSH,70,52,13,23,19,11,41,26,Bridget Carleton defensive rebound
2026-07-17T00:53:52Z,401857071,4,2:34,POR,WSH,70,52,14,23,19,10,42,27,Mystics Full timeout
2026-07-17T00:55:07Z,401857071,4,2:34,POR,WSH,70,52,14,23,19,10,42,27,Fire Full timeout
2026-07-17T00:56:22Z,401857071,4,2:34,POR,WSH,70,52,14,23,19,10,42,27,enters the game for Bridget Carleton
2026-07-17T00:57:38Z,401857071,4,2:22,POR,WSH,70,52,14,24,19,10,43,27,Cotie McMahon misses free throw 1 of 2
2026-07-17T00:58:53Z,401857071,4,1:48,POR,WSH,70,53,14,26,19,11,44,28,Angela Dugalic offensive rebound
2026-07-17T01:00:10Z,401857071,4,1:00,POR,WSH,75,54,14,26,19,11,44,29,Frieda Buhner defensive rebound
2026-07-17T01:01:25Z,401857071,4,8.5,POR,WSH,75,56,14,26,19,11,46,30,Rori Harmon makes 2-foot shot
2026-07-17T23:41:26Z,401857073,1,5:22,SEA,IND,13,17,3,2,3,4,3,2,Lexie Hull shooting foul
2026-07-17T23:41:26Z,401857074,1,5:49,ATL,TOR,7,6,1,4,2,1,6,3,Allisha Gray shooting foul
2026-07-17T23:41:26Z,401857075,1,4:45,LA,CHI,8,9,2,0,1,2,5,6,Dearica Hamby out of bounds bad pass turnover
2026-07-17T23:42:42Z,401857073,1,4:46,SEA,IND,14,19,3,2,3,5,4,3,Storm Full timeout
2026-07-17T23:42:42Z,401857074,1,5:11,ATL,TOR,7,6,2,4,3,1,7,3,Nyara Sabally offensive foul turnover
2026-07-17T23:42:42Z,401857075,1,4:30,LA,CHI,8,9,3,0,1,2,5,6,Official timeout
2026-07-17T23:43:58Z,401857073,1,4:46,SEA,IND,14,19,3,2,3,5,4,3,Storm Full timeout
2026-07-17T23:43:58Z,401857074,1,4:51,ATL,TOR,7,6,3,4,3,1,7,4,Brionna Jones misses shot
2026-07-17T23:43:58Z,401857075,1,4:30,LA,CHI,8,9,3,0,1,2,5,6,Official timeout
2026-07-17T23:45:15Z,401857073,1,4:46,SEA,IND,14,19,3,2,3,5,4,3,Storm Full timeout
2026-07-17T23:45:15Z,401857074,1,4:51,ATL,TOR,7,6,4,4,3,1,7,4,Official timeout
2026-07-17T23:45:15Z,401857075,1,4:20,LA,CHI,10,9,3,0,1,2,5,6,Cameron Brink enters the game for Erica Wheeler
2026-07-17T23:46:31Z,401857073,1,4:06,SEA,IND,14,19,3,2,3,5,5,4,Storm offensive team rebound
2026-07-17T23:46:31Z,401857074,1,4:51,ATL,TOR,7,6,4,4,3,1,7,4,Official timeout
2026-07-17T23:46:31Z,401857075,1,3:11,LA,CHI,10,11,4,0,1,3,6,8,Azura Stevens makes layup (Natasha Cloud assists)
2026-07-17T23:47:47Z,401857073,1,3:15,SEA,IND,16,23,3,3,3,5,6,5,enters the game for Natisha Hiedeman
2026-07-17T23:47:47Z,401857074,1,4:38,ATL,TOR,9,6,4,4,3,1,7,4,Brionna Jones makes free throw 1 of 2
2026-07-17T23:47:47Z,401857075,1,2:17,LA,CHI,13,13,4,0,1,3,7,9,Jacy Sheldon makes 20-foot pullup jump shot (Gabriela Jaquez assists)
2026-07-17T23:49:03Z,401857073,1,2:26,SEA,IND,19,24,3,3,4,5,7,5,"Makayla Timpson bad pass
turnover (Stefanie Dolson steals)"
2026-07-17T23:49:03Z,401857074,1,4:02,ATL,TOR,12,8,4,5,4,1,7,4,foul
2026-07-17T23:49:03Z,401857075,1,1:52,LA,CHI,13,13,4,1,2,4,8,9,Elizabeth Williams turnover
2026-07-17T23:50:19Z,401857073,1,2:13,SEA,IND,20,24,4,3,4,5,7,5,Stefanie Dolson makes free throw 2 of 2
2026-07-17T23:50:19Z,401857074,1,3:18,ATL,TOR,14,11,5,5,4,1,7,4,Naz Hillmon makes free throw 2 of 2
2026-07-17T23:50:19Z,401857075,1,46.9,LA,CHI,15,13,4,1,2,5,9,11,Erica Wheeler defensive rebound
2026-07-17T23:51:35Z,401857073,1,1:38,SEA,IND,20,26,5,4,4,5,8,5,Storm offensive team rebound
2026-07-17T23:51:35Z,401857074,1,2:29,ATL,TOR,16,13,5,6,5,1,8,4,Julie Allemand defensive rebound
2026-07-17T23:51:35Z,401857075,1,2.3,LA,CHI,17,15,4,2,3,5,9,11,foul
2026-07-17T23:52:52Z,401857073,1,44.1,SEA,IND,23,32,5,4,4,5,8,5,Dominique Malonga makes layup (Zia Cooke assists)
2026-07-17T23:52:52Z,401857074,1,2:08,ATL,TOR,16,17,5,7,5,1,9,4,Marina Mabrey defensive rebound
2026-07-17T23:52:52Z,401857075,1,0.0,LA,CHI,17,16,4,3,3,5,9,11,End of the 1st Quarter
2026-07-17T23:54:08Z,401857073,1,0.0,SEA,IND,26,37,5,4,4,5,9,5,End of the 1st Quarter
2026-07-17T23:54:08Z,401857074,1,1:48,ATL,TOR,18,17,6,7,5,1,9,5,Allisha Gray enters the game for Isobel Borlase
2026-07-17T23:54:08Z,401857075,1,0.0,LA,CHI,17,16,4,3,3,5,9,11,End of the 1st Quarter
2026-07-17T23:55:24Z,401857073,1,0.0,SEA,IND,26,37,5,4,4,5,9,5,End of the 1st Quarter
2026-07-17T23:55:24Z,401857074,1,51.2,ATL,TOR,22,19,6,7,6,1,9,6,Madina Okot enters the game for Naz Hillmon
2026-07-17T23:55:24Z,401857075,2,10:00,LA,CHI,17,16,4,3,3,5,9,11,Emma Cannon enters the game for Cameron Brink
2026-07-17T23:56:40Z,401857073,1,0.0,SEA,IND,26,37,5,4,4,5,9,5,End of the 1st Quarter
2026-07-17T23:56:40Z,401857074,1,2.3,ATL,TOR,22,23,6,8,6,1,10,6,Isabelle Harrison defensive rebound
2026-07-17T23:56:40Z,401857075,2,8:51,LA,CHI,17,19,4,3,4,5,11,11,Chloe Bibby foul
2026-07-17T23:57:56Z,401857073,2,9:32,SEA,IND,26,37,5,4,4,5,9,5,Jordan Horston enters the game for Stefanie Dolson
2026-07-17T23:57:56Z,401857074,1,0.0,ATL,TOR,23,23,7,8,6,1,10,6,Maria Conde misses shot
2026-07-17T23:57:56Z,401857075,2,8:36,LA,CHI,19,19,5,4,4,5,11,11,Emma Cannon loose ball foul
2026-07-17T23:59:12Z,401857073,2,9:13,SEA,IND,28,39,5,5,4,5,9,6,Caitlin Clark makes free throw 1 of 2
2026-07-17T23:59:12Z,401857074,1,0.0,ATL,TOR,23,23,7,8,6,1,10,6,End of the 1st Quarter
2026-07-17T23:59:12Z,401857075,2,7:38,LA,CHI,19,26,5,4,4,5,14,11,Sparks Full timeout
2026-07-18T00:00:27Z,401857073,2,8:54,SEA,IND,30,42,5,6,4,5,9,6,Caitlin Clark makes free throw 1 of 3
2026-07-18T00:00:27Z,401857074,1,0.0,ATL,TOR,23,23,7,8,6,1,10,6,End of the 1st Quarter
2026-07-18T00:00:27Z,401857075,2,7:38,LA,CHI,19,26,5,4,4,5,14,11,Sparks Full timeout
2026-07-18T00:01:44Z,401857073,2,8:16,SEA,IND,32,44,5,7,4,5,9,7,Caitlin Clark makes free throw 1 of 2
2026-07-18T00:01:44Z,401857074,2,9:24,ATL,TOR,23,23,7,8,6,1,11,6,Julie Allemand defensive rebound
2026-07-18T00:01:44Z,401857075,2,7:38,LA,CHI,19,26,5,4,3,5,13,11,Sparks Full timeout
2026-07-18T00:03:01Z,401857073,2,7:28,SEA,IND,32,49,5,7,5,6,11,7,Storm Full timeout
2026-07-18T00:03:01Z,401857074,2,8:59,ATL,TOR,24,25,8,8,6,1,11,6,Julie Allemand shooting foul
2026-07-18T00:03:01Z,401857075,2,7:14,LA,CHI,19,28,5,5,3,7,13,11,enters the game for Rachel Banham
2026-07-18T00:04:17Z,401857073,2,7:28,SEA,IND,32,49,5,7,5,6,11,7,Storm Full timeout
2026-07-18T00:04:17Z,401857074,2,8:23,ATL,TOR,25,28,9,8,7,1,12,6,enters the game for Naz Hillmon
2026-07-18T00:04:17Z,401857075,2,6:44,LA,CHI,20,30,6,5,3,7,13,11,Kamilla Cardoso makes driving layup (Natasha Cloud assists)
2026-07-18T00:05:32Z,401857073,2,7:28,SEA,IND,32,49,5,7,5,6,11,7,Storm Full timeout
2026-07-18T00:05:32Z,401857074,2,7:16,ATL,TOR,27,30,9,8,7,2,12,7,Rhyne Howard enters the game for Allisha Gray
2026-07-18T00:05:32Z,401857075,2,6:04,LA,CHI,22,32,6,5,3,7,14,11,Nneka Ogwumike makes 19-foot jumper (Rae Burrell assists)
2026-07-18T00:06:48Z,401857073,2,6:59,SEA,IND,35,49,6,7,5,6,11,7,Makayla Timpson shooting foul
2026-07-18T00:06:48Z,401857074,2,6:47,ATL,TOR,30,33,10,9,8,2,13,7,Marina Mabrey offensive foul turnover
2026-07-18T00:06:48Z,401857075,2,5:21,LA,CHI,22,33,6,6,4,8,15,12,"Sydney Taylor bad pass
turnover (Cameron Brink steals)"
2026-07-18T00:08:05Z,401857073,2,6:07,SEA,IND,39,52,6,8,6,6,13,7,Jade Melbourne makes 3-foot shot
2026-07-18T00:08:05Z,401857074,2,5:59,ATL,TOR,32,35,10,10,8,2,13,7,Allisha Gray makes driving layup (Angel Reese assists)
2026-07-18T00:08:05Z,401857075,2,4:45,LA,CHI,27,36,7,6,4,8,16,12,Gabriela Jaquez makes 22-foot three point jumper (Natasha Cloud assist
2026-07-18T00:09:21Z,401857073,2,5:26,SEA,IND,39,52,7,8,7,6,14,7,Lexie Hull offensive foul turnover
2026-07-18T00:09:21Z,401857074,2,5:59,ATL,TOR,32,35,10,10,8,2,13,7,Tempo Full timeout
2026-07-18T00:09:21Z,401857075,2,4:10,LA,CHI,29,38,7,6,5,8,17,12,Sky Full timeout
2026-07-18T00:10:36Z,401857073,2,4:32,SEA,IND,41,54,7,8,7,7,14,7,Kelsey Mitchell makes 1-foot layup (Caitlin Clark assists)
2026-07-18T00:10:36Z,401857074,2,5:59,ATL,TOR,32,35,10,10,8,2,13,7,Tempo Full timeout
2026-07-18T00:10:36Z,401857075,2,4:10,LA,CHI,29,38,7,6,5,8,17,12,Sky Full timeout
2026-07-18T00:11:52Z,401857073,2,4:03,SEA,IND,43,55,7,9,7,7,14,8,Dominique Malonga defensive rebound
2026-07-18T00:11:52Z,401857074,2,5:18,ATL,TOR,32,35,10,10,8,2,14,8,Laura Juskaite defensive rebound
2026-07-18T00:11:52Z,401857075,2,4:10,LA,CHI,29,38,7,6,5,8,17,12,Chance Gray enters the game for Erica Wheeler
2026-07-19T00:04:02Z,401857078,1,8:45,POR,MIN,2,4,0,0,0,0,1,0,Natasha Howard makes layup (Olivia Miles assists)
2026-07-19T00:05:19Z,401857078,1,8:03,POR,MIN,4,4,0,0,0,1,1,1,Emily Engstler out of bounds bad pass turnover
2026-07-19T00:06:35Z,401857078,1,7:22,POR,MIN,6,7,0,2,0,1,1,1,Olivia Miles makes free throw 1 of 1
2026-07-19T00:07:50Z,401857078,1,7:08,POR,MIN,6,9,0,3,0,1,1,1,Lynx offensive team rebound
2026-07-19T00:09:05Z,401857077,1,9:20,NY,IND,2,0,0,0,1,0,1,0,Aliyah Boston defensive rebound
2026-07-19T00:09:05Z,401857078,1,5:45,POR,MIN,8,14,0,3,0,1,3,1,Courtney Williams defensive rebound
2026-07-19T00:10:21Z,401857077,1,8:29,NY,IND,8,2,1,0,2,0,1,1,Marine Johannes makes 28-foot three pointer (Pauline Astier assists)
2026-07-19T00:10:21Z,401857078,1,4:59,POR,MIN,10,14,0,3,0,1,3,2,Carla Leite makes 3-foot shot
2026-07-19T00:11:36Z,401857077,1,7:51,NY,IND,9,4,1,0,2,0,1,1,foul
2026-07-19T00:11:36Z,401857078,1,4:43,POR,MIN,10,14,0,3,0,1,3,2,Official timeout
2026-07-19T00:12:51Z,401857077,1,7:12,NY,IND,15,4,1,1,3,0,1,2,Breanna Stewart makes 24-foot shot (Pauline Astier assists)
2026-07-19T00:12:51Z,401857078,1,4:43,POR,MIN,10,14,0,3,0,1,3,2,Official timeout
2026-07-19T00:14:06Z,401857077,1,7:12,NY,IND,15,4,1,1,3,0,1,2,Breanna Stewart makes 24-foot shot (Pauline Astier assists)
2026-07-19T00:14:06Z,401857078,1,4:14,POR,MIN,10,16,0,3,0,1,4,2,Kayla McBride defensive rebound
2026-07-19T23:46:02Z,401857082,2,2:27,CON,PHX,29,34,4,10,5,10,11,14,Leila Lacan out of bounds bad pass turnover
2026-07-19T23:47:18Z,401857082,2,1:54,CON,PHX,29,35,4,11,6,10,12,14,Noemie Brochant defensive rebound
2026-07-19T23:48:33Z,401857082,2,1:44,CON,PHX,31,35,5,12,6,10,12,14,Leila Lacan personal foul
2026-07-19T23:49:49Z,401857082,2,1:28,CON,PHX,32,37,5,12,6,10,12,14,Kahleah Copper makes free throw 2 of 2
2026-07-19T23:51:05Z,401857082,2,31.9,CON,PHX,33,41,6,12,6,10,14,14,Natasha Mack makes running layup (Alyssa Thomas assists)
2026-07-19T23:52:20Z,401857082,2,12.2,CON,PHX,33,42,6,13,6,10,14,14,Charlisse Leger-Walker shooting foul
2026-07-19T23:53:36Z,401857082,2,0.0,CON,PHX,33,43,6,13,6,10,14,14,End of the 2nd Quarter
2026-07-19T23:54:52Z,401857082,2,0.0,CON,PHX,33,43,6,13,6,10,14,14,End of the 2nd Quarter
2026-07-19T23:56:07Z,401857082,2,0.0,CON,PHX,33,43,6,13,6,10,14,14,End of the 2nd Quarter
2026-07-19T23:57:24Z,401857082,2,0.0,CON,PHX,33,43,6,13,6,10,14,14,End of the 2nd Quarter
2026-07-19T23:58:40Z,401857082,2,0.0,CON,PHX,33,43,6,13,6,10,14,14,End of the 2nd Quarter
2026-07-19T23:59:55Z,401857082,2,0.0,CON,PHX,33,43,6,13,6,10,14,14,End of the 2nd Quarter
2026-07-20T00:01:10Z,401857082,2,0.0,CON,PHX,33,43,6,13,6,10,14,14,End of the 2nd Quarter
2026-07-20T00:02:26Z,401857082,2,0.0,CON,PHX,33,43,6,13,6,10,14,14,End of the 2nd Quarter
2026-07-20T00:03:42Z,401857082,2,0.0,CON,PHX,33,43,6,13,6,10,14,14,End of the 2nd Quarter
2026-07-20T00:04:57Z,401857082,2,0.0,CON,PHX,33,43,6,13,6,10,14,14,End of the 2nd Quarter
2026-07-20T00:06:13Z,401857082,2,0.0,CON,PHX,33,43,6,13,6,10,14,14,End of the 2nd Quarter
2026-07-20T00:07:30Z,401857082,2,0.0,CON,PHX,33,43,6,13,6,10,14,14,End of the 2nd Quarter
2026-07-20T00:08:46Z,401857082,2,0.0,CON,PHX,33,43,6,13,6,10,14,14,End of the 2nd Quarter
2026-07-20T00:10:01Z,401857082,3,9:25,CON,PHX,35,43,6,13,6,10,14,15,Charlisse Leger-Walker defensive rebound
2026-07-20T00:11:17Z,401857082,3,8:43,CON,PHX,35,43,7,13,6,10,14,16,Olivia Nelson-Ododa defensive rebound
2026-07-20T00:12:32Z,401857082,3,8:04,CON,PHX,37,43,8,13,6,10,14,17,Diamond Miller defensive rebound
2026-07-20T00:13:48Z,401857082,3,6:57,CON,PHX,37,45,8,13,6,10,17,20,Alyssa Thomas makes layup (Kahleah Copper assists)
2026-07-20T00:15:04Z,401857082,3,6:47,CON,PHX,37,45,10,13,6,10,17,20,Alyssa Thomas shooting foul
2026-07-20T00:16:19Z,401857082,3,6:10,CON,PHX,42,47,11,13,6,10,17,21,Olivia Nelson-Ododa defensive rebound
2026-07-21T00:05:03Z,401892393,1,9:09,NY,DAL,0,2,0,0,0,0,0,2,Jonquel Jones misses two point shot
2026-07-21T00:06:19Z,401892393,1,8:18,NY,DAL,5,0,0,0,0,0,0,4,Breanna Stewart defensive rebound
2026-07-21T00:07:34Z,401892393,1,7:49,NY,DAL,5,3,1,0,0,1,1,5,Pauline Astier out of bounds bad pass turnover
2026-07-21T00:08:50Z,401892393,1,7:03,NY,DAL,8,6,1,2,0,1,1,6,Sabrina Ionescu makes 25-foot three point jumper (Pauline Astier assis
2026-07-21T00:10:05Z,401892393,1,6:11,NY,DAL,10,6,2,2,1,1,3,6,Awak Kuier personal foul
2026-07-21T00:11:20Z,401892393,1,5:20,NY,DAL,15,8,2,2,1,1,3,7,Sabrina Ionescu defensive rebound
2026-07-21T00:12:36Z,401892393,1,4:16,NY,DAL,15,12,3,2,1,1,5,7,Jessica Shepard defensive rebound
2026-07-21T00:13:51Z,401892393,1,2:47,NY,DAL,19,16,3,2,1,1,6,11,Arike Ogunbowale makes 14-foot pullup jump shot
2026-07-21T00:15:06Z,401857083,1,9:25,LV,TOR,0,3,0,0,0,0,1,0,Tempo offensive team rebound
2026-07-21T00:15:06Z,401892393,1,1:44,NY,DAL,21,18,3,2,1,1,7,11,Arike Ogunbowale makes two point shot
2026-07-21T00:16:23Z,401857083,1,8:22,LV,TOR,3,8,0,0,0,1,5,0,Marina Mabrey misses shot
2026-07-21T00:16:23Z,401892393,1,1:44,NY,DAL,21,18,3,3,1,1,7,11,Official timeout
2026-07-21T00:17:38Z,401857083,1,8:22,LV,TOR,3,8,0,0,0,1,5,0,Aces Full timeout
2026-07-21T00:17:38Z,401892393,1,1:44,NY,DAL,21,18,3,3,1,1,7,10,Official timeout
2026-07-21T00:18:54Z,401857083,1,8:22,LV,TOR,3,8,0,0,0,1,5,0,Aces Full timeout
2026-07-21T00:18:54Z,401892393,1,1:44,NY,DAL,21,18,3,3,1,1,7,10,Official timeout
2026-07-21T00:20:09Z,401857083,1,8:06,LV,TOR,3,8,1,0,0,1,4,1,Aces Full timeout
2026-07-21T00:20:09Z,401892393,1,1:26,NY,DAL,21,20,3,3,1,1,8,10,Jessica Shepard offensive rebound
2026-07-21T00:21:25Z,401857083,1,7:18,LV,TOR,6,9,1,1,0,2,4,2,Jackie Young makes 26-foot three pointer
2026-07-21T00:21:25Z,401892393,1,1.5,NY,DAL,25,20,3,3,1,2,8,12,Sabrina Ionescu defensive rebound
2026-07-21T00:22:40Z,401857083,1,6:32,LV,TOR,11,12,1,1,0,2,4,3,Isabelle Harrison makes driving layup
2026-07-21T00:22:40Z,401892393,1,0.0,NY,DAL,25,22,3,3,1,2,8,12,End of the 1st Quarter
2026-07-21T00:23:55Z,401857083,1,6:01,LV,TOR,13,12,1,2,1,2,4,3,Chelsea Gray shooting foul
2026-07-21T00:23:55Z,401892393,1,0.0,NY,DAL,25,22,3,3,1,2,8,12,End of the 1st Quarter
2026-07-21T00:25:11Z,401857083,1,5:21,LV,TOR,18,16,1,2,1,2,4,3,Isabelle Harrison makes 3-foot two point shot (Julie Allemand assists)
2026-07-21T00:25:11Z,401892393,2,9:45,NY,DAL,25,22,3,3,1,2,8,12,Jonquel Jones enters the game for Breanna Stewart
2026-07-21T00:26:28Z,401857083,1,4:05,LV,TOR,18,18,1,2,1,2,6,5,Julie Allemand defensive rebound
2026-07-21T00:26:28Z,401892393,2,8:58,NY,DAL,25,24,4,3,1,3,8,13,Marine Fauthoux out of bounds bad pass turnover
2026-07-21T00:27:43Z,401857083,1,2:54,LV,TOR,23,20,1,2,1,2,7,6,Jackie Young defensive rebound
2026-07-21T00:27:43Z,401892393,2,8:21,NY,DAL,27,27,5,3,1,3,9,14,Li Yueru personal foul
2026-07-21T00:28:58Z,401857083,1,2:54,LV,TOR,23,20,1,2,1,2,7,6,Tempo Full timeout
2026-07-21T00:28:58Z,401892393,2,7:45,NY,DAL,27,30,5,4,1,3,9,14,Pauline Astier enters the game for Rebekah Gardner
2026-07-21T00:30:14Z,401857083,1,2:10,LV,TOR,23,22,1,2,1,2,7,6,Kia Nurse makes 19-foot pullup jump shot
2026-07-21T00:30:14Z,401892393,2,7:27,NY,DAL,29,30,7,4,1,3,9,15,Li Yueru shooting foul
2026-07-21T00:31:29Z,401857083,1,1:18,LV,TOR,23,22,2,2,2,2,9,7,Dana Evans defensive rebound
2026-07-21T00:31:29Z,401892393,2,6:59,NY,DAL,31,30,7,5,1,3,10,15,Aziaha James offensive rebound
2026-07-21T00:32:45Z,401857083,1,44.5,LV,TOR,27,22,3,2,3,2,10,8,Julie Allemand enters the game for Marina Mabrey
2026-07-21T00:32:45Z,401892393,2,6:04,NY,DAL,37,32,7,5,2,3,10,17,Sug Sutton makes driving layup
2026-07-21T00:34:00Z,401857083,1,0.0,LV,TOR,30,24,3,2,3,2,11,8,End of the 1st Quarter
2026-07-21T00:34:00Z,401892393,2,5:22,NY,DAL,37,35,7,6,2,3,11,17,Wings Full timeout
2026-07-21T00:35:16Z,401857083,1,0.0,LV,TOR,30,24,3,2,3,2,11,8,End of the 1st Quarter
2026-07-21T00:35:16Z,401892393,2,5:22,NY,DAL,37,35,7,6,2,3,11,17,Wings Full timeout
2026-07-21T00:36:32Z,401857083,1,0.0,LV,TOR,30,24,3,2,3,2,11,8,End of the 1st Quarter
2026-07-21T00:36:32Z,401892393,2,5:22,NY,DAL,37,36,7,6,2,3,11,17,enters the game for Raquel Carrera
2026-07-21T00:37:48Z,401857083,2,9:07,LV,TOR,35,24,3,2,3,2,11,9,makes 3-foot shot
2026-07-21T00:37:48Z,401892393,2,4:41,NY,DAL,39,37,7,6,3,3,12,18,Sabrina Ionescu misses shot
2026-07-21T00:39:03Z,401857083,2,8:04,LV,TOR,40,30,3,2,3,2,11,9,Tempo Full timeout
2026-07-21T00:39:03Z,401892393,2,3:36,NY,DAL,43,39,7,6,2,3,11,20,Rebecca Allen defensive rebound
2026-07-21T00:40:19Z,401857083,2,8:04,LV,TOR,40,30,3,2,3,2,11,9,Tempo Full timeout
2026-07-21T00:40:19Z,401892393,2,3:05,NY,DAL,43,41,7,6,2,3,12,20,Liberty Full timeout
2026-07-21T00:41:34Z,401857083,2,8:04,LV,TOR,40,30,3,2,3,2,11,9,Tempo Full timeout
2026-07-21T00:41:34Z,401892393,2,3:05,NY,DAL,43,41,7,6,2,3,12,20,Liberty Full timeout
2026-07-21T00:42:49Z,401857083,2,7:34,LV,TOR,42,33,3,2,3,2,11,9,Marina Mabrey makes 26-foot three point jumper (Julie Allemand assists
2026-07-21T00:42:49Z,401892393,2,3:05,NY,DAL,43,41,7,6,2,3,12,20,Marine Fauthoux enters the game for Pauline Astier
2026-07-21T00:44:05Z,401857083,2,6:37,LV,TOR,42,33,4,2,3,2,13,11,Julie Allemand defensive rebound
2026-07-21T00:44:05Z,401892393,2,1:48,NY,DAL,43,43,7,6,2,4,13,21,Jonquel Jones enters the game for Han Xu
2026-07-21T00:45:20Z,401857083,2,5:53,LV,TOR,42,33,4,2,4,3,13,12,enters the game for Dana Evans
2026-07-21T00:45:20Z,401892393,2,1:27,NY,DAL,45,45,8,6,2,4,14,21,Breanna Stewart makes free throw 1 of 2
2026-07-21T00:46:37Z,401857083,2,4:29,LV,TOR,46,37,4,2,5,3,15,12,Laura Juskaite makes 3-foot two point shot (Isabelle Harrison assists)
2026-07-21T00:46:37Z,401892393,2,31.3,NY,DAL,45,45,8,6,2,4,14,23,Sug Sutton enters the game for Alysha Clark
2026-07-21T00:47:52Z,401857083,2,3:47,LV,TOR,48,40,4,2,5,3,15,12,Kia Nurse enters the game for Maria Conde
2026-07-21T00:47:52Z,401892393,2,27.5,NY,DAL,47,45,9,6,2,4,14,23,Rebekah Gardner enters the game for Sabrina Ionescu
2026-07-21T00:49:08Z,401857083,2,2:45,LV,TOR,50,42,5,2,5,4,16,15,Marina Mabrey misses shot
2026-07-21T00:49:08Z,401892393,2,0.0,NY,DAL,50,47,10,7,2,4,14,24,Awak Kuier shooting foul
2026-07-21T00:50:23Z,401857083,2,2:27,LV,TOR,50,42,5,2,5,4,16,15,Official timeout
2026-07-21T00:50:23Z,401892393,2,0.0,NY,DAL,50,47,10,7,2,4,14,24,End of the 2nd Quarter
2026-07-21T00:51:39Z,401857083,2,2:27,LV,TOR,50,42,5,2,5,4,16,15,Official timeout
2026-07-21T00:51:39Z,401892393,2,0.0,NY,DAL,50,47,10,7,2,4,14,24,End of the 2nd Quarter
2026-07-21T00:52:54Z,401857083,2,2:27,LV,TOR,50,42,5,2,5,4,16,15,Official timeout
2026-07-21T00:52:54Z,401892393,2,0.0,NY,DAL,50,47,10,7,2,4,14,24,End of the 2nd Quarter
2026-07-21T00:54:09Z,401857083,2,1:29,LV,TOR,55,44,5,2,5,4,16,15,NaLyssa Smith makes 8-foot hook shot (Jackie Young assists)
2026-07-21T00:54:09Z,401892393,2,0.0,NY,DAL,50,47,10,7,2,4,14,24,End of the 2nd Quarter
2026-07-21T00:55:25Z,401857083,2,50.9,LV,TOR,57,44,5,2,5,4,16,16,NaLyssa Smith makes driving layup (Chelsea Gray assists)
2026-07-21T00:55:25Z,401892393,2,0.0,NY,DAL,50,47,10,7,2,4,14,24,End of the 2nd Quarter
2026-07-21T00:56:42Z,401857083,2,24.7,LV,TOR,60,44,6,2,5,4,16,16,A'ja Wilson makes 8-foot shot (Jackie Young assists)
2026-07-21T00:56:42Z,401892393,2,0.0,NY,DAL,50,47,10,7,2,4,14,24,End of the 2nd Quarter
2026-07-21T00:57:57Z,401857083,2,0.0,LV,TOR,60,44,6,2,5,4,16,16,End of the 2nd Quarter
2026-07-21T00:57:57Z,401892393,2,0.0,NY,DAL,50,47,10,7,2,4,14,24,End of the 2nd Quarter
2026-07-21T00:59:13Z,401857083,2,0.0,LV,TOR,60,44,6,2,5,4,16,16,End of the 2nd Quarter
2026-07-21T00:59:13Z,401892393,2,0.0,NY,DAL,50,47,10,7,2,4,14,24,End of the 2nd Quarter
2026-07-21T01:00:28Z,401857083,2,0.0,LV,TOR,60,44,6,2,5,4,16,16,End of the 2nd Quarter
2026-07-21T01:00:28Z,401892393,2,0.0,NY,DAL,50,47,10,7,2,4,14,24,End of the 2nd Quarter
2026-07-21T01:01:44Z,401857083,2,0.0,LV,TOR,60,44,6,2,5,4,16,16,End of the 2nd Quarter
2026-07-21T01:01:44Z,401892393,2,0.0,NY,DAL,50,47,10,7,2,4,14,24,End of the 2nd Quarter
2026-07-21T01:02:59Z,401857083,2,0.0,LV,TOR,60,44,6,2,5,4,16,16,End of the 2nd Quarter
2026-07-21T01:02:59Z,401892393,2,0.0,NY,DAL,50,47,10,7,2,4,14,24,End of the 2nd Quarter
2026-07-21T01:04:15Z,401857083,2,0.0,LV,TOR,60,44,6,2,5,4,16,16,End of the 2nd Quarter
2026-07-21T01:04:15Z,401892393,2,0.0,NY,DAL,50,47,10,7,2,4,14,24,End of the 2nd Quarter
2026-07-21T01:05:30Z,401857083,2,0.0,LV,TOR,60,44,6,2,5,4,16,16,End of the 2nd Quarter
2026-07-21T01:05:30Z,401892393,3,9:43,NY,DAL,50,50,10,7,2,4,14,24,Pauline Astier enters the game for Marine Fauthoux
2026-07-21T01:06:46Z,401857083,2,0.0,LV,TOR,60,44,6,2,5,4,16,16,End of the 2nd Quarter
2026-07-21T01:06:46Z,401892393,3,8:52,NY,DAL,50,50,11,7,2,4,14,25,shot clock turnover 
2026-07-21T01:08:02Z,401857083,2,0.0,LV,TOR,60,44,6,2,5,4,16,16,End of the 2nd Quarter
2026-07-21T01:08:02Z,401892393,3,7:41,NY,DAL,50,55,11,7,2,4,16,27,Liberty Full timeout
2026-07-21T01:09:18Z,401857083,2,0.0,LV,TOR,60,44,6,2,5,4,16,16,End of the 2nd Quarter
2026-07-21T01:09:18Z,401892393,3,7:41,NY,DAL,50,55,11,7,2,4,16,27,Liberty Full timeout
2026-07-21T01:10:33Z,401857083,2,0.0,LV,TOR,60,44,6,2,5,4,16,16,End of the 2nd Quarter
2026-07-21T01:10:33Z,401892393,3,7:41,NY,DAL,50,55,11,7,2,4,16,27,Liberty Full timeout
2026-07-21T01:11:48Z,401857083,2,0.0,LV,TOR,60,44,6,2,5,4,16,16,End of the 2nd Quarter
2026-07-21T01:11:48Z,401892393,3,7:11,NY,DAL,50,55,11,7,2,4,17,27,Jessica Shepard defensive rebound
2026-07-21T01:13:04Z,401857083,2,0.0,LV,TOR,60,44,6,2,5,4,16,16,End of the 2nd Quarter
2026-07-21T01:13:04Z,401892393,3,6:53,NY,DAL,50,55,13,7,3,4,17,27,Jonquel Jones misses free throw 1 of 2
2026-07-21T01:14:19Z,401857083,3,10:00,LV,TOR,60,44,6,2,5,4,16,16,End of the 2nd Quarter
2026-07-21T01:14:19Z,401892393,3,6:07,NY,DAL,51,57,13,7,3,4,18,27,Awak Kuier defensive rebound
2026-07-21T01:15:35Z,401857083,3,9:02,LV,TOR,62,44,6,2,5,4,17,17,NaLyssa Smith makes 2-foot shot (Chelsea Gray assists)
2026-07-21T01:15:35Z,401892393,3,5:46,NY,DAL,51,59,13,8,4,4,19,27,Jonquel Jones shooting foul
2026-07-22T23:54:08Z,401857088,2,0.0,CHI,NY,46,48,7,7,8,6,20,15,End of the 2nd Quarter
2026-07-22T23:54:08Z,401857089,1,0.0,LV,WSH,22,21,1,4,2,0,12,8,End of the 1st Quarter
2026-07-22T23:55:24Z,401857088,2,0.0,CHI,NY,46,48,7,7,8,6,20,15,End of the 2nd Quarter
2026-07-22T23:55:24Z,401857089,2,9:18,LV,WSH,22,23,1,5,2,1,14,8,Chelsea Gray offensive foul turnover
2026-07-22T23:56:40Z,401857088,2,0.0,CHI,NY,46,48,7,7,8,6,20,15,End of the 2nd Quarter
2026-07-22T23:56:40Z,401857089,2,9:18,LV,WSH,22,23,1,5,2,1,14,8,Chelsea Gray offensive foul turnover
2026-07-22T23:57:56Z,401857088,2,0.0,CHI,NY,46,48,7,7,8,6,20,15,End of the 2nd Quarter
2026-07-22T23:57:56Z,401857089,2,9:18,LV,WSH,22,23,1,5,2,1,14,8,Chelsea Gray offensive foul turnover
2026-07-22T23:59:11Z,401857088,2,0.0,CHI,NY,46,48,7,7,8,6,20,15,End of the 2nd Quarter
2026-07-22T23:59:11Z,401857089,2,9:18,LV,WSH,22,23,1,5,2,1,14,8,(09:18) [Aces] REF-INITIATED REVIEW (CALL OVERTURNED)
2026-07-23T00:00:28Z,401857088,2,0.0,CHI,NY,46,48,7,7,8,6,20,15,End of the 2nd Quarter
2026-07-23T00:00:28Z,401857089,2,8:57,LV,WSH,22,24,1,5,3,1,14,8,Sonia Citron makes free throw flagrant 2 of 2
2026-07-23T00:01:43Z,401857088,2,0.0,CHI,NY,46,48,7,7,8,6,20,15,End of the 2nd Quarter
2026-07-23T00:01:43Z,401857089,2,8:10,LV,WSH,22,26,2,5,3,2,14,8,Jewell Loyd steps out of bounds turnover
2026-07-23T00:02:59Z,401857088,2,0.0,CHI,NY,46,48,7,7,8,6,20,15,End of the 2nd Quarter
2026-07-23T00:02:59Z,401857089,2,7:07,LV,WSH,26,30,2,6,3,2,15,8,Georgia Amoore makes 3-foot shot (Angela Dugalic assists)
2026-07-23T00:04:15Z,401857088,2,0.0,CHI,NY,46,48,7,7,8,6,20,15,End of the 2nd Quarter
2026-07-23T00:04:15Z,401857089,2,6:25,LV,WSH,26,30,2,6,3,2,15,8,enters the game for Jewell Loyd
2026-07-23T00:05:32Z,401857088,2,0.0,CHI,NY,46,48,7,7,8,6,20,15,End of the 2nd Quarter
2026-07-23T00:05:32Z,401857089,2,6:12,LV,WSH,28,32,3,6,3,2,15,8,A'ja Wilson foul
2026-07-23T00:06:48Z,401857088,3,9:48,CHI,NY,46,49,7,7,8,6,20,15,Sabrina Ionescu makes technical free throw
2026-07-23T00:06:48Z,401857089,2,5:51,LV,WSH,28,34,3,7,3,3,15,9,Aces Full timeout
2026-07-23T00:08:03Z,401857088,3,8:48,CHI,NY,50,53,7,7,8,7,20,15,Pauline Astier makes driving layup
2026-07-23T00:08:03Z,401857089,2,5:51,LV,WSH,28,34,3,7,3,3,15,9,Aces Full timeout
2026-07-23T00:08:03Z,401857090,1,9:39,CON,IND,2,3,0,0,0,0,0,0,Olivia Nelson-Ododa vs. Aliyah Boston (Aneesah Morrow gains possession
2026-07-23T00:09:19Z,401857088,3,8:23,CHI,NY,51,53,8,8,9,7,20,15,Pauline Astier shooting foul
2026-07-23T00:09:19Z,401857089,2,5:51,LV,WSH,28,34,3,7,3,3,15,9,Aces Full timeout
2026-07-23T00:09:19Z,401857090,1,8:27,CON,IND,4,8,0,1,0,0,0,0,Kelsey Mitchell makes 2-foot layup (Aliyah Boston assists)
2026-07-23T00:10:36Z,401857088,3,8:09,CHI,NY,52,54,8,9,9,7,20,15,Jonquel Jones misses free throw 1 of 2
2026-07-23T00:10:36Z,401857089,2,5:10,LV,WSH,30,34,3,7,3,3,16,9,foul
2026-07-23T00:10:36Z,401857090,1,7:42,CON,IND,4,8,0,1,1,2,1,2,Monique Billings defensive rebound
2026-07-23T00:11:51Z,401857088,3,7:57,CHI,NY,52,54,9,9,9,7,20,15,Rebecca Allen shooting foul
2026-07-23T00:11:51Z,401857089,2,4:15,LV,WSH,34,36,3,8,3,3,16,10,Jackie Young defensive rebound
2026-07-23T00:11:51Z,401857090,1,6:47,CON,IND,6,10,1,1,2,2,2,2,Aliyah Boston defensive rebound
2026-07-23T00:13:07Z,401857088,3,7:57,CHI,NY,52,54,9,9,9,7,20,15,Rebecca Allen shooting foul
2026-07-23T00:13:07Z,401857089,2,3:28,LV,WSH,34,36,3,9,4,3,18,11,Jackie Young loose ball foul
2026-07-23T00:13:07Z,401857090,1,6:20,CON,IND,11,12,2,1,3,2,3,2,makes 3-foot shot
2026-07-23T00:14:23Z,401857088,3,7:57,CHI,NY,54,55,9,9,9,7,20,15,Sabrina Ionescu makes technical free throw
2026-07-23T00:14:23Z,401857089,2,3:15,LV,WSH,34,37,4,9,4,3,18,12,Michaela Onyenwere personal foul
2026-07-23T00:14:23Z,401857090,1,5:31,CON,IND,11,17,2,1,3,2,4,2,Sun Full timeout
2026-07-23T00:15:40Z,401857088,3,7:09,CHI,NY,56,55,9,10,9,7,20,16,Sydney Taylor makes running layup (Courtney Vandersloot assists)
2026-07-23T00:15:40Z,401857089,2,2:46,LV,WSH,38,37,5,9,4,3,19,13,A'ja Wilson defensive rebound
2026-07-23T00:15:40Z,401857090,1,5:31,CON,IND,11,17,2,1,3,2,4,2,Sun Full timeout
2026-07-23T00:16:56Z,401857088,3,6:36,CHI,NY,56,57,9,11,9,7,21,16,Jonquel Jones defensive rebound
2026-07-23T00:16:56Z,401857089,2,2:46,LV,WSH,38,37,5,9,4,3,19,13,Mystics Full timeout
2026-07-23T00:16:56Z,401857090,1,5:31,CON,IND,11,17,2,1,3,2,4,2,Sun Full timeout
2026-07-23T00:18:16Z,401857088,3,5:51,CHI,NY,60,60,9,12,10,7,21,16,Elizabeth Williams enters the game for Kamilla Cardoso
2026-07-23T00:18:16Z,401857089,2,2:46,LV,WSH,38,37,5,9,4,3,19,13,Mystics Full timeout
2026-07-23T00:18:16Z,401857090,1,4:25,CON,IND,15,19,2,1,3,2,4,4,Kennedy Burke defensive rebound
2026-07-23T00:19:32Z,401857088,3,4:48,CHI,NY,63,63,9,12,10,7,22,17,Natasha Cloud makes 27-foot shot
2026-07-23T00:19:32Z,401857089,2,2:08,LV,WSH,38,39,5,9,4,3,19,13,Mystics Full timeout
2026-07-23T00:19:32Z,401857090,1,4:01,CON,IND,17,21,3,1,3,2,4,4,Nell Angloma makes free throw 2 of 2
2026-07-23T00:20:48Z,401857088,3,4:35,CHI,NY,63,63,9,12,11,7,22,17,Official timeout
2026-07-23T00:20:48Z,401857089,2,1:34,LV,WSH,42,41,6,9,4,3,19,13,Jackie Young makes free throw 2 of 2
2026-07-23T00:20:48Z,401857090,1,3:37,CON,IND,19,24,3,2,3,2,4,4,enters the game for Nell Angloma
2026-07-23T00:22:04Z,401857088,3,4:35,CHI,NY,63,63,9,12,11,7,22,17,Official timeout
2026-07-23T00:22:04Z,401857089,2,46.3,LV,WSH,45,44,7,9,4,3,20,14,Chelsea Gray makes 24-foot three point jumper (A'ja Wilson assists)
2026-07-23T00:22:04Z,401857090,1,3:37,CON,IND,19,24,3,2,3,2,4,4,Leila Lacan enters the game for Nell Angloma
2026-07-23T00:23:20Z,401857088,3,4:09,CHI,NY,65,63,9,12,11,7,22,17,Gabriela Jaquez enters the game for Sydney Taylor
2026-07-23T00:23:20Z,401857089,2,27.5,LV,WSH,45,46,7,10,4,3,21,14,Kiki Iriafen offensive rebound
2026-07-23T00:23:20Z,401857090,1,3:25,CON,IND,19,27,3,2,3,2,5,4,Makayla Timpson makes 3-foot shot
2026-07-23T00:24:36Z,401857088,3,3:01,CHI,NY,65,63,9,12,11,7,23,18,Han Xu enters the game for Jonquel Jones
2026-07-23T00:24:36Z,401857089,2,0.0,LV,WSH,45,46,7,10,4,3,21,14,End of the 2nd Quarter
2026-07-23T00:24:36Z,401857090,1,3:00,CON,IND,20,27,4,2,3,2,6,4,Myisha Hines-Allen defensive rebound
2026-07-23T00:25:54Z,401857088,3,2:47,CHI,NY,65,64,10,12,11,7,24,18,Sabrina Ionescu defensive rebound
2026-07-23T00:25:54Z,401857089,2,0.0,LV,WSH,45,46,7,10,4,3,21,14,End of the 2nd Quarter
2026-07-23T00:25:54Z,401857090,1,2:03,CON,IND,22,27,4,2,4,2,7,5,Makayla Timpson defensive rebound
2026-07-23T00:27:09Z,401857088,3,2:38,CHI,NY,67,65,11,13,11,7,24,18,Courtney Vandersloot makes free throw 1 of 2
2026-07-23T00:27:09Z,401857089,2,0.0,LV,WSH,45,46,7,10,4,3,21,14,End of the 2nd Quarter
2026-07-23T00:27:09Z,401857090,1,42.5,CON,IND,24,33,4,2,4,3,8,6,Kelsey Mitchell defensive rebound
2026-07-23T00:28:26Z,401857088,3,1:49,CHI,NY,69,68,11,14,11,7,24,19,Elizabeth Williams makes 2-foot layup (Courtney Vandersloot assists)
2026-07-23T00:28:26Z,401857089,2,0.0,LV,WSH,45,46,7,10,4,3,21,14,End of the 2nd Quarter
2026-07-23T00:28:26Z,401857090,1,2.4,CON,IND,26,36,4,2,4,3,9,7,Leila Lacan makes two point shot
2026-07-23T00:29:41Z,401857088,3,57.3,CHI,NY,71,68,11,14,11,7,25,20,Rebekah Gardner defensive rebound
2026-07-23T00:29:41Z,401857089,2,0.0,LV,WSH,45,46,7,10,4,3,21,14,End of the 2nd Quarter
2026-07-23T00:29:41Z,401857090,1,0.0,CON,IND,26,36,4,3,4,3,9,7,End of the 1st Quarter
2026-07-23T00:30:57Z,401857088,3,19.6,CHI,NY,71,70,11,15,11,7,26,21,Rebekah Gardner defensive rebound
2026-07-23T00:30:57Z,401857089,2,0.0,LV,WSH,45,46,7,10,4,3,21,14,End of the 2nd Quarter
2026-07-23T00:30:57Z,401857090,1,0.0,CON,IND,26,36,4,3,4,3,9,7,End of the 1st Quarter
2026-07-23T00:32:13Z,401857088,3,0.0,CHI,NY,71,70,11,15,11,7,26,22,End of the 3rd Quarter
2026-07-23T00:32:13Z,401857089,2,0.0,LV,WSH,45,46,7,10,4,3,21,14,End of the 2nd Quarter
2026-07-23T00:32:13Z,401857090,2,10:00,CON,IND,26,36,4,3,4,3,9,7,End of the 1st Quarter
2026-07-23T00:33:29Z,401857088,3,0.0,CHI,NY,71,70,11,15,11,7,26,22,End of the 3rd Quarter
2026-07-23T00:33:29Z,401857089,2,0.0,LV,WSH,45,46,7,10,4,3,21,14,End of the 2nd Quarter
2026-07-23T00:33:29Z,401857090,2,9:10,CON,IND,26,41,4,4,4,3,10,8,Aliyah Boston misses free throw 1 of 1
2026-07-23T00:34:46Z,401857088,3,0.0,CHI,NY,71,70,11,15,11,7,26,22,End of the 3rd Quarter
2026-07-23T00:34:46Z,401857089,2,0.0,LV,WSH,45,46,7,10,4,3,21,14,End of the 2nd Quarter
2026-07-23T00:34:46Z,401857090,2,8:22,CON,IND,26,44,4,4,4,4,10,8,enters the game for Diamond Miller
2026-07-23T00:36:03Z,401857088,4,9:03,CHI,NY,71,70,11,15,12,7,27,22,"Rebecca Allen bad pass
turnover (Elizabeth Williams steals)"
2026-07-23T00:36:03Z,401857089,2,0.0,LV,WSH,45,46,7,10,4,3,21,14,End of the 2nd Quarter
2026-07-23T00:36:03Z,401857090,2,7:36,CON,IND,26,46,4,4,4,5,12,9,Aneesah Morrow blocks Tyasha Harris 's 5-foot shot
2026-07-23T00:37:19Z,401857088,4,8:13,CHI,NY,73,70,12,15,12,7,27,23,Aicha Coulibaly defensive rebound
2026-07-23T00:37:19Z,401857089,2,0.0,LV,WSH,45,46,7,10,4,3,21,14,End of the 2nd Quarter
2026-07-23T00:37:19Z,401857090,2,7:32,CON,IND,26,46,4,4,4,5,12,9,Sun Full timeout
2026-07-23T00:38:35Z,401857088,4,7:47,CHI,NY,76,72,12,16,12,7,28,24,Gabriela Jaquez offensive rebound
2026-07-23T00:38:35Z,401857089,2,0.0,LV,WSH,45,46,7,10,4,3,21,14,End of the 2nd Quarter
2026-07-23T00:38:35Z,401857090,2,7:32,CON,IND,26,46,4,4,4,5,12,9,Sun Full timeout
2026-07-23T00:39:51Z,401857088,4,7:21,CHI,NY,79,72,12,16,12,7,28,25,Liberty Full timeout
2026-07-23T00:39:51Z,401857089,2,0.0,LV,WSH,45,46,7,10,4,3,21,14,End of the 2nd Quarter
2026-07-23T00:39:51Z,401857090,2,7:17,CON,IND,28,46,4,4,4,5,12,9,Sun Full timeout
2026-07-23T00:41:07Z,401857088,4,7:21,CHI,NY,79,72,12,16,12,7,28,25,Liberty Full timeout
2026-07-23T00:41:07Z,401857089,2,0.0,LV,WSH,45,46,7,10,4,3,21,14,End of the 2nd Quarter
2026-07-23T00:41:07Z,401857090,2,6:16,CON,IND,28,46,4,5,4,5,14,10,Olivia Nelson-Ododa blocks Aliyah Boston 's 5-foot shot
2026-07-23T00:43:39Z,401857088,4,6:29,CHI,NY,81,72,12,16,12,7,29,26,Liberty offensive team rebound
2026-07-23T00:43:39Z,401857089,3,8:24,LV,WSH,50,48,8,10,6,3,23,14,Chelsea Gray kicked ball violation
2026-07-23T00:43:39Z,401857090,2,4:52,CON,IND,30,51,4,6,4,5,17,10,Aliyah Boston makes free throw 1 of 1
2026-07-23T00:44:54Z,401857088,4,5:33,CHI,NY,81,72,12,16,12,7,31,28,Sydney Taylor defensive rebound
2026-07-23T00:44:54Z,401857089,3,7:57,LV,WSH,50,49,8,11,6,3,23,15,A'ja Wilson defensive rebound
2026-07-23T00:44:54Z,401857090,2,4:34,CON,IND,30,51,4,8,4,5,17,10,Fever offensive team rebound
2026-07-23T00:46:12Z,401857088,4,5:08,CHI,NY,84,72,12,16,12,7,31,28,Sky defensive team rebound
2026-07-23T00:46:12Z,401857089,3,7:00,LV,WSH,52,51,8,11,6,4,24,16,Jackie Young defensive rebound
2026-07-23T00:46:12Z,401857090,2,3:44,CON,IND,11,54,4,9,4,6,18,10,Lexie Hull defensive rebound
2026-07-23T00:47:28Z,401857088,4,4:29,CHI,NY,84,74,13,16,12,7,32,28,Kamilla Cardoso misses shot
2026-07-23T00:47:28Z,401857089,3,6:41,LV,WSH,55,51,9,12,7,4,24,16,foul
2026-07-23T00:47:28Z,401857090,2,3:00,CON,IND,33,58,4,9,4,6,19,10,Diamond Miller makes 27-foot three point jumper (Saniya Rivers assists
2026-07-23T00:48:44Z,401857088,4,4:19,CHI,NY,84,77,13,17,12,7,33,28,Sky Full timeout
2026-07-23T00:48:44Z,401857089,3,6:28,LV,WSH,55,53,10,12,7,4,24,16,Cotie McMahon personal foul
2026-07-23T00:48:44Z,401857090,2,2:09,CON,IND,36,60,4,10,4,6,20,10,Kelsey Mitchell makes 2-foot layup (Aliyah Boston assists)
2026-07-23T00:50:00Z,401857088,4,4:19,CHI,NY,84,77,13,17,12,7,33,28,Sky Full timeout
2026-07-23T00:50:00Z,401857089,3,5:53,LV,WSH,57,53,11,12,7,4,24,17,A'ja Wilson makes free throw 2 of 2
2026-07-23T00:50:00Z,401857090,2,2:09,CON,IND,36,60,4,10,4,6,20,10,Official timeout
2026-07-23T00:51:16Z,401857088,4,4:19,CHI,NY,84,77,13,17,12,7,33,28,Sky Full timeout
2026-07-23T00:51:16Z,401857089,3,5:38,LV,WSH,60,53,13,13,8,4,24,17,Jackie Young makes 11-foot shot
2026-07-23T00:51:16Z,401857090,2,2:09,CON,IND,36,60,4,10,4,6,20,10,Official timeout
2026-07-23T00:52:32Z,401857088,4,3:29,CHI,NY,84,80,13,17,12,8,34,28,Sabrina Ionescu makes 24-foot shot
2026-07-23T00:52:32Z,401857089,3,5:16,LV,WSH,61,53,13,14,8,4,24,17,Cheyenne Parker-Tyus enters the game for NaLyssa Smith
2026-07-23T00:52:32Z,401857090,2,1:41,CON,IND,39,62,4,10,4,6,20,11,Raegan Beers offensive rebound
2026-07-23T00:53:48Z,401857088,4,2:36,CHI,NY,86,83,13,18,12,8,35,28,Breanna Stewart defensive rebound
2026-07-23T00:53:48Z,401857089,3,4:49,LV,WSH,61,55,13,14,9,4,25,17,Kiki Iriafen defensive rebound
2026-07-23T00:53:48Z,401857090,2,55.7,CON,IND,41,68,4,11,4,6,20,11,Gianna Kneepkens shooting foul
2026-07-23T00:55:04Z,401857088,4,2:34,CHI,NY,86,85,13,18,12,8,35,28,Sky Full timeout
2026-07-23T00:55:04Z,401857089,3,4:08,LV,WSH,63,57,14,14,9,4,25,17,Official timeout
2026-07-23T00:55:04Z,401857090,2,7.2,CON,IND,44,68,5,11,4,6,20,12,Kennedy Burke defensive rebound
2026-07-23T00:56:22Z,401857088,4,2:02,CHI,NY,88,85,13,18,12,8,35,28,Sky Full timeout
2026-07-23T00:56:22Z,401857089,3,4:08,LV,WSH,63,57,14,14,9,4,25,17,Official timeout
2026-07-23T00:56:22Z,401857090,2,0.0,CON,IND,46,70,6,11,4,6,20,12,End of the 2nd Quarter
2026-07-23T00:57:38Z,401857088,4,1:41,CHI,NY,91,85,14,18,12,8,35,29,Sydney Taylor makes free throw 1 of 1
2026-07-23T00:57:38Z,401857089,3,4:08,LV,WSH,63,57,14,14,9,4,25,17,Official timeout
2026-07-23T00:57:38Z,401857090,2,0.0,CON,IND,46,70,6,11,4,6,20,12,End of the 2nd Quarter
2026-07-23T00:58:54Z,401857088,4,58.9,CHI,NY,91,85,14,18,13,9,35,29,Sky defensive team rebound
2026-07-23T00:58:54Z,401857089,3,3:38,LV,WSH,65,59,15,14,9,4,25,17,Sonia Citron makes 4-foot two point shot
2026-07-23T00:58:54Z,401857090,2,0.0,CON,IND,46,70,6,11,4,6,20,12,End of the 2nd Quarter
2026-07-23T01:00:09Z,401857088,4,55.0,CHI,NY,93,88,15,18,13,9,35,29,Liberty Reset Timeout
2026-07-23T01:00:09Z,401857089,3,3:05,LV,WSH,68,62,15,14,9,4,25,17,Jackie Young makes free throw 2 of 2
2026-07-23T01:00:09Z,401857090,2,0.0,CON,IND,46,70,6,11,4,6,20,12,End of the 2nd Quarter
2026-07-23T01:01:25Z,401857088,4,30.3,CHI,NY,93,88,15,18,13,9,35,29,Liberty Full timeout
2026-07-23T01:01:25Z,401857089,3,2:47,LV,WSH,68,64,15,15,9,4,25,17,Kiki Iriafen makes free throw 2 of 2
2026-07-23T01:01:25Z,401857090,2,0.0,CON,IND,46,70,6,11,4,6,20,12,End of the 2nd Quarter
2026-07-23T01:02:41Z,401857088,4,27.3,CHI,NY,93,91,15,18,13,9,35,29,Sky Full timeout
2026-07-23T01:02:41Z,401857089,3,2:30,LV,WSH,71,67,16,15,9,4,25,17,Shakira Austin enters the game for Kiki Iriafen
2026-07-23T01:02:41Z,401857090,2,0.0,CON,IND,46,70,6,11,4,6,20,12,End of the 2nd Quarter
2026-07-23T01:03:57Z,401857088,4,26.3,CHI,NY,93,91,15,18,13,9,35,29,Sky Full timeout
2026-07-23T01:03:57Z,401857089,3,1:30,LV,WSH,75,70,16,15,9,4,25,17,Chelsea Gray makes 18-foot pullup jump shot
2026-07-23T01:03:57Z,401857090,2,0.0,CON,IND,46,70,6,11,4,6,20,12,End of the 2nd Quarter
2026-07-23T01:05:13Z,401857088,4,15.1,CHI,NY,94,93,16,18,13,9,36,29,foul
2026-07-23T01:05:13Z,401857089,3,57.6,LV,WSH,75,71,16,16,10,5,25,17,"Dana Evans bad pass
turnover (Lauren Betts steals)"
2026-07-23T01:05:13Z,401857090,2,0.0,CON,IND,46,70,6,11,4,6,20,12,End of the 2nd Quarter
2026-07-23T01:06:31Z,401857088,4,15.1,CHI,NY,94,94,16,19,13,9,36,29,Sky Reset Timeout
2026-07-23T01:06:31Z,401857089,3,0.0,LV,WSH,78,71,16,16,11,5,26,18,Shakira Austin defensive rebound
2026-07-23T01:06:31Z,401857090,2,0.0,CON,IND,46,70,6,11,4,6,20,12,End of the 2nd Quarter
2026-07-23T01:07:47Z,401857088,4,3.4,CHI,NY,94,95,16,20,13,9,37,29,Jonquel Jones makes free throw 1 of 2
2026-07-23T01:07:47Z,401857089,3,0.0,LV,WSH,78,71,16,16,11,5,26,18,End of the 3rd Quarter
2026-07-23T01:07:47Z,401857090,2,0.0,CON,IND,46,70,6,11,4,6,20,12,End of the 2nd Quarter
2026-07-23T01:09:03Z,401857089,3,0.0,LV,WSH,78,71,16,16,11,5,26,18,End of the 3rd Quarter
2026-07-23T01:09:03Z,401857090,2,0.0,CON,IND,46,70,6,11,4,6,20,12,End of the 2nd Quarter
2026-07-23T01:10:19Z,401857089,4,9:40,LV,WSH,78,71,16,16,11,5,27,18,Lauren Betts defensive rebound
2026-07-23T01:10:19Z,401857090,2,0.0,CON,IND,46,70,6,11,4,6,20,12,End of the 2nd Quarter
2026-07-23T01:11:34Z,401857088,4,15.1,CHI,NY,94,94,16,20,13,9,37,30,End of Game
2026-07-23T01:11:34Z,401857089,4,8:17,LV,WSH,82,73,16,16,11,5,27,19,Georgia Amoore makes driving layup
2026-07-23T01:11:34Z,401857090,2,0.0,CON,IND,46,70,6,11,4,6,20,12,End of the 2nd Quarter
2026-07-23T01:12:50Z,401857089,4,7:44,LV,WSH,82,75,16,18,11,6,27,20,Kiki Iriafen enters the game for Shakira Austin
2026-07-23T01:12:50Z,401857090,3,9:41,CON,IND,46,72,6,11,4,6,20,12,Leila Lacan enters the game for Kennedy Burke
2026-07-23T01:14:06Z,401857089,4,6:55,LV,WSH,82,78,16,19,11,7,28,21,Aces Full timeout
2026-07-23T01:14:06Z,401857090,3,8:39,CON,IND,46,74,6,11,4,7,22,13,Sun offensive team rebound
2026-07-23T01:15:22Z,401857089,4,6:55,LV,WSH,82,78,16,19,11,7,28,21,Aces Full timeout
2026-07-23T01:15:22Z,401857090,3,8:14,CON,IND,46,76,7,11,4,8,22,14,Sun Full timeout
2026-07-28T23:49:49Z,401857092,1,3:06,CON,WSH,22,20,4,4,3,0,5,2,Alicia Florez defensive rebound
2026-07-28T23:51:05Z,401857092,1,2:06,CON,WSH,24,23,5,4,4,0,6,2,Angela Dugalic offensive foul turnover
2026-07-28T23:52:21Z,401857092,1,1:44,CON,WSH,24,24,5,5,4,0,7,2,Mystics offensive team rebound
2026-07-28T23:53:37Z,401857092,1,31.5,CON,WSH,29,26,5,5,4,0,7,3,Lauren Betts makes layup (Georgia Amoore assists)
2026-07-28T23:54:53Z,401857092,1,3.8,CON,WSH,30,26,6,5,4,0,7,4,Olivia Nelson-Ododa misses free throw 1 of 2
2026-07-28T23:56:09Z,401857092,1,0.0,CON,WSH,33,26,6,5,5,0,7,4,(00:00) [Sun] COACH'S CHALLENGE (CALL REPLAYCENTER)
2026-07-28T23:57:25Z,401857092,1,0.0,CON,WSH,33,26,6,5,5,0,7,4,End of the 1st Quarter
2026-07-28T23:58:40Z,401857092,1,0.0,CON,WSH,33,26,6,5,5,0,7,4,Raegan Beers enters the game for Olivia Nelson-Ododa
2026-07-28T23:59:56Z,401857092,2,9:00,CON,WSH,33,29,6,5,5,0,9,5,Michaela Onyenwere offensive rebound
2026-07-29T00:01:14Z,401857092,2,8:24,CON,WSH,33,29,7,6,6,1,10,5,Michaela Onyenwere defensive rebound
2026-07-29T00:02:29Z,401857092,2,7:32,CON,WSH,36,29,7,7,8,1,10,6,Diamond Miller personal foul
2026-07-29T00:03:46Z,401857092,2,6:27,CON,WSH,38,34,7,7,8,2,11,6,Leila Lacan makes 9-foot pullup jump shot
2026-07-29T00:03:46Z,401857093,1,9:36,TOR,MIN,3,1,0,1,0,0,0,0,Laura Juskaite shooting foul
2026-07-29T00:05:02Z,401857092,2,6:27,CON,WSH,38,34,7,8,8,2,11,6,Sun Full timeout
2026-07-29T00:05:02Z,401857093,1,8:54,TOR,MIN,6,2,0,1,0,0,1,1,Olivia Miles offensive rebound
2026-07-29T00:06:18Z,401857092,2,6:27,CON,WSH,38,34,7,8,8,2,11,6,Sun Full timeout
2026-07-29T00:06:18Z,401857093,1,8:27,TOR,MIN,8,5,1,1,0,0,1,1,Olivia Miles personal foul
2026-07-29T00:07:34Z,401857092,2,6:27,CON,WSH,38,36,7,8,8,2,11,6,Shakira Austin makes free throw 1 of 2
2026-07-29T00:07:34Z,401857093,1,8:07,TOR,MIN,8,7,1,2,0,1,1,2,Marina Mabrey shooting foul
2026-07-29T00:08:50Z,401857092,2,5:14,CON,WSH,43,38,7,8,8,2,12,8,Sun offensive team rebound
2026-07-29T00:08:50Z,401857093,1,6:52,TOR,MIN,12,12,1,2,1,1,2,2,Julie Allemand makes running layup (Marina Mabrey assists)
2026-07-29T00:10:06Z,401857092,2,4:43,CON,WSH,43,40,8,8,8,2,13,8,Sonia Citron shooting foul
2026-07-29T00:10:06Z,401857093,1,6:10,TOR,MIN,17,12,2,2,1,1,2,4,Lynx Full timeout
2026-07-29T00:11:24Z,401857092,2,4:43,CON,WSH,43,40,8,8,8,2,13,8,(04:43) [Sun] COACH'S CHALLENGE (CALL REPLAYCENTER)
2026-07-29T00:11:24Z,401857093,1,6:10,TOR,MIN,17,12,2,2,1,1,2,4,Lynx Full timeout
2026-07-29T00:12:40Z,401857092,2,4:43,CON,WSH,43,40,8,8,8,2,13,8,(04:43) [Sun] COACH'S CHALLENGE (CALL REPLAYCENTER)
2026-07-29T00:12:40Z,401857093,1,6:10,TOR,MIN,17,12,2,2,1,1,2,4,Lynx Full timeout
2026-07-29T00:13:56Z,401857092,2,4:39,CON,WSH,43,41,8,8,8,2,13,8,Sun offensive team rebound
2026-07-29T00:13:56Z,401857093,1,5:36,TOR,MIN,19,15,3,2,1,1,3,4,Natasha Howard shooting foul
2026-07-29T00:15:12Z,401857092,2,3:44,CON,WSH,45,43,8,8,8,2,16,8,Michaela Onyenwere makes 3-foot shot
2026-07-29T00:15:12Z,401857093,1,5:15,TOR,MIN,19,17,3,3,1,1,3,4,Kayla McBride makes free throw 2 of 2
2026-07-29T00:16:28Z,401857092,2,2:56,CON,WSH,47,47,8,9,8,2,16,8,Saniya Rivers makes 13-foot pullup jump shot
2026-07-29T00:16:28Z,401857093,1,4:36,TOR,MIN,19,17,3,3,1,2,4,5,Tempo defensive team rebound
2026-07-29T00:17:44Z,401857092,2,2:21,CON,WSH,52,49,8,9,9,2,16,8,Mystics Full timeout
2026-07-29T00:17:44Z,401857093,1,3:29,TOR,MIN,19,21,3,3,1,2,5,5,Nia Coffey defensive rebound
2026-07-29T00:19:01Z,401857092,2,2:21,CON,WSH,52,49,8,9,9,2,16,8,Mystics Full timeout
2026-07-29T00:19:01Z,401857093,1,2:20,TOR,MIN,21,23,3,3,1,3,5,7,Teonni Key makes two point shot
2026-07-29T00:20:17Z,401857092,2,2:21,CON,WSH,52,49,8,9,9,2,16,8,enters the game for Olivia Nelson-Ododa
2026-07-29T00:20:17Z,401857093,1,1:44,TOR,MIN,24,23,3,3,1,3,5,8,turnover
2026-07-29T00:21:35Z,401857092,2,1:51,CON,WSH,52,49,9,9,9,2,16,9,Sun offensive team rebound
2026-07-29T00:21:35Z,401857093,1,57.3,TOR,MIN,27,23,3,3,2,3,5,9,Temi Fagbenle enters the game for Marina Mabrey
2026-07-29T00:22:51Z,401857092,2,1:28,CON,WSH,52,49,9,10,9,3,16,9,Saniya Rivers shooting foul
2026-07-29T00:22:51Z,401857093,1,21.6,TOR,MIN,28,25,4,3,3,3,6,9,Nia Coffey defensive rebound
2026-07-29T00:24:09Z,401857092,2,40.3,CON,WSH,52,53,9,10,9,3,17,9,Cotie McMahon makes driving layup
2026-07-29T00:24:09Z,401857093,1,0.0,TOR,MIN,28,25,4,3,3,3,7,9,End of the 1st Quarter
2026-07-29T00:25:25Z,401857092,2,27.1,CON,WSH,52,54,9,10,9,3,17,9,shot clock turnover 
2026-07-29T00:25:25Z,401857093,1,0.0,TOR,MIN,28,25,4,3,3,3,7,9,End of the 1st Quarter
2026-07-29T00:26:42Z,401857092,2,0.0,CON,WSH,54,54,9,11,9,3,17,11,(00:00) [Sun] COACH'S CHALLENGE (CALL REPLAYCENTER)
2026-07-29T00:26:42Z,401857093,2,9:45,TOR,MIN,28,25,4,3,3,3,7,9,enters the game for Kiki Rice
2026-07-29T00:27:59Z,401857092,2,0.0,CON,WSH,54,54,9,11,9,3,17,11,End of the 2nd Quarter
2026-07-29T00:27:59Z,401857093,2,8:53,TOR,MIN,28,28,4,4,3,3,8,11,Kia Nurse personal foul
2026-07-29T00:29:15Z,401857092,2,0.0,CON,WSH,54,54,9,11,9,3,17,11,End of the 2nd Quarter
2026-07-29T00:29:15Z,401857093,2,7:53,TOR,MIN,31,30,4,4,3,4,8,12,Temi Fagbenle offensive rebound
2026-07-29T00:30:32Z,401857092,2,0.0,CON,WSH,54,54,9,11,9,3,17,11,End of the 2nd Quarter
2026-07-29T00:30:32Z,401857093,2,7:42,TOR,MIN,31,30,4,5,3,4,8,12,Maria Conde personal foul
2026-07-29T00:31:50Z,401857092,2,0.0,CON,WSH,54,54,9,11,9,3,17,11,End of the 2nd Quarter
2026-07-29T00:31:50Z,401857093,2,7:31,TOR,MIN,31,33,4,5,3,4,8,12,Maria Conde personal foul
2026-07-29T00:33:07Z,401857092,2,0.0,CON,WSH,54,54,9,11,9,3,17,11,End of the 2nd Quarter
2026-07-29T00:33:07Z,401857093,2,6:19,TOR,MIN,33,38,4,5,3,4,11,13,Courtney Williams makes 24-foot shot (Napheesa Collier assists)
2026-07-29T00:34:24Z,401857092,2,0.0,CON,WSH,54,54,9,11,9,3,17,11,End of the 2nd Quarter
2026-07-29T00:34:24Z,401857093,2,6:19,TOR,MIN,33,38,4,5,3,4,11,13,Tempo Full timeout
2026-07-29T00:35:42Z,401857092,2,0.0,CON,WSH,54,54,9,11,9,3,17,11,End of the 2nd Quarter
2026-07-29T00:35:42Z,401857093,2,6:19,TOR,MIN,33,38,4,5,3,4,11,13,Tempo Full timeout
2026-07-29T00:36:59Z,401857092,2,0.0,CON,WSH,54,54,9,11,9,3,17,11,End of the 2nd Quarter
2026-07-29T00:36:59Z,401857093,2,5:33,TOR,MIN,33,41,4,5,4,7,11,13,turnover
2026-07-29T00:38:16Z,401857092,2,0.0,CON,WSH,54,54,9,11,9,3,17,11,End of the 2nd Quarter
2026-07-29T00:38:16Z,401857093,2,5:13,TOR,MIN,35,43,5,6,4,7,11,13,Kiki Rice enters the game for Maria Conde
2026-07-29T00:39:32Z,401857092,2,0.0,CON,WSH,54,54,9,11,9,3,17,11,End of the 2nd Quarter
2026-07-29T00:39:32Z,401857093,2,4:28,TOR,MIN,35,45,5,7,4,9,11,14,Marina Mabrey turnover
2026-07-29T00:40:48Z,401857092,2,0.0,CON,WSH,54,54,9,11,9,3,17,11,End of the 2nd Quarter
2026-07-29T00:40:48Z,401857093,2,4:03,TOR,MIN,35,45,5,8,4,9,11,15,Maria Conde defensive rebound
2026-07-29T00:42:06Z,401857092,2,0.0,CON,WSH,54,54,9,11,9,3,17,11,enters the game for Kennedy Burke
2026-07-29T00:42:06Z,401857093,2,4:03,TOR,MIN,35,45,5,8,4,10,11,15,Tempo Full timeout
2026-07-29T00:43:22Z,401857092,3,9:31,CON,WSH,56,57,9,12,9,3,17,11,Olivia Nelson-Ododa shooting foul
2026-07-29T00:43:22Z,401857093,2,4:03,TOR,MIN,35,45,5,8,4,10,11,15,Tempo Full timeout
2026-07-29T00:44:38Z,401857092,3,8:27,CON,WSH,58,59,9,12,9,4,18,12,Shakira Austin makes layup (Georgia Amoore assists)
2026-07-29T00:44:38Z,401857093,2,4:03,TOR,MIN,35,45,5,8,4,10,11,15,(04:03) [Tempo] COACH'S CHALLENGE (CALL OVERTURNED) [Tempo] retain the
2026-07-29T00:45:55Z,401857092,3,7:07,CON,WSH,60,64,9,12,9,4,18,12,Kiki Iriafen makes 25-foot three point jumper (Michaela Onyenwere assi
2026-07-29T00:45:55Z,401857093,2,3:52,TOR,MIN,36,45,6,8,4,9,11,15,(04:03) [Tempo] COACH'S CHALLENGE (CALL OVERTURNED) [Tempo] retain the
2026-07-29T00:47:12Z,401857092,3,6:33,CON,WSH,60,66,9,13,9,5,19,13,Kiki Iriafen defensive rebound
2026-07-29T00:47:12Z,401857093,2,3:16,TOR,MIN,36,45,8,8,5,9,13,15,Temi Fagbenle enters the game for Teonni Key
2026-07-29T00:48:28Z,401857092,3,5:48,CON,WSH,60,66,10,13,9,6,19,14,Saniya Rivers enters the game for Charlisse Leger-Walker
2026-07-29T00:48:28Z,401857093,2,2:58,TOR,MIN,36,45,8,9,5,9,14,16,foul
2026-07-29T00:49:45Z,401857092,3,5:20,CON,WSH,60,66,10,13,10,6,20,15,Raegan Beers defensive rebound
2026-07-29T00:49:45Z,401857093,2,2:19,TOR,MIN,38,47,8,9,5,9,14,17,Courtney Williams makes 4-foot two point shot (Dorka Juhasz assists)
2026-07-29T00:51:02Z,401857092,3,5:00,CON,WSH,60,66,10,13,10,6,20,15,8 second turnover
2026-07-29T00:51:02Z,401857093,2,1:37,TOR,MIN,40,50,8,9,5,9,14,17,Olivia Miles makes 24-foot three point step back jumpshot
2026-07-29T00:52:20Z,401857092,3,4:47,CON,WSH,60,68,10,14,10,6,20,15,Sun Full timeout
2026-07-29T00:52:20Z,401857093,2,57.4,TOR,MIN,42,50,9,9,5,10,14,18,Maria Conde defensive rebound
2026-07-29T00:53:37Z,401857092,3,4:47,CON,WSH,60,68,10,14,10,6,20,15,Sun Full timeout
2026-07-29T00:53:37Z,401857093,2,36.9,TOR,MIN,42,51,9,10,5,10,14,18,Lynx offensive team rebound
2026-07-29T00:54:54Z,401857092,3,4:47,CON,WSH,60,68,10,14,10,6,20,15,Sun Full timeout
2026-07-29T00:54:54Z,401857093,2,0.0,TOR,MIN,43,53,10,10,5,11,14,19,End of the 2nd Quarter
2026-07-29T00:56:10Z,401857092,3,3:58,CON,WSH,62,68,10,14,10,6,20,15,Mystics offensive team rebound
2026-07-29T00:56:10Z,401857093,2,0.0,TOR,MIN,43,53,10,10,5,11,14,19,End of the 2nd Quarter
2026-07-29T00:57:27Z,401857092,3,3:20,CON,WSH,62,68,10,15,10,7,22,17,Raegan Beers offensive foul turnover
2026-07-29T00:57:27Z,401857093,2,0.0,TOR,MIN,43,53,10,10,5,11,14,19,End of the 2nd Quarter
2026-07-29T00:58:44Z,401857092,3,2:59,CON,WSH,62,70,10,16,10,7,22,17,enters the game for Olivia Nelson-Ododa
2026-07-29T00:58:44Z,401857093,2,0.0,TOR,MIN,43,53,10,10,5,11,14,19,End of the 2nd Quarter
2026-07-29T01:00:00Z,401857092,3,2:15,CON,WSH,62,72,11,16,10,7,24,17,Shakira Austin blocks Aneesah Morrow 's 5-foot shot
2026-07-29T01:00:00Z,401857093,2,0.0,TOR,MIN,43,53,10,10,5,11,14,19,End of the 2nd Quarter
2026-07-29T01:01:17Z,401857092,3,2:08,CON,WSH,62,74,11,18,10,7,24,17,Raegan Beers shooting foul
2026-07-29T01:01:17Z,401857093,2,0.0,TOR,MIN,43,53,10,10,5,11,14,19,End of the 2nd Quarter
2026-07-29T01:02:36Z,401857092,3,1:23,CON,WSH,62,76,11,19,10,7,25,17,Cotie McMahon makes free throw 1 of 2
2026-07-29T01:02:36Z,401857093,2,0.0,TOR,MIN,43,53,10,10,5,11,14,19,End of the 2nd Quarter
2026-07-29T01:03:53Z,401857092,3,1:11,CON,WSH,62,76,12,19,10,7,26,17,Shakira Austin defensive rebound
2026-07-29T01:03:53Z,401857093,2,0.0,TOR,MIN,43,53,10,10,5,11,14,19,End of the 2nd Quarter
2026-07-29T01:05:09Z,401857092,3,41.0,CON,WSH,63,78,13,20,10,7,27,18,Kennedy Burke defensive rebound
2026-07-29T01:05:09Z,401857093,2,0.0,TOR,MIN,43,53,10,10,5,11,14,19,End of the 2nd Quarter
2026-07-29T01:06:26Z,401857092,3,0.6,CON,WSH,64,78,13,20,10,7,28,20,Saniya Rivers misses shot
2026-07-29T01:06:26Z,401857093,2,0.0,TOR,MIN,43,53,10,10,5,11,14,19,End of the 2nd Quarter
2026-07-29T01:07:42Z,401857092,3,0.0,CON,WSH,64,79,13,21,10,7,28,20,End of the 3rd Quarter
2026-07-29T01:07:42Z,401857093,2,0.0,TOR,MIN,43,53,10,10,5,11,14,19,End of the 2nd Quarter
2026-07-29T01:08:59Z,401857092,3,0.0,CON,WSH,64,79,13,21,10,7,28,20,End of the 3rd Quarter
2026-07-29T01:08:59Z,401857093,2,0.0,TOR,MIN,43,53,10,10,5,11,14,19,End of the 2nd Quarter
2026-07-29T01:10:15Z,401857092,3,0.0,CON,WSH,64,79,13,21,10,7,28,20,End of the 3rd Quarter
2026-07-29T01:10:15Z,401857093,2,0.0,TOR,MIN,43,53,10,10,5,11,14,19,End of the 2nd Quarter
2026-07-29T01:11:32Z,401857092,4,9:00,CON,WSH,66,82,13,21,10,7,29,21,Sonia Citron blocks Aneesah Morrow 's 3-foot shot
2026-07-29T01:11:32Z,401857093,3,9:02,TOR,MIN,43,58,10,10,5,11,15,19,Olivia Miles defensive rebound
2026-07-30T00:08:51Z,401857097,1,9:00,ATL,DAL,0,2,0,0,0,1,1,1,Paige Bueckers defensive rebound
2026-07-30T00:10:08Z,401857097,1,7:56,ATL,DAL,4,4,0,0,0,1,1,3,Allisha Gray makes 8-foot driving floating jump shot
2026-07-30T00:11:24Z,401857097,1,7:01,ATL,DAL,4,6,0,0,1,2,1,3,Angel Reese 3 second turnover
2026-07-30T00:12:39Z,401857097,1,6:44,ATL,DAL,4,8,0,1,1,2,2,3,Arike Ogunbowale makes free throw 1 of 2
2026-07-30T00:13:54Z,401857097,1,6:00,ATL,DAL,4,8,0,1,1,3,2,4,Rhyne Howard defensive rebound
2026-07-30T00:15:10Z,401857097,1,5:15,ATL,DAL,6,10,2,1,2,3,3,4,Rhyne Howard misses shot
2026-07-30T00:16:25Z,401857097,1,4:50,ATL,DAL,6,10,2,2,2,3,4,4,Official timeout
2026-07-30T00:17:40Z,401857097,1,4:50,ATL,DAL,6,10,2,2,2,3,4,4,Official timeout
2026-07-30T00:18:55Z,401857097,1,4:50,ATL,DAL,6,10,2,2,2,3,4,4,Official timeout
2026-07-30T00:20:12Z,401857097,1,4:16,ATL,DAL,6,10,2,3,2,4,4,4,shot clock turnover 
2026-07-30T00:21:28Z,401857097,1,2:56,ATL,DAL,8,12,2,3,2,4,4,8,Jessica Shepard makes 14-foot shot (Azzi Fudd assists)
2026-07-30T00:22:43Z,401857097,1,2:30,ATL,DAL,10,12,3,3,2,4,5,8,Allisha Gray enters the game for Brionna Jones
2026-07-30T00:23:58Z,401857097,1,2:03,ATL,DAL,10,12,4,3,2,4,5,8,Odyssey Sims personal foul
2026-07-30T00:25:14Z,401857097,1,1:18,ATL,DAL,12,14,4,4,2,4,5,8,Jaylyn Sherrod enters the game for Jordin Canada
2026-07-30T00:26:29Z,401857097,1,1:01,ATL,DAL,13,16,5,4,2,4,5,8,Azzi Fudd shooting foul
2026-07-30T00:27:44Z,401857097,1,0.0,ATL,DAL,16,16,5,4,2,4,5,9,Brionna Jones defensive rebound
2026-07-30T00:28:59Z,401857097,1,0.0,ATL,DAL,16,16,5,4,3,4,5,9,End of the 1st Quarter
2026-07-30T00:30:16Z,401857097,1,0.0,ATL,DAL,16,16,5,4,3,4,5,9,End of the 1st Quarter
2026-07-30T00:31:32Z,401857097,2,10:00,ATL,DAL,16,16,5,4,3,4,5,9,enters the game for Jaylyn Sherrod
2026-07-30T00:32:47Z,401857097,2,9:15,ATL,DAL,18,16,6,4,4,4,6,9,Awak Kuier offensive foul turnover
2026-07-30T00:34:02Z,401857097,2,8:42,ATL,DAL,20,19,6,5,4,4,6,9,Arike Ogunbowale makes free throw 1 of 1
2026-07-30T00:35:17Z,401857097,2,8:13,ATL,DAL,20,21,6,5,4,4,6,9,Angel Reese makes two point shot (Jordin Canada assists)
2026-07-30T00:36:32Z,401857097,2,7:26,ATL,DAL,22,21,6,5,5,5,6,9,"Awak Kuier bad pass
turnover (Angel Reese steals)"
2026-07-30T00:37:48Z,401857097,2,6:24,ATL,DAL,24,24,6,5,5,6,6,12,Angel Reese defensive rebound
2026-07-30T00:39:03Z,401857097,2,5:48,ATL,DAL,26,26,6,6,5,7,6,12,Jordin Canada makes 11-foot shot (Naz Hillmon assists)
2026-07-30T00:40:20Z,401857097,2,5:18,ATL,DAL,26,28,6,7,5,8,7,12,Wings Full timeout
2026-07-30T00:41:35Z,401857097,2,5:18,ATL,DAL,26,28,6,7,5,8,7,12,Wings Full timeout
2026-07-30T00:42:50Z,401857097,2,5:18,ATL,DAL,26,28,6,7,5,8,7,12,Wings Full timeout
2026-07-30T00:44:05Z,401857097,2,4:01,ATL,DAL,26,30,6,7,5,8,8,13,Azzi Fudd defensive rebound
2026-07-30T00:45:21Z,401857097,2,3:30,ATL,DAL,26,32,6,7,5,8,10,13,Dream Full timeout
2026-07-30T00:46:36Z,401857097,2,3:30,ATL,DAL,26,32,6,7,5,8,10,13,Dream Full timeout
2026-07-30T00:47:51Z,401857097,2,3:30,ATL,DAL,26,32,6,7,5,8,10,13,Dream Full timeout
2026-07-30T00:49:06Z,401857097,2,2:35,ATL,DAL,26,34,6,8,5,8,10,14,Azzi Fudd makes 15-foot pullup jump shot (Paige Bueckers assists)
2026-07-30T00:50:23Z,401857097,2,1:24,ATL,DAL,26,36,6,8,5,8,11,15,Jessica Shepard misses shot
2026-07-30T00:51:38Z,401857097,2,50.1,ATL,DAL,30,36,6,9,7,8,12,15,Arike Ogunbowale lost ball turnover (Angel Reese steals)
2026-07-30T00:52:54Z,401857097,2,22.3,ATL,DAL,30,37,6,10,7,9,12,16,technical foul
2026-07-30T00:54:09Z,401857097,2,0.0,ATL,DAL,32,38,6,10,7,9,12,17,End of the 2nd Quarter
2026-07-30T00:55:24Z,401857097,2,0.0,ATL,DAL,32,38,6,10,7,9,12,17,End of the 2nd Quarter
2026-07-30T00:56:39Z,401857097,2,0.0,ATL,DAL,32,38,6,10,7,9,12,17,End of the 2nd Quarter
2026-07-30T00:57:55Z,401857097,2,0.0,ATL,DAL,32,38,6,10,7,9,12,17,End of the 2nd Quarter
2026-07-30T00:59:10Z,401857097,2,0.0,ATL,DAL,32,38,6,10,7,9,12,17,End of the 2nd Quarter
2026-07-30T01:00:27Z,401857097,2,0.0,ATL,DAL,32,38,6,10,7,9,12,17,End of the 2nd Quarter
2026-07-30T01:01:42Z,401857097,2,0.0,ATL,DAL,32,38,6,10,7,9,12,17,End of the 2nd Quarter
2026-07-30T01:02:57Z,401857097,2,0.0,ATL,DAL,32,38,6,10,7,9,12,17,End of the 2nd Quarter
2026-07-30T01:04:12Z,401857097,2,0.0,ATL,DAL,32,38,6,10,7,9,12,17,End of the 2nd Quarter
2026-07-30T01:05:28Z,401857097,2,0.0,ATL,DAL,32,38,6,10,7,9,12,17,End of the 2nd Quarter
2026-07-30T01:06:43Z,401857097,2,0.0,ATL,DAL,32,38,6,10,7,9,12,17,End of the 2nd Quarter
2026-07-30T01:07:58Z,401857097,2,0.0,ATL,DAL,32,38,6,10,7,9,12,17,End of the 2nd Quarter
2026-07-30T01:09:13Z,401857097,2,0.0,ATL,DAL,32,38,6,10,7,9,12,17,End of the 2nd Quarter
2026-07-31T00:04:26Z,401857100,1,9:12,CON,CHI,0,2,1,0,0,0,1,1,Kamilla Cardoso shooting foul
2026-07-31T00:05:43Z,401857100,1,7:59,CON,CHI,4,6,1,0,1,1,3,1,Kamilla Cardoso makes layup (Courtney Vandersloot assists)
2026-07-31T00:06:59Z,401857099,1,9:10,MIN,TOR,2,2,0,0,1,0,0,0,Kayla McBride misses shot
2026-07-31T00:06:59Z,401857100,1,7:10,CON,CHI,4,8,2,0,1,1,4,3,Kamilla Cardoso defensive rebound
2026-07-31T00:08:14Z,401857099,1,8:11,MIN,TOR,2,4,0,0,1,0,2,0,Laura Juskaite defensive rebound
2026-07-31T00:08:14Z,401857100,1,6:09,CON,CHI,9,10,2,0,1,1,4,4,Olivia Nelson-Ododa defensive rebound
2026-07-31T00:09:30Z,401857099,1,7:56,MIN,TOR,2,6,0,1,1,0,3,0,Olivia Miles shooting foul
2026-07-31T00:09:30Z,401857100,1,5:08,CON,CHI,11,10,2,0,2,1,6,5,Chloe Bibby defensive rebound
2026-07-31T00:10:46Z,401857099,1,7:10,MIN,TOR,3,8,0,1,1,0,4,0,Temi Fagbenle makes 2-foot layup (Maria Conde assists)
2026-07-31T00:10:46Z,401857100,1,4:36,CON,CHI,13,13,3,0,2,1,6,5,Official timeout
2026-07-31T00:12:01Z,401857099,1,6:14,MIN,TOR,3,12,1,1,1,0,4,0,Tempo defensive team rebound
2026-07-31T00:12:01Z,401857100,1,4:36,CON,CHI,13,13,3,0,2,1,6,5,Official timeout
2026-07-31T00:13:16Z,401857099,1,6:14,MIN,TOR,3,12,1,1,1,0,4,0,Lynx Full timeout
2026-07-31T00:13:16Z,401857100,1,4:36,CON,CHI,13,13,3,0,2,1,6,5,Official timeout
2026-07-31T00:14:32Z,401857099,1,6:14,MIN,TOR,3,12,1,1,1,0,4,0,Lynx Full timeout
2026-07-31T00:14:32Z,401857100,1,3:55,CON,CHI,16,13,3,0,2,1,6,6,Raegan Beers defensive rebound
2026-07-31T00:15:49Z,401857099,1,5:48,MIN,TOR,6,12,1,1,1,0,4,0,Nyara Sabally enters the game for Temi Fagbenle
2026-07-31T00:15:49Z,401857100,1,2:39,CON,CHI,21,15,3,1,2,2,6,8,Charlisse Leger-Walker defensive rebound
2026-07-31T00:17:04Z,401857099,1,5:20,MIN,TOR,8,14,3,1,1,0,4,1,Marina Mabrey shooting foul
2026-07-31T00:17:04Z,401857100,1,1:52,CON,CHI,23,17,3,1,2,3,6,8,enters the game for Aneesah Morrow
2026-07-31T00:18:20Z,401857099,1,4:40,MIN,TOR,10,16,3,1,1,0,4,1,Julie Allemand blocks Natasha Howard 's 3-foot shot
2026-07-31T00:18:20Z,401857100,1,1:00,CON,CHI,23,19,3,2,3,3,7,8,Saniya Rivers misses shot
2026-07-31T00:19:35Z,401857099,1,3:39,MIN,TOR,14,16,4,1,2,0,4,3,Natasha Howard offensive rebound
2026-07-31T00:19:35Z,401857100,1,29.7,CON,CHI,23,21,3,2,3,4,7,8,Sky offensive team rebound
2026-07-31T00:20:50Z,401857099,1,3:19,MIN,TOR,14,16,5,1,3,0,4,5,Marina Mabrey offensive foul turnover
2026-07-31T00:20:50Z,401857100,1,5.9,CON,CHI,26,22,3,3,3,4,7,9,Kennedy Burke makes 26-foot three point jumper (Diamond Miller assists
2026-07-31T00:22:06Z,401857099,1,2:21,MIN,TOR,16,16,5,1,3,1,5,7,Maya Caldwell out of bounds bad pass turnover
2026-07-31T00:22:06Z,401857100,1,0.0,CON,CHI,26,24,3,4,3,4,7,9,End of the 1st Quarter
2026-07-31T00:23:21Z,401857099,1,1:33,MIN,TOR,16,16,5,1,3,2,6,8,Olivia Miles enters the game for Courtney Williams
2026-07-31T00:23:21Z,401857100,1,0.0,CON,CHI,26,24,3,4,3,4,7,9,End of the 1st Quarter
2026-07-31T00:24:37Z,401857099,1,49.8,MIN,TOR,16,16,5,1,4,2,7,8,Lynx offensive team rebound
2026-07-31T00:24:37Z,401857100,1,0.0,CON,CHI,26,24,3,4,4,4,7,9,End of the 1st Quarter
2026-07-31T00:25:53Z,401857099,1,1.4,MIN,TOR,18,19,5,1,6,3,8,8,Kiki Rice steps out of bounds turnover
2026-07-31T00:25:53Z,401857100,2,9:09,CON,CHI,26,26,4,4,4,5,7,9,Sydney Taylor makes driving layup (Aicha Coulibaly assists)
2026-07-31T00:27:09Z,401857099,1,0.0,MIN,TOR,18,19,5,1,6,3,8,8,End of the 1st Quarter
2026-07-31T00:27:09Z,401857100,2,8:27,CON,CHI,29,26,5,4,5,6,8,10,Saniya Rivers makes 22-foot three point jumper (Kennedy Burke assists)
2026-07-31T00:28:24Z,401857099,1,0.0,MIN,TOR,18,19,5,1,6,3,8,8,End of the 1st Quarter
2026-07-31T00:28:24Z,401857100,2,8:16,CON,CHI,31,26,6,4,5,6,8,10,Olivia Nelson-Ododa makes free throw 1 of 2
2026-07-31T00:29:39Z,401857099,2,10:00,MIN,TOR,18,19,5,1,6,3,8,8,End of the 1st Quarter
2026-07-31T00:29:39Z,401857100,2,7:10,CON,CHI,33,28,6,4,5,6,8,11,Aneesah Morrow makes layup (Diamond Miller assists)
2026-07-31T00:30:55Z,401857099,2,9:06,MIN,TOR,20,23,5,2,6,3,9,8,Antonia Delaere personal foul
2026-07-31T00:30:55Z,401857100,2,6:48,CON,CHI,35,28,6,5,5,6,8,12,Olivia Nelson-Ododa offensive rebound
2026-07-31T00:32:10Z,401857099,2,7:47,MIN,TOR,25,23,5,2,7,3,10,9,Dorka Juhasz offensive rebound
2026-07-31T00:32:10Z,401857100,2,6:21,CON,CHI,37,28,7,6,5,6,8,13,Sky Full timeout
2026-07-31T00:33:26Z,401857099,2,7:17,MIN,TOR,25,25,5,3,7,4,10,10,Marina Mabrey makes 2-foot layup (Laura Juskaite assists)
2026-07-31T00:33:26Z,401857100,2,6:21,CON,CHI,37,28,7,6,5,6,8,13,Sky Full timeout
2026-07-31T00:34:41Z,401857099,2,7:00,MIN,TOR,27,25,6,3,7,4,10,11,Olivia Miles defensive rebound
2026-07-31T00:34:41Z,401857100,2,6:21,CON,CHI,37,28,7,6,5,6,8,13,Sky Full timeout
2026-07-31T00:35:58Z,401857099,2,6:09,MIN,TOR,29,25,6,3,8,4,11,12,Kiki Rice defensive rebound
2026-07-31T00:35:58Z,401857100,2,5:51,CON,CHI,37,30,7,7,5,7,8,14,Diamond Miller offensive foul turnover
2026-07-31T00:37:13Z,401857099,2,6:09,MIN,TOR,29,25,6,3,8,4,11,12,Tempo Full timeout
2026-07-31T00:37:13Z,401857100,2,5:29,CON,CHI,39,30,7,7,5,7,8,14,Elizabeth Williams makes layup (Sydney Taylor assists)
2026-07-31T00:38:28Z,401857099,2,6:09,MIN,TOR,29,25,6,3,8,4,11,12,Tempo Full timeout
2026-07-31T00:38:28Z,401857100,2,4:58,CON,CHI,41,33,7,7,5,7,8,15,Sydney Taylor blocks Nell Angloma 's 2-foot shot
2026-07-31T00:39:44Z,401857099,2,5:57,MIN,TOR,29,25,6,3,8,4,11,12,Tempo Full timeout
2026-07-31T00:39:44Z,401857100,2,4:02,CON,CHI,43,33,7,8,5,7,8,17,Nell Angloma personal foul
2026-07-31T00:40:59Z,401857099,2,5:20,MIN,TOR,33,25,7,3,10,4,11,12,enters the game for Nyara Sabally
2026-07-31T00:40:59Z,401857100,2,3:40,CON,CHI,43,35,7,8,5,7,9,18,Gabriela Jaquez makes running layup (Natasha Cloud assists)
2026-07-31T00:42:14Z,401857099,2,5:02,MIN,TOR,34,27,7,4,10,4,11,12,Tempo offensive team rebound
2026-07-31T00:42:14Z,401857100,2,3:40,CON,CHI,43,35,7,8,5,7,9,18,Sun Full timeout
2026-07-31T00:43:30Z,401857099,2,4:41,MIN,TOR,36,27,7,5,10,4,11,12,Tempo Full timeout
2026-07-31T00:43:30Z,401857100,2,3:40,CON,CHI,43,35,7,8,5,7,9,18,Sun Full timeout
2026-07-31T00:44:45Z,401857099,2,4:41,MIN,TOR,36,27,7,5,10,4,11,12,Tempo Full timeout
2026-07-31T00:44:45Z,401857100,2,2:48,CON,CHI,45,35,7,9,6,7,10,18,Jacy Sheldon lost ball turnover (Raegan Beers steals)
2026-07-31T00:46:02Z,401857099,2,4:41,MIN,TOR,36,27,7,5,10,4,11,12,Tempo Full timeout
2026-07-31T00:46:02Z,401857100,2,2:26,CON,CHI,47,35,8,9,6,7,10,19,Aneesah Morrow makes free throw 1 of 2
2026-07-31T00:47:18Z,401857099,2,3:52,MIN,TOR,38,30,7,5,11,4,12,12,Natasha Howard makes 1-foot shot
2026-07-31T00:47:18Z,401857100,2,1:25,CON,CHI,49,37,8,9,6,7,11,20,Aneesah Morrow makes driving layup (Saniya Rivers assists)
2026-07-31T00:48:33Z,401857099,2,3:00,MIN,TOR,43,30,7,5,11,4,12,12,Lynx defensive team rebound
2026-07-31T00:48:33Z,401857100,2,32.9,CON,CHI,49,40,8,10,6,7,12,20,Nell Angloma enters the game for Saniya Rivers
2026-07-31T00:49:48Z,401857099,2,2:30,MIN,TOR,45,31,7,6,11,4,12,12,Nyara Sabally enters the game for Temi Fagbenle
2026-07-31T00:49:48Z,401857100,2,0.0,CON,CHI,49,40,8,10,6,7,13,21,End of the 2nd Quarter
2026-07-31T00:51:04Z,401857099,2,1:30,MIN,TOR,47,35,7,6,11,4,13,12,enters the game for Eliska Hamzova
2026-07-31T00:51:04Z,401857100,2,0.0,CON,CHI,49,40,8,10,6,7,13,21,End of the 2nd Quarter
2026-07-31T00:52:19Z,401857099,2,24.2,MIN,TOR,50,41,7,6,11,4,14,12,Napheesa Collier makes 25-foot three point jumper (Courtney Williams a
2026-07-31T00:52:19Z,401857100,2,0.0,CON,CHI,49,40,8,10,6,7,13,21,End of the 2nd Quarter
2026-07-31T00:53:35Z,401857099,2,0.0,MIN,TOR,50,41,7,6,11,4,15,12,End of the 2nd Quarter
2026-07-31T00:53:35Z,401857100,2,0.0,CON,CHI,49,40,8,10,6,7,13,21,End of the 2nd Quarter
2026-07-31T00:54:50Z,401857099,2,0.0,MIN,TOR,50,41,7,6,11,4,15,12,End of the 2nd Quarter
2026-07-31T00:54:50Z,401857100,2,0.0,CON,CHI,49,40,8,10,6,7,13,21,End of the 2nd Quarter
2026-07-31T00:56:07Z,401857099,2,0.0,MIN,TOR,50,41,7,6,11,4,15,12,End of the 2nd Quarter
2026-07-31T00:56:07Z,401857100,2,0.0,CON,CHI,49,40,8,10,6,7,13,21,End of the 2nd Quarter
2026-07-31T00:57:22Z,401857099,2,0.0,MIN,TOR,50,41,7,6,11,4,15,12,End of the 2nd Quarter
2026-07-31T00:57:22Z,401857100,2,0.0,CON,CHI,49,40,8,10,6,7,13,21,End of the 2nd Quarter
2026-07-31T00:58:37Z,401857099,2,0.0,MIN,TOR,50,41,7,6,11,4,15,12,End of the 2nd Quarter
2026-07-31T00:58:37Z,401857100,2,0.0,CON,CHI,49,40,8,10,6,7,13,21,End of the 2nd Quarter
2026-07-31T00:59:52Z,401857099,2,0.0,MIN,TOR,50,41,7,6,11,4,15,12,End of the 2nd Quarter
2026-07-31T00:59:52Z,401857100,2,0.0,CON,CHI,49,40,8,10,6,7,13,21,End of the 2nd Quarter
2026-07-31T01:01:08Z,401857099,2,0.0,MIN,TOR,50,41,7,6,11,4,15,12,End of the 2nd Quarter
2026-07-31T01:01:08Z,401857100,2,0.0,CON,CHI,49,40,8,10,6,7,13,21,End of the 2nd Quarter
2026-07-31T01:02:23Z,401857099,2,0.0,MIN,TOR,50,41,7,6,11,4,15,12,End of the 2nd Quarter
2026-07-31T01:02:23Z,401857100,2,0.0,CON,CHI,49,40,8,10,6,7,13,21,End of the 2nd Quarter
2026-07-31T01:03:39Z,401857099,2,0.0,MIN,TOR,50,41,7,6,11,4,15,12,End of the 2nd Quarter
2026-07-31T01:03:39Z,401857100,2,0.0,CON,CHI,49,40,8,10,6,7,13,21,End of the 2nd Quarter
2026-07-31T01:04:54Z,401857099,2,0.0,MIN,TOR,50,41,7,6,11,4,15,12,End of the 2nd Quarter
2026-07-31T01:04:54Z,401857100,2,0.0,CON,CHI,49,40,8,10,6,7,13,21,enters the game for Nell Angloma
2026-07-31T01:06:11Z,401857099,2,0.0,MIN,TOR,50,41,7,6,11,4,15,12,End of the 2nd Quarter
2026-07-31T01:06:11Z,401857100,3,9:21,CON,CHI,51,40,9,10,6,7,13,21,Aicha Coulibaly shooting foul
2026-07-31T01:07:27Z,401857099,2,0.0,MIN,TOR,50,41,7,6,11,4,15,12,End of the 2nd Quarter
2026-07-31T01:07:27Z,401857100,3,8:57,CON,CHI,51,40,10,10,6,7,13,23,Aneesah Morrow misses free throw 1 of 2
2026-07-31T01:08:42Z,401857099,3,9:30,MIN,TOR,52,41,7,6,11,4,15,12,Natasha Howard enters the game for Dorka Juhasz
2026-07-31T01:08:42Z,401857100,3,8:32,CON,CHI,51,43,10,10,7,8,14,23,foul
2026-07-31T01:09:57Z,401857099,3,8:37,MIN,TOR,57,41,7,6,13,4,15,13,"Nyara Sabally bad pass
turnover (Natasha Howard steals)"
2026-07-31T01:09:57Z,401857100,3,7:58,CON,CHI,51,44,10,11,7,9,14,23,Aicha Coulibaly makes free throw 1 of 1
2026-07-31T01:11:13Z,401857099,3,8:37,MIN,TOR,57,41,8,6,13,4,15,13,Tempo Full timeout
2026-07-31T01:11:13Z,401857100,3,7:22,CON,CHI,51,45,10,12,8,10,14,23,Olivia Nelson-Ododa traveling turnover
2026-07-31T01:12:28Z,401857099,3,8:37,MIN,TOR,57,41,8,6,13,4,15,13,Tempo Full timeout
2026-07-31T01:12:28Z,401857100,3,6:59,CON,CHI,51,48,10,12,8,11,15,23,Sun Full timeout
2026-07-31T01:13:43Z,401857099,3,8:12,MIN,TOR,57,41,8,6,13,4,15,13,Tempo Full timeout
2026-07-31T01:13:43Z,401857100,3,6:59,CON,CHI,51,48,10,12,8,11,15,23,Sun Full timeout
2026-07-31T01:14:59Z,401857099,3,7:18,MIN,TOR,57,43,8,7,14,5,16,14,Marina Mabrey misses shot
2026-07-31T01:14:59Z,401857100,3,6:59,CON,CHI,51,48,10,12,8,11,15,23,Sun Full timeout
2026-07-31T01:16:15Z,401857099,3,6:55,MIN,TOR,60,45,9,7,15,5,16,18,Natasha Howard makes free throw 1 of 1
2026-07-31T01:16:15Z,401857100,3,6:12,CON,CHI,54,48,10,12,9,11,15,23,Chloe Bibby enters the game for Aicha Coulibaly
2026-07-31T01:17:31Z,401857099,3,5:58,MIN,TOR,64,45,9,8,15,6,17,19,Olivia Miles defensive rebound
2026-07-31T01:17:31Z,401857100,3,5:48,CON,CHI,55,51,11,12,9,11,15,23,Kennedy Burke makes free throw 2 of 2
2026-07-31T01:18:46Z,401857099,3,5:02,MIN,TOR,66,48,9,8,17,6,17,19,Maya Caldwell enters the game for Napheesa Collier
2026-07-31T01:18:46Z,401857100,3,5:29,CON,CHI,56,51,12,12,9,11,15,24,Olivia Nelson-Ododa defensive rebound
2026-07-31T01:20:02Z,401857099,3,3:59,MIN,TOR,70,48,10,8,17,6,17,21,Dorka Juhasz defensive rebound
2026-07-31T01:20:02Z,401857100,3,5:22,CON,CHI,58,51,13,12,9,11,15,24,Olivia Nelson-Ododa makes free throw 2 of 2
2026-07-31T01:21:17Z,401857099,3,3:59,MIN,TOR,73,48,10,8,17,6,17,22,Tempo Full timeout
2026-07-31T01:21:17Z,401857100,3,5:12,CON,CHI,61,51,13,13,9,11,15,24,Diamond Miller makes technical free throw
2026-07-31T01:22:32Z,401857099,3,3:25,MIN,TOR,73,51,10,8,17,6,17,22,Antonia Delaere enters the game for Kayla McBride
2026-07-31T01:22:32Z,401857100,3,5:12,CON,CHI,61,51,13,13,10,11,15,24,Sky Full timeout
2026-07-31T01:23:48Z,401857099,3,2:24,MIN,TOR,76,51,10,9,17,6,18,23,Eliska Hamzova defensive rebound
2026-07-31T01:23:48Z,401857100,3,4:08,CON,CHI,63,54,13,13,10,11,15,25,Olivia Nelson-Ododa defensive rebound
2026-07-31T01:25:03Z,401857099,3,1:42,MIN,TOR,76,51,10,10,18,6,20,24,Kia Nurse defensive rebound
2026-07-31T01:25:03Z,401857100,3,3:28,CON,CHI,63,56,13,15,10,13,15,25,enters the game for Aneesah Morrow
2026-07-31T01:26:20Z,401857099,3,1:11,MIN,TOR,78,52,10,11,19,6,20,24,Antonia Delaere personal foul
2026-07-31T01:26:20Z,401857100,3,2:31,CON,CHI,63,58,13,15,10,13,16,26,Elizabeth Williams defensive rebound
2026-07-31T01:27:35Z,401857099,3,21.5,MIN,TOR,81,52,10,11,19,6,20,27,Laura Juskaite enters the game for Nyara Sabally
2026-07-31T01:27:35Z,401857100,3,2:12,CON,CHI,64,58,14,15,11,13,17,26,Leila Lacan misses free throw 1 of 2
2026-07-31T01:28:50Z,401857099,3,0.0,MIN,TOR,81,55,10,11,19,6,20,27,End of the 3rd Quarter
2026-07-31T01:28:50Z,401857100,3,2:12,CON,CHI,64,58,15,15,12,13,17,26,Courtney Vandersloot transition take foul
2026-07-31T01:30:06Z,401857099,3,0.0,MIN,TOR,81,55,10,11,19,6,20,27,End of the 3rd Quarter
2026-07-31T01:30:06Z,401857100,3,2:12,CON,CHI,64,58,15,15,12,13,17,26,(02:12) [Sun] COACH'S CHALLENGE (CALL REPLAYCENTER)
2026-07-31T01:31:21Z,401857099,3,0.0,MIN,TOR,81,55,10,11,19,6,20,27,enters the game for Maya Caldwell
2026-07-31T01:31:21Z,401857100,3,2:12,CON,CHI,66,58,15,15,12,13,17,26,(02:12) [Sun] REF-INITIATED REVIEW (CALL OVERTURNED)
2026-07-31T01:32:37Z,401857099,4,9:11,MIN,TOR,83,57,10,11,19,6,20,27,Lynx defensive team rebound
2026-07-31T01:32:37Z,401857100,3,1:12,CON,CHI,66,58,15,15,12,13,19,27,Kennedy Burke misses shot
2026-07-31T01:33:52Z,401857099,4,8:10,MIN,TOR,85,57,10,11,19,6,21,29,Natasha Howard defensive rebound
2026-07-31T01:33:52Z,401857100,3,38.2,CON,CHI,66,59,15,16,12,13,20,27,Courtney Vandersloot defensive rebound
2026-07-31T01:35:07Z,401857099,4,7:35,MIN,TOR,86,57,11,11,19,6,21,30,Kia Nurse misses shot
2026-07-31T01:35:07Z,401857100,3,6.9,CON,CHI,66,61,15,17,12,13,22,28,Kamilla Cardoso defensive rebound
2026-07-31T01:36:24Z,401857099,4,6:43,MIN,TOR,88,60,11,11,19,6,23,32,Natasha Howard blocks Kia Nurse 's 4-foot shot
2026-07-31T01:36:24Z,401857100,3,0.0,CON,CHI,66,61,15,17,12,13,23,28,End of the 3rd Quarter
2026-07-31T01:37:39Z,401857099,4,5:56,MIN,TOR,88,62,11,11,19,6,23,32,shot clock turnover 
2026-07-31T01:37:39Z,401857100,3,0.0,CON,CHI,66,61,15,17,12,13,23,28,End of the 3rd Quarter
2026-07-31T01:38:55Z,401857099,4,4:46,MIN,TOR,91,62,11,11,19,7,24,34,Antonia Delaere makes 26-foot three point jumper (Eliska Hamzova assis
2026-07-31T01:38:55Z,401857100,4,9:50,CON,CHI,66,61,15,17,12,13,23,28,Sydney Taylor enters the game for Gabriela Jaquez
2026-07-31T01:40:10Z,401857099,4,4:46,MIN,TOR,91,62,12,11,19,7,24,34,Official timeout
2026-07-31T01:40:10Z,401857100,4,9:08,CON,CHI,68,65,15,18,12,13,23,29,Diamond Miller defensive rebound
2026-07-31T01:41:25Z,401857099,4,4:46,MIN,TOR,91,62,12,11,19,7,24,34,Official timeout
2026-07-31T01:41:25Z,401857100,4,8:12,CON,CHI,70,67,15,18,12,14,23,29,Raegan Beers 3 second turnover
2026-07-31T01:42:41Z,401857099,4,4:46,MIN,TOR,92,62,12,11,19,7,24,34,Tima Pouye enters the game for Julie Allemand
2026-07-31T01:42:41Z,401857100,4,7:31,CON,CHI,72,70,15,19,12,14,23,29,Leila Lacan enters the game for Raegan Beers
2026-07-31T01:43:56Z,401857099,4,3:22,MIN,TOR,97,65,12,11,20,7,24,34,Eliska Hamzova makes two point shot (Maya Caldwell assists)
2026-07-31T01:43:56Z,401857100,4,7:20,CON,CHI,72,70,15,19,12,14,23,30,Sky defensive team rebound
2026-07-31T01:45:11Z,401857099,4,2:51,MIN,TOR,97,68,12,11,20,7,25,34,Lynx Full timeout
2026-07-31T01:45:11Z,401857100,4,7:20,CON,CHI,72,70,15,19,12,14,23,30,(07:20) [Sun] COACH'S CHALLENGE (CALL REPLAYCENTER)
2026-07-31T01:46:28Z,401857099,4,2:51,MIN,TOR,97,68,12,11,20,7,25,34,Lynx Full timeout
2026-07-31T01:46:28Z,401857100,4,6:48,CON,CHI,72,72,15,19,12,14,23,30,(07:20) [Sun] REF-INITIATED REVIEW (REPLAY SUPPORTS CALL)
2026-07-31T01:47:43Z,401857099,4,2:51,MIN,TOR,97,68,12,11,20,7,25,34,Lynx Full timeout
2026-07-31T01:47:43Z,401857100,4,6:35,CON,CHI,72,74,15,20,12,15,23,30,Olivia Nelson-Ododa shooting foul
2026-07-31T01:48:59Z,401857099,4,2:14,MIN,TOR,97,68,12,12,20,8,25,35,Anastasiia Olairi Kosu offensive foul turnover
2026-07-31T01:48:59Z,401857100,4,6:26,CON,CHI,72,74,15,20,12,15,23,30,Kamilla Cardoso makes free throw 2 of 2
2026-07-31T01:50:14Z,401857099,4,1:16,MIN,TOR,101,68,12,12,20,8,25,35,Lynx defensive team rebound
2026-07-31T01:50:14Z,401857100,4,6:26,CON,CHI,72,74,15,20,12,15,23,30,Kamilla Cardoso makes free throw 2 of 2
2026-07-31T01:51:30Z,401857099,4,12.2,MIN,TOR,104,72,12,12,21,9,26,36,Tima Pouye makes two point shot
2026-07-31T01:51:30Z,401857100,4,6:07,CON,CHI,72,74,15,20,12,15,23,30,Kamilla Cardoso makes free throw 2 of 2
2026-07-31T01:52:45Z,401857099,4,0.0,MIN,TOR,104,72,12,13,22,10,26,36,End of the 4th Quarter
2026-07-31T01:52:45Z,401857100,4,5:12,CON,CHI,74,76,15,20,13,15,24,31,Kamilla Cardoso makes 2-foot layup (Sydney Taylor assists)
2026-07-31T01:54:00Z,401857099,4,0.0,MIN,TOR,104,72,12,13,22,10,26,36,End of the 4th Quarter
2026-07-31T01:54:00Z,401857100,4,5:12,CON,CHI,74,76,16,20,13,15,24,31,Official timeout
2026-07-31T01:55:15Z,401857100,4,5:12,CON,CHI,74,76,16,20,13,15,24,31,Official timeout
2026-07-31T01:56:32Z,401857100,4,4:38,CON,CHI,76,78,16,20,13,15,24,32,Aneesah Morrow offensive rebound
2026-07-31T01:57:47Z,401857100,4,4:12,CON,CHI,76,80,16,21,13,15,25,32,Olivia Nelson-Ododa personal foul
2026-07-31T01:59:03Z,401857100,4,4:05,CON,CHI,76,80,16,21,13,15,25,32,Sun Full timeout
2026-07-31T02:00:18Z,401857100,4,4:05,CON,CHI,76,80,16,21,13,15,25,32,Sun Full timeout
2026-07-31T02:01:33Z,401857100,4,3:41,CON,CHI,76,82,16,21,13,15,26,32,Sun Full timeout
2026-07-31T02:02:48Z,401857100,4,3:20,CON,CHI,76,82,16,22,13,15,26,32,Raegan Beers enters the game for Olivia Nelson-Ododa
2026-07-31T02:04:04Z,401857100,4,3:01,CON,CHI,76,84,16,23,13,16,26,32,Diamond Miller out of bounds bad pass turnover
2026-07-31T02:05:19Z,401857100,4,3:01,CON,CHI,76,85,16,23,13,16,26,32,Sun Full timeout
2026-07-31T02:06:36Z,401857100,4,2:21,CON,CHI,78,85,16,23,13,16,26,33,Kennedy Burke enters the game for Raegan Beers
2026-07-31T02:06:36Z,401857101,1,9:26,NY,LV,2,3,0,0,0,0,0,0,
2026-07-31T02:07:51Z,401857100,4,2:21,CON,CHI,78,87,16,24,13,16,26,33,DiJonai Carrington makes free throw 1 of 2
2026-07-31T02:07:51Z,401857101,1,8:25,NY,LV,5,3,0,0,1,0,1,0,NaLyssa Smith defensive rebound
2026-07-31T02:09:07Z,401857100,4,1:55,CON,CHI,78,87,16,24,13,16,26,33,Sun offensive team rebound
2026-07-31T02:09:07Z,401857101,1,7:33,NY,LV,8,5,0,1,1,0,1,0,A'ja Wilson makes free throw 2 of 2
2026-07-31T02:10:22Z,401857100,4,1:51,CON,CHI,80,87,17,24,13,16,26,33,Sky violation
2026-07-31T02:10:22Z,401857101,1,7:05,NY,LV,10,11,1,1,1,0,2,1,Pauline Astier makes free throw 1 of 2
2026-07-31T02:11:37Z,401857100,4,1:31,CON,CHI,82,89,17,25,13,16,26,33,Diamond Miller personal foul
2026-07-31T02:11:37Z,401857101,1,6:41,NY,LV,12,14,2,1,1,0,2,1,NaLyssa Smith shooting foul
2026-07-31T02:12:53Z,401857100,4,32.5,CON,CHI,85,92,17,25,13,16,28,34,Courtney Vandersloot offensive rebound
2026-07-31T02:12:53Z,401857101,1,6:41,NY,LV,12,14,2,1,1,0,2,1,Liberty Full timeout
2026-07-31T02:14:08Z,401857100,4,17.5,CON,CHI,88,94,17,26,13,16,28,34,Natasha Cloud makes free throw 1 of 2
2026-07-31T02:14:08Z,401857101,1,6:41,NY,LV,12,14,2,1,1,0,2,1,Liberty Full timeout
2026-07-31T02:15:23Z,401857101,1,6:00,NY,LV,15,14,2,1,1,0,2,2,Sabrina Ionescu offensive rebound
2026-07-31T02:16:40Z,401857101,1,5:38,NY,LV,17,16,2,1,1,0,2,2,Jewell Loyd enters the game for Stephanie Talbot
2026-07-31T02:17:55Z,401857101,1,4:44,NY,LV,17,19,3,1,1,0,3,2,Jewell Loyd personal foul
2026-07-31T02:19:11Z,401857101,1,3:57,NY,LV,20,21,3,1,1,0,4,3,enters the game for Jonquel Jones
2026-07-31T02:20:26Z,401857101,1,3:13,NY,LV,20,23,3,2,1,1,5,3,A'ja Wilson defensive rebound
2026-07-31T02:21:42Z,401857101,1,2:38,NY,LV,20,24,3,2,1,2,5,4,"Rebekah Gardner bad pass
turnover (Jewell Loyd steals)"
2026-07-31T02:22:57Z,401857101,1,1:40,NY,LV,20,27,3,3,1,2,7,5,A'ja Wilson defensive rebound
2026-07-31T02:24:13Z,401857101,1,1:00,NY,LV,24,27,4,3,1,2,7,5,NaLyssa Smith enters the game for A'ja Wilson
2026-07-31T02:25:28Z,401857101,1,36.6,NY,LV,26,27,5,3,3,2,7,5,Brianna Turner shooting foul
2026-07-31T02:26:45Z,401857101,1,0.0,NY,LV,26,27,5,3,3,2,7,6,End of the 1st Quarter
2026-07-31T02:28:00Z,401857101,1,0.0,NY,LV,26,27,5,3,3,2,7,6,End of the 1st Quarter
2026-07-31T02:29:15Z,401857101,1,0.0,NY,LV,26,27,5,3,3,2,7,6,End of the 1st Quarter
2026-07-31T02:30:30Z,401857101,2,9:21,NY,LV,26,27,5,3,3,2,7,7,Rebecca Allen defensive rebound
2026-07-31T02:31:46Z,401857101,2,8:33,NY,LV,26,29,5,5,3,2,7,7,Aces defensive team rebound
2026-07-31T02:33:01Z,401857101,2,8:18,NY,LV,26,30,5,6,3,2,7,8,NaLyssa Smith makes free throw 2 of 2
2026-07-31T02:34:16Z,401857101,2,7:49,NY,LV,28,30,6,6,3,2,7,9,Jonquel Jones defensive rebound
2026-07-31T02:35:32Z,401857101,2,7:20,NY,LV,28,32,7,6,3,2,7,9,Liberty Full timeout
2026-07-31T02:36:48Z,401857101,2,7:20,NY,LV,28,32,7,6,3,2,7,9,Liberty Full timeout
2026-07-31T02:38:04Z,401857101,2,7:20,NY,LV,28,32,7,6,3,2,7,9,Liberty Full timeout
2026-07-31T02:39:19Z,401857101,2,6:26,NY,LV,32,34,7,6,3,2,7,9,Breanna Stewart enters the game for Han Xu
2026-07-31T02:40:34Z,401857101,2,5:46,NY,LV,34,37,7,7,3,2,7,10,Sabrina Ionescu makes driving layup
2026-07-31T02:41:49Z,401857101,2,5:15,NY,LV,35,37,8,7,3,2,8,10,A'ja Wilson defensive rebound
2026-07-31T02:43:05Z,401857101,2,5:04,NY,LV,35,40,8,8,3,2,8,10,Jackie Young makes free throw 2 of 3
2026-07-31T02:44:20Z,401857101,2,4:48,NY,LV,38,40,9,8,3,2,8,10,Jewell Loyd enters the game for Dana Evans
2026-07-31T02:45:35Z,401857101,2,3:48,NY,LV,40,43,9,8,3,2,9,12,Breanna Stewart offensive rebound
2026-07-31T02:46:52Z,401857101,2,2:20,NY,LV,44,46,9,8,3,2,9,13,Jewell Loyd makes 24-foot three point jumper (Stephanie Talbot assists
2026-07-31T02:48:07Z,401857101,2,1:56,NY,LV,44,46,9,9,3,2,10,14,(01:56) [Liberty] COACH'S CHALLENGE (CALL REPLAYCENTER)
2026-07-31T02:49:22Z,401857101,2,1:56,NY,LV,44,46,9,9,3,2,10,14,(01:56) [Liberty] COACH'S CHALLENGE (CALL REPLAYCENTER)
2026-07-31T02:50:38Z,401857101,2,1:56,NY,LV,44,46,9,9,3,2,10,14,(01:56) [Liberty] COACH'S CHALLENGE (CALL REPLAYCENTER)
2026-07-31T02:51:53Z,401857101,2,1:48,NY,LV,44,48,9,9,3,2,10,14,Jackie Young makes free throw 2 of 2
2026-07-31T02:53:09Z,401857101,2,1:03,NY,LV,44,49,9,10,3,3,11,15,Rebecca Allen personal foul
2026-07-31T02:54:24Z,401857101,2,30.5,NY,LV,44,50,9,10,4,3,13,15,NaLyssa Smith defensive rebound
2026-07-31T02:55:39Z,401857101,2,0.0,NY,LV,44,52,9,10,4,4,13,15,End of the 2nd Quarter
2026-07-31T02:56:56Z,401857101,2,0.0,NY,LV,44,52,9,10,4,4,13,15,End of the 2nd Quarter
2026-07-31T02:58:11Z,401857101,2,0.0,NY,LV,44,52,9,10,4,4,13,15,End of the 2nd Quarter
2026-07-31T02:59:26Z,401857101,2,0.0,NY,LV,44,52,9,10,4,4,13,15,End of the 2nd Quarter
2026-07-31T03:00:42Z,401857101,2,0.0,NY,LV,44,52,9,10,4,4,13,15,End of the 2nd Quarter
2026-07-31T03:01:57Z,401857101,2,0.0,NY,LV,44,52,9,10,4,4,13,15,End of the 2nd Quarter
2026-07-31T03:03:12Z,401857101,2,0.0,NY,LV,44,52,9,10,4,4,13,15,End of the 2nd Quarter
2026-07-31T03:04:28Z,401857101,2,0.0,NY,LV,44,52,9,10,4,4,13,15,End of the 2nd Quarter
2026-07-31T03:05:43Z,401857101,2,0.0,NY,LV,44,52,9,10,4,4,13,15,End of the 2nd Quarter
2026-07-31T03:07:00Z,401857101,2,0.0,NY,LV,44,52,9,10,4,4,13,15,End of the 2nd Quarter
2026-07-31T03:08:15Z,401857101,2,0.0,NY,LV,44,52,9,10,4,4,13,15,End of the 2nd Quarter
2026-07-31T03:09:30Z,401857101,2,0.0,NY,LV,44,52,9,10,4,4,13,15,End of the 2nd Quarter
2026-07-31T03:10:45Z,401857101,2,0.0,NY,LV,44,52,9,10,4,4,13,15,enters the game for Marine Fauthoux
2026-07-31T03:12:01Z,401857101,3,8:58,NY,LV,48,56,9,10,4,4,13,15,Breanna Stewart makes 3-foot shot (Sabrina Ionescu assists)
2026-07-31T03:13:16Z,401857101,3,7:59,NY,LV,52,58,10,10,4,4,13,17,A'ja Wilson misses shot
2026-07-31T03:14:31Z,401857101,3,7:59,NY,LV,54,58,10,10,4,4,13,17,Aces Full timeout
2026-07-31T03:15:47Z,401857101,3,7:59,NY,LV,54,58,10,10,4,4,13,17,Aces Full timeout
2026-07-31T03:17:04Z,401857101,3,7:46,NY,LV,54,58,10,10,5,4,13,17,"Chelsea Gray bad pass
turnover (Pauline Astier steals)"
2026-07-31T03:18:19Z,401857101,3,7:46,NY,LV,54,58,11,10,5,4,13,17,Aces Full timeout
2026-07-31T03:19:34Z,401857101,3,7:46,NY,LV,54,58,11,10,5,4,13,17,Aces Full timeout
2026-07-31T03:20:50Z,401857101,3,6:52,NY,LV,57,60,10,11,5,5,14,18,Breanna Stewart defensive rebound
2026-07-31T03:22:05Z,401857101,3,5:54,NY,LV,59,62,11,11,5,5,14,19,A'ja Wilson makes 17-foot jumper (Jackie Young assists)
2026-07-31T03:23:20Z,401857101,3,5:10,NY,LV,61,65,12,12,5,6,14,19,Jewell Loyd makes 22-foot shot (A'ja Wilson assists)
2026-07-31T03:24:36Z,401857101,3,5:10,NY,LV,61,65,12,12,5,6,14,19,(05:10) [Liberty] COACH'S CHALLENGE (CALL REPLAYCENTER)
2026-07-31T03:25:51Z,401857101,3,4:56,NY,LV,61,65,12,12,5,6,14,19,(05:10) [Liberty] COACH'S CHALLENGE (CALL REPLAYCENTER)
2026-07-31T03:27:08Z,401857101,3,3:43,NY,LV,61,67,12,12,6,8,14,20,"Jackie Young bad pass
turnover (Breanna Stewart steals)"
2026-07-31T03:28:24Z,401857101,3,3:16,NY,LV,62,70,13,12,6,8,15,20,enters the game for Jonquel Jones
2026-07-31T03:29:39Z,401857101,3,2:48,NY,LV,64,70,14,12,6,8,16,22,Chelsea Gray personal foul
2026-07-31T03:30:54Z,401857101,3,2:14,NY,LV,64,71,14,13,6,8,16,23,A'ja Wilson makes free throw 1 of 2
2026-07-31T03:32:10Z,401857101,3,1:47,NY,LV,66,71,14,13,7,8,16,23,Jackie Young lost ball turnover (Rebekah Gardner steals)
2026-07-31T03:33:25Z,401857101,3,30.0,NY,LV,69,76,14,13,7,8,17,23,A'ja Wilson makes 24-foot three point jumper (Jackie Young assists)
2026-07-31T03:34:41Z,401857101,3,0.0,NY,LV,71,78,14,13,7,8,17,23,End of the 3rd Quarter
2026-07-31T03:35:56Z,401857101,3,0.0,NY,LV,71,79,14,13,7,8,17,23,End of the 3rd Quarter
2026-07-31T03:37:13Z,401857101,3,0.0,NY,LV,71,79,14,13,7,8,17,23,End of the 3rd Quarter
2026-07-31T03:38:29Z,401857101,4,9:51,NY,LV,71,79,14,13,7,8,17,23,Chris DeMarco technical foul
2026-07-31T03:39:44Z,401857101,4,9:29,NY,LV,71,80,14,15,7,9,17,23,Rebekah Gardner foul
2026-07-31T03:40:59Z,401857101,4,8:50,NY,LV,73,81,14,15,7,9,19,24,NaLyssa Smith defensive rebound
2026-07-31T03:42:14Z,401857101,4,8:30,NY,LV,76,81,14,15,7,9,19,25,Aces Full timeout
2026-07-31T03:43:30Z,401857101,4,8:30,NY,LV,76,81,14,15,7,9,19,25,Aces Full timeout
2026-07-31T03:44:45Z,401857101,4,8:08,NY,LV,76,81,14,15,7,9,19,25,A'ja Wilson enters the game for Brianna Turner
2026-07-31T03:46:00Z,401857101,4,7:41,NY,LV,78,82,15,15,8,9,19,26,Breanna Stewart makes 9-foot pullup jump shot (Marine Fauthoux assists
2026-07-31T03:47:17Z,401857101,4,6:52,NY,LV,82,83,15,16,8,9,19,27,Breanna Stewart defensive rebound
2026-07-31T03:48:32Z,401857101,4,6:19,NY,LV,84,85,16,16,8,9,20,27,NaLyssa Smith shooting foul
2026-07-31T03:49:48Z,401857101,4,5:14,NY,LV,87,88,16,16,8,10,20,28,Han Xu defensive rebound
2026-07-31T03:51:03Z,401857101,4,4:21,NY,LV,87,90,17,16,8,10,21,29,Breanna Stewart misses shot
2026-07-31T03:52:18Z,401857101,4,3:42,NY,LV,87,92,18,16,8,10,24,29,Marine Fauthoux misses shot
2026-07-31T03:53:34Z,401857101,4,3:36,NY,LV,87,92,18,16,8,10,24,29,Aces Full timeout
2026-07-31T03:54:49Z,401857101,4,3:36,NY,LV,87,92,18,16,8,10,24,29,Aces Full timeout
2026-07-31T03:56:04Z,401857101,4,3:06,NY,LV,87,95,18,16,8,10,24,29,Pauline Astier enters the game for Rebekah Gardner
2026-07-31T23:52:35Z,401857102,1,2:24,SEA,ATL,14,22,3,4,2,6,7,6,Jaylyn Sherrod makes 24-foot three point jumper (Naz Hillmon assists)
2026-07-31T23:52:35Z,401857103,1,1:34,DAL,WSH,12,20,4,5,3,1,12,5,Paige Bueckers makes 14-foot fade away jump shot
2026-07-31T23:53:51Z,401857102,1,2:24,SEA,ATL,14,22,3,4,2,6,7,6,Storm Full timeout
2026-07-31T23:53:51Z,401857103,1,1:14,DAL,WSH,14,20,5,5,4,1,12,5,Arike Ogunbowale makes free throw 2 of 2
2026-07-31T23:55:06Z,401857102,1,2:13,SEA,ATL,14,23,3,5,2,7,7,6,"Jade Melbourne bad pass
turnover (Naz Hillmon steals)"
2026-07-31T23:55:06Z,401857103,1,35.1,DAL,WSH,14,22,5,5,5,2,13,6,Cotie McMahon out of bounds bad pass turnover
2026-07-31T23:56:22Z,401857102,1,1:39,SEA,ATL,14,24,3,5,2,8,7,6,"Awa Fam bad pass
turnover (Jaylyn Sherrod steals)"
2026-07-31T23:56:22Z,401857103,1,0.0,DAL,WSH,14,22,5,5,5,2,14,6,End of the 1st Quarter
2026-07-31T23:57:37Z,401857102,1,1:26,SEA,ATL,14,24,3,5,3,8,7,6,Dream Full timeout
2026-07-31T23:57:37Z,401857103,1,0.0,DAL,WSH,14,22,5,5,5,2,14,6,End of the 1st Quarter
2026-07-31T23:58:53Z,401857102,1,1:26,SEA,ATL,14,24,3,5,3,8,7,6,Dream Full timeout
2026-07-31T23:58:53Z,401857103,2,10:00,DAL,WSH,14,22,5,5,5,2,14,6,End of the 1st Quarter
2026-08-01T00:00:08Z,401857102,1,1:26,SEA,ATL,14,24,3,5,3,8,7,6,(01:26) [Dream] COACH'S CHALLENGE (CALL OVERTURNED) [Dream] retain the
2026-08-01T00:00:08Z,401857103,2,8:52,DAL,WSH,16,22,5,5,5,2,15,8,Lauren Betts blocks Jessica Shepard 's 15-foot shot
2026-08-01T00:01:23Z,401857102,1,52.4,SEA,ATL,15,24,4,5,3,9,7,7,enters the game for Allisha Gray
2026-08-01T00:01:23Z,401857103,2,8:06,DAL,WSH,18,22,5,6,5,2,15,10,Arike Ogunbowale defensive rebound
2026-08-01T00:02:39Z,401857102,1,27.2,SEA,ATL,15,26,4,6,3,9,8,7,Jordin Canada makes free throw 2 of 2
2026-08-01T00:02:39Z,401857103,2,7:24,DAL,WSH,18,22,6,7,5,3,15,10,Aziaha James offensive foul turnover
