season,match,hscore,ascore,odd_home,odd_away
2019,washington-mystics-connecticut-sun,89,78,1.31,3.43
2019,connecticut-sun-washington-mystics,90,86,1.81,2.02
2019,connecticut-sun-washington-mystics,81,94,1.65,2.30
2019,washington-mystics-connecticut-sun,87,99,1.26,3.91
2019,washington-mystics-connecticut-sun,95,86,1.26,3.88
2019,las-vegas-aces-washington-mystics,90,94,2.52,1.54
2019,los-angeles-sparks-connecticut-sun,56,78,1.39,3.02
2019,las-vegas-aces-washington-mystics,92,75,2.44,1.56
2019,connecticut-sun-los-angeles-sparks,94,68,1.80,2.02
2019,washington-mystics-las-vegas-aces,103,91,1.17,4.96
2019,connecticut-sun-los-angeles-sparks,84,75,1.81,2.02
2019,washington-mystics-las-vegas-aces,97,95,1.16,5.20
2019,las-vegas-aces-chicago-sky,93,92,1.54,2.51
2019,los-angeles-sparks-seattle-storm,92,69,1.31,3.46
2019,chicago-sky-phoenix-mercury,105,76,1.35,3.25
2019,seattle-storm-minnesota-lynx,84,74,1.74,2.12
2020,seattle-storm-las-vegas-aces,92,59,1.28,3.55
2020,las-vegas-aces-seattle-storm,91,104,3.37,1.31
2020,las-vegas-aces-seattle-storm,80,93,3.01,1.37
2020,las-vegas-aces-connecticut-sun,66,63,1.64,2.26
2020,connecticut-sun-las-vegas-aces,75,84,2.30,1.62
2020,minnesota-lynx-seattle-storm,71,92,3.93,1.24
2020,connecticut-sun-las-vegas-aces,77,68,3.23,1.33
2020,seattle-storm-minnesota-lynx,89,79,1.26,3.72
2020,las-vegas-aces-connecticut-sun,83,75,1.39,2.94
2020,seattle-storm-minnesota-lynx,88,86,1.22,4.07
2020,las-vegas-aces-connecticut-sun,62,87,1.35,3.09
2020,los-angeles-sparks-connecticut-sun,59,73,1.44,2.75
2020,minnesota-lynx-phoenix-mercury,80,79,1.50,2.57
2020,chicago-sky-connecticut-sun,81,94,1.75,2.07
2020,phoenix-mercury-washington-mystics,85,84,1.45,2.69
2021,chicago-sky-phoenix-mercury,80,74,1.50,2.62
2021,chicago-sky-phoenix-mercury,86,50,1.64,2.29
2021,phoenix-mercury-chicago-sky,77,91,1.66,2.22
2021,las-vegas-aces-phoenix-mercury,84,87,1.40,2.97
2021,chicago-sky-connecticut-sun,79,69,2.54,1.53
2021,phoenix-mercury-las-vegas-aces,76,93,1.85,1.95
2021,chicago-sky-connecticut-sun,86,83,2.56,1.53
2021,phoenix-mercury-las-vegas-aces,87,60,2.06,1.77
2021,connecticut-sun-chicago-sky,79,68,1.27,3.67
2021,las-vegas-aces-phoenix-mercury,91,117,1.37,3.11
2021,las-vegas-aces-phoenix-mercury,96,90,1.33,3.29
2021,minnesota-lynx-chicago-sky,76,89,1.50,2.61
2021,chicago-sky-dallas-wings,81,64,1.44,2.77
2021,phoenix-mercury-new-york-liberty,83,82,1.18,4.85
2022,connecticut-sun-las-vegas-aces,71,78,2.06,1.77
2022,connecticut-sun-las-vegas-aces,105,76,1.80,2.00
2022,las-vegas-aces-connecticut-sun,85,71,1.46,2.72
2022,las-vegas-aces-connecticut-sun,67,64,1.38,3.02
2022,chicago-sky-connecticut-sun,63,72,1.51,2.57
2022,connecticut-sun-chicago-sky,104,80,1.80,2.01
2022,seattle-storm-las-vegas-aces,92,97,1.82,1.98
2022,connecticut-sun-chicago-sky,72,76,1.90,1.86
2022,chicago-sky-connecticut-sun,85,77,1.43,2.83
2022,las-vegas-aces-seattle-storm,78,73,1.37,3.05
2022,chicago-sky-connecticut-sun,63,68,1.56,2.45
2022,las-vegas-aces-seattle-storm,73,76,1.41,2.91
2022,dallas-wings-connecticut-sun,58,73,3.08,1.37
2022,new-york-liberty-chicago-sky,72,90,3.47,1.31
2022,connecticut-sun-dallas-wings,79,89,1.12,6.30
2022,las-vegas-aces-phoenix-mercury,117,80,1.03,12.93
2022,seattle-storm-washington-mystics,97,84,1.59,2.34
2022,chicago-sky-new-york-liberty,100,62,1.22,4.28
2022,connecticut-sun-dallas-wings,93,68,1.16,5.02
2022,seattle-storm-washington-mystics,86,83,1.52,2.54
2022,chicago-sky-new-york-liberty,91,98,1.19,4.63
2022,las-vegas-aces-phoenix-mercury,79,63,1.05,10.85
2023,new-york-liberty-las-vegas-aces,69,70,1.40,3.00
2023,new-york-liberty-las-vegas-aces,87,73,2.09,1.75
2023,las-vegas-aces-new-york-liberty,104,76,1.48,2.66
2023,las-vegas-aces-new-york-liberty,99,82,1.50,2.62
2023,connecticut-sun-new-york-liberty,84,87,2.85,1.43
2023,connecticut-sun-new-york-liberty,81,92,2.50,1.55
2023,dallas-wings-las-vegas-aces,61,64,3.32,1.34
2023,las-vegas-aces-dallas-wings,91,84,1.16,5.48
2023,new-york-liberty-connecticut-sun,84,77,1.21,4.52
2023,las-vegas-aces-dallas-wings,97,83,1.17,5.20
2023,new-york-liberty-connecticut-sun,63,78,1.25,3.97
2023,minnesota-lynx-connecticut-sun,75,90,2.85,1.43
2023,dallas-wings-atlanta-dream,101,74,1.33,3.36
2023,connecticut-sun-minnesota-lynx,75,82,1.21,4.52
2023,las-vegas-aces-chicago-sky,92,70,1.04,11.94
2023,dallas-wings-atlanta-dream,94,82,1.37,3.10
2023,new-york-liberty-washington-mystics,90,75,1.18,4.93
2023,connecticut-sun-minnesota-lynx,90,60,1.21,4.50
2023,las-vegas-aces-chicago-sky,87,59,1.05,11.18
2024,minnesota-lynx-new-york-liberty,82,80,2.28,1.63
2024,minnesota-lynx-new-york-liberty,77,80,2.37,1.60
2024,new-york-liberty-minnesota-lynx,80,66,1.30,3.66
2024,minnesota-lynx-connecticut-sun,88,77,1.58,2.38
2024,connecticut-sun-minnesota-lynx,92,82,1.75,2.12
2024,las-vegas-aces-new-york-liberty,62,76,1.65,2.27
2024,connecticut-sun-minnesota-lynx,81,90,1.68,2.20
2024,las-vegas-aces-new-york-liberty,95,81,1.62,2.31
2024,minnesota-lynx-connecticut-sun,77,70,1.48,2.67
2024,new-york-liberty-las-vegas-aces,88,84,1.50,2.62
2024,minnesota-lynx-connecticut-sun,70,73,1.55,2.49
2024,new-york-liberty-las-vegas-aces,87,77,1.54,2.49
2024,connecticut-sun-indiana-fever,87,81,1.37,3.13
2024,minnesota-lynx-phoenix-mercury,101,88,1.20,4.63
2024,las-vegas-aces-seattle-storm,83,76,1.25,4.03
2024,new-york-liberty-atlanta-dream,91,82,1.10,7.31
2024,las-vegas-aces-seattle-storm,78,67,1.21,4.45
2024,connecticut-sun-indiana-fever,93,69,1.37,3.09
2024,minnesota-lynx-phoenix-mercury,102,95,1.17,5.11
2024,new-york-liberty-atlanta-dream,83,69,1.10,7.15
2025,phoenix-mercury-las-vegas-aces,86,97,2.11,1.74
2025,phoenix-mercury-las-vegas-aces,88,90,1.53,2.53
2025,las-vegas-aces-phoenix-mercury,91,78,1.66,2.24
2025,las-vegas-aces-phoenix-mercury,89,86,1.62,2.30
2025,phoenix-mercury-minnesota-lynx,86,81,1.51,2.58
2025,indiana-fever-las-vegas-aces,90,83,2.32,1.61
2025,indiana-fever-las-vegas-aces,72,84,2.42,1.57
2025,phoenix-mercury-minnesota-lynx,84,76,2.44,1.56
2025,las-vegas-aces-indiana-fever,90,68,1.22,4.31
2025,las-vegas-aces-indiana-fever,73,89,1.23,4.20
2025,minnesota-lynx-phoenix-mercury,82,69,1.26,3.92
2025,phoenix-mercury-new-york-liberty,79,73,1.64,2.26
2025,atlanta-dream-indiana-fever,85,87,1.30,3.54
2025,las-vegas-aces-seattle-storm,74,73,1.28,3.65
2025,golden-state-valkyries-minnesota-lynx,74,75,5.28,1.16
2025,new-york-liberty-phoenix-mercury,60,86,1.50,2.60
2025,indiana-fever-atlanta-dream,77,60,2.42,1.57
2025,seattle-storm-las-vegas-aces,86,83,2.68,1.47
2025,las-vegas-aces-seattle-storm,102,77,1.38,3.02
2025,atlanta-dream-indiana-fever,80,68,1.29,3.58
2025,minnesota-lynx-golden-state-valkyries,101,72,1.09,7.22
2026,atlanta-dream-seattle-storm,98,89,1.14,5.56
2026,portland-fire-indiana-fever,98,112,3.60,1.28
2026,washington-mystics-dallas-wings,81,75,2.26,1.63
2026,chicago-sky-connecticut-sun,94,88,1.43,2.81
2026,las-vegas-aces-new-york-liberty,104,99,1.52,2.52
2026,toronto-tempo-minnesota-lynx,72,104,5.98,1.12
2026,dallas-wings-atlanta-dream,81,82,2.02,1.78
2026,phoenix-mercury-golden-state-valkyries,91,89,2.29,1.62
2026,las-vegas-aces-portland-fire,98,83,1.12,6.07
2026,los-angeles-sparks-new-york-liberty,109,113,2.63,1.48
2026,minnesota-lynx-toronto-tempo,100,93,1.06,9.25
2026,seattle-storm-indiana-fever,95,105,4.17,1.22
2026,washington-mystics-connecticut-sun,92,84,1.38,2.98
2026,indiana-fever-connecticut-sun,123,88,1.18,4.72
2026,new-york-liberty-chicago-sky,95,94,1.29,3.57
2026,portland-fire-dallas-wings,97,101,3.22,1.34
2026,washington-mystics-las-vegas-aces,100,99,2.94,1.40
2026,los-angeles-sparks-phoenix-mercury,82,86,1.85,1.94
2026,seattle-storm-minnesota-lynx,76,86,4.61,1.19
2026,golden-state-valkyries-washington-mystics,82,90,1.25,3.90
2026,seattle-storm-minnesota-lynx,102,105,4.30,1.21
2026,toronto-tempo-las-vegas-aces,83,109,4.98,1.17
2026,phoenix-mercury-connecticut-sun,72,63,1.54,2.48
2026,atlanta-dream-chicago-sky,93,91,1.14,5.50
2026,dallas-wings-los-angeles-sparks,90,82,1.24,4.02
2026,golden-state-valkyries-washington-mystics,74,69,1.24,4.04
2026,indiana-fever-new-york-liberty,108,88,2.01,1.79
2026,minnesota-lynx-portland-fire,101,93,1.11,6.48
2026,chicago-sky-los-angeles-sparks,96,82,1.70,2.14
2026,indiana-fever-seattle-storm,110,107,1.24,3.98
2026,phoenix-mercury-connecticut-sun,83,96,1.55,2.44
2026,toronto-tempo-atlanta-dream,92,111,4.42,1.20
2026,washington-mystics-portland-fire,56,75,1.37,3.07
2026,indiana-fever-golden-state-valkyries,75,88,1.69,2.16
2026,chicago-sky-seattle-storm,95,90,1.67,2.18
2026,minnesota-lynx-los-angeles-sparks,96,87,1.16,5.23
2026,toronto-tempo-washington-mystics,62,79,2.04,1.77
2026,atlanta-dream-los-angeles-sparks,101,92,1.24,4.00
2026,connecticut-sun-portland-fire,90,87,1.69,2.16
2026,minnesota-lynx-phoenix-mercury,104,100,1.14,5.58
2026,dallas-wings-chicago-sky,96,91,1.20,4.42
2026,las-vegas-aces-indiana-fever,75,109,1.44,2.78
2026,las-vegas-aces-phoenix-mercury,106,58,1.25,3.87
2026,toronto-tempo-new-york-liberty,93,91,3.23,1.34
2026,washington-mystics-seattle-storm,84,79,1.41,2.90
2026,atlanta-dream-portland-fire,92,102,1.12,6.09
2026,connecticut-sun-golden-state-valkyries,64,79,2.96,1.39
2026,los-angeles-sparks-chicago-sky,102,87,1.83,1.97
2026,minnesota-lynx-new-york-liberty,90,85,1.49,2.61
2026,toronto-tempo-dallas-wings,95,108,3.70,1.27
2026,atlanta-dream-seattle-storm,89,78,1.13,5.70
2026,phoenix-mercury-indiana-fever,89,92,2.00,1.81
2026,portland-fire-las-vegas-aces,80,88,4.41,1.20
2026,connecticut-sun-minnesota-lynx,80,86,3.50,1.30
2026,los-angeles-sparks-indiana-fever,106,92,2.94,1.40
2026,toronto-tempo-golden-state-valkyries,75,83,3.55,1.29
2026,new-york-liberty-dallas-wings,77,88,1.52,2.51
2026,phoenix-mercury-chicago-sky,66,77,1.59,2.35
2026,los-angeles-sparks-seattle-storm,64,82,1.54,2.47
2026,minnesota-lynx-connecticut-sun,89,90,1.12,6.10
2026,washington-mystics-golden-state-valkyries,49,62,3.21,1.35
2026,las-vegas-aces-indiana-fever,68,84,1.65,2.22
2026,seattle-storm-portland-fire,72,77,1.52,2.50
2026,toronto-tempo-dallas-wings,76,89,2.97,1.39
2026,atlanta-dream-golden-state-valkyries,83,88,1.50,2.57
2026,new-york-liberty-minnesota-lynx,99,86,2.15,1.69
2026,connecticut-sun-dallas-wings,83,86,3.24,1.34
2026,phoenix-mercury-seattle-storm,90,67,1.54,2.48
2026,washington-mystics-atlanta-dream,81,76,3.89,1.25
2026,golden-state-valkyries-new-york-liberty,76,67,1.80,2.00
2026,chicago-sky-las-vegas-aces,99,107,3.40,1.31
2026,dallas-wings-minnesota-lynx,77,85,2.29,1.62
2026,indiana-fever-los-angeles-sparks,111,87,1.34,3.21
2026,seattle-storm-atlanta-dream,105,90,3.96,1.24
2026,chicago-sky-portland-fire,124,94,1.40,2.91
2026,connecticut-sun-washington-mystics,68,57,2.36,1.58
2026,golden-state-valkyries-atlanta-dream,78,75,2.05,1.75
2026,toronto-tempo-phoenix-mercury,80,89,1.45,2.73
2026,las-vegas-aces-dallas-wings,99,84,1.40,2.93
2026,seattle-storm-new-york-liberty,99,88,3.92,1.25
2026,toronto-tempo-los-angeles-sparks,125,97,1.91,1.88
2026,chicago-sky-portland-fire,101,78,1.57,2.39
2026,golden-state-valkyries-atlanta-dream,77,66,2.10,1.73
2026,indiana-fever-phoenix-mercury,109,111,1.24,3.95
2026,washington-mystics-minnesota-lynx,76,78,4.05,1.23
2026,las-vegas-aces-new-york-liberty,76,87,1.71,2.13
2026,atlanta-dream-toronto-tempo,94,87,1.07,8.21
2026,connecticut-sun-chicago-sky,92,63,2.33,1.59
2026,indiana-fever-phoenix-mercury,86,77,1.31,3.41
2026,los-angeles-sparks-new-york-liberty,98,97,2.78,1.44
2026,minnesota-lynx-washington-mystics,79,84,1.09,7.11
2026,dallas-wings-chicago-sky,93,92,1.20,4.56
2026,las-vegas-aces-golden-state-valkyries,92,73,1.59,2.34
2026,atlanta-dream-indiana-fever,113,96,1.50,2.56
2026,connecticut-sun-toronto-tempo,97,101,1.76,2.05
2026,golden-state-valkyries-minnesota-lynx,75,81,2.24,1.65
2026,new-york-liberty-washington-mystics,83,86,1.12,6.14
2026,phoenix-mercury-seattle-storm,93,73,1.36,3.08
2026,indiana-fever-atlanta-dream,101,108,1.97,1.82
2026,chicago-sky-new-york-liberty,95,96,4.74,1.18
2026,connecticut-sun-washington-mystics,81,88,1.73,2.10
2026,golden-state-valkyries-dallas-wings,91,80,1.63,2.25
2026,los-angeles-sparks-minnesota-lynx,83,99,4.91,1.17
2026,phoenix-mercury-las-vegas-aces,76,86,3.13,1.36
2026,portland-fire-seattle-storm,94,89,1.53,2.49
2026,indiana-fever-toronto-tempo,113,91,1.23,4.03
2026,dallas-wings-las-vegas-aces,96,66,2.29,1.62
2026,golden-state-valkyries-los-angeles-sparks,78,58,1.46,2.70
2026,minnesota-lynx-portland-fire,107,74,1.08,7.66
2026,connecticut-sun-indiana-fever,75,85,4.05,1.24
2026,las-vegas-aces-minnesota-lynx,100,97,1.60,2.32
2026,new-york-liberty-washington-mystics,86,64,1.10,6.64
2026,portland-fire-dallas-wings,84,83,2.33,1.60
2026,toronto-tempo-atlanta-dream,77,102,3.20,1.34
2026,seattle-storm-golden-state-valkyries,72,76,4.34,1.21
2026,washington-mystics-toronto-tempo,86,85,1.81,1.99
2026,atlanta-dream-new-york-liberty,90,104,1.61,2.31
2026,dallas-wings-phoenix-mercury,85,70,1.36,3.10
2026,portland-fire-las-vegas-aces,89,105,5.02,1.17
2026,seattle-storm-los-angeles-sparks,83,88,3.47,1.30
2026,chicago-sky-atlanta-dream,75,82,4.07,1.23
2026,golden-state-valkyries-phoenix-mercury,87,81,1.29,3.57
2026,minnesota-lynx-dallas-wings,100,76,1.52,2.51
2026,connecticut-sun-new-york-liberty,80,89,6.04,1.12
2026,las-vegas-aces-seattle-storm,101,91,1.07,8.57
2026,washington-mystics-indiana-fever,76,78,2.82,1.42
2026,los-angeles-sparks-portland-fire,89,72,1.33,3.29
2026,atlanta-dream-washington-mystics,109,77,1.22,4.14
2026,new-york-liberty-indiana-fever,83,75,1.63,2.26
2026,toronto-tempo-chicago-sky,85,68,1.59,2.35
2026,chicago-sky-connecticut-sun,85,80,1.37,3.07
2026,las-vegas-aces-golden-state-valkyries,84,79,1.63,2.27
2026,los-angeles-sparks-dallas-wings,96,104,2.10,1.73
2026,minnesota-lynx-seattle-storm,88,68,1.09,7.03
2026,portland-fire-phoenix-mercury,72,78,1.54,2.47
2026,indiana-fever-atlanta-dream,83,71,1.88,1.90
2026,minnesota-lynx-golden-state-valkyries,87,84,1.59,2.34
2026,new-york-liberty-toronto-tempo,97,82,1.26,3.75
2026,seattle-storm-phoenix-mercury,68,72,3.22,1.34
2026,atlanta-dream-connecticut-sun,91,75,1.09,7.42
2026,golden-state-valkyries-portland-fire,95,77,1.25,3.95
2026,los-angeles-sparks-las-vegas-aces,69,79,3.27,1.33
2026,washington-mystics-chicago-sky,90,72,2.07,1.75
2026,dallas-wings-seattle-storm,79,56,1.13,5.79
2026,phoenix-mercury-minnesota-lynx,77,111,2.19,1.67
2026,connecticut-sun-los-angeles-sparks,84,81,2.39,1.56
2026,golden-state-valkyries-las-vegas-aces,81,91,2.07,1.75
2026,portland-fire-indiana-fever,100,84,4.98,1.17
2026,chicago-sky-minnesota-lynx,58,79,2.50,1.53
2026,new-york-liberty-phoenix-mercury,75,68,1.44,2.76
2026,portland-fire-atlanta-dream,66,86,3.88,1.25
2026,toronto-tempo-seattle-storm,93,72,1.42,2.85
2026,washington-mystics-los-angeles-sparks,87,92,1.69,2.15
2026,dallas-wings-las-vegas-aces,95,87,2.66,1.47
2026,golden-state-valkyries-indiana-fever,90,88,1.74,2.08
2026,chicago-sky-toronto-tempo,104,111,1.49,2.58
2026,minnesota-lynx-atlanta-dream,96,81,2.22,1.65
2026,new-york-liberty-phoenix-mercury,84,74,1.53,2.47
2026,portland-fire-connecticut-sun,71,61,1.35,3.18
2026,seattle-storm-washington-mystics,64,78,2.34,1.59
2026,golden-state-valkyries-connecticut-sun,97,70,1.10,6.65
2026,new-york-liberty-portland-fire,74,81,1.19,4.62
2026,seattle-storm-washington-mystics,97,85,2.57,1.50
2026,atlanta-dream-phoenix-mercury,82,80,1.43,2.81
2026,las-vegas-aces-los-angeles-sparks,95,101,1.23,4.13
2026,new-york-liberty-dallas-wings,76,91,1.39,2.94
2026,toronto-tempo-portland-fire,80,99,1.47,2.66
2026,atlanta-dream-dallas-wings,86,69,1.44,2.76
2026,chicago-sky-minnesota-lynx,75,85,2.03,1.78
2026,indiana-fever-golden-state-valkyries,90,82,1.45,2.73
2026,seattle-storm-connecticut-sun,77,59,1.74,2.07
2026,minnesota-lynx-toronto-tempo,100,72,1.41,2.86
2026,new-york-liberty-golden-state-valkyries,70,87,1.39,2.96
2026,phoenix-mercury-los-angeles-sparks,88,97,1.69,2.15
2026,chicago-sky-dallas-wings,89,99,2.23,1.65
2026,indiana-fever-portland-fire,90,73,1.20,4.48
2026,seattle-storm-connecticut-sun,78,80,1.70,2.14
2026,phoenix-mercury-toronto-tempo,90,98,1.29,3.58
2026,dallas-wings-washington-mystics,92,69,1.53,2.48
2026,portland-fire-connecticut-sun,83,82,1.56,2.40
2026,indiana-fever-seattle-storm,89,78,1.14,5.46
2026,los-angeles-sparks-toronto-tempo,96,106,1.29,3.53
2026,minnesota-lynx-chicago-sky,79,86,1.40,2.91
2026,atlanta-dream-las-vegas-aces,84,85,2.34,1.59
2026,connecticut-sun-las-vegas-aces,94,101,8.25,1.07
2026,los-angeles-sparks-toronto-tempo,99,95,1.29,3.59
2026,phoenix-mercury-chicago-sky,91,83,1.52,2.49
2026,dallas-wings-minnesota-lynx,86,90,1.57,2.37
2026,portland-fire-new-york-liberty,82,100,5.36,1.15
2026,connecticut-sun-las-vegas-aces,69,98,7.69,1.08
2026,golden-state-valkyries-chicago-sky,63,69,1.39,2.95
2026,los-angeles-sparks-indiana-fever,78,87,1.91,1.88
2026,toronto-tempo-seattle-storm,86,73,1.64,2.23
2026,dallas-wings-atlanta-dream,72,77,2.01,1.79
2026,phoenix-mercury-minnesota-lynx,84,88,1.47,2.67
2026,portland-fire-new-york-liberty,98,96,6.20,1.12
2026,golden-state-valkyries-phoenix-mercury,95,79,1.70,2.14
2026,los-angeles-sparks-las-vegas-aces,78,105,2.03,1.78
2026,connecticut-sun-seattle-storm,82,89,1.77,2.03
2026,minnesota-lynx-atlanta-dream,90,91,2.76,1.44
2026,portland-fire-chicago-sky,83,98,2.74,1.45
2026,indiana-fever-dallas-wings,104,107,1.40,2.89
2026,las-vegas-aces-phoenix-mercury,66,99,1.21,4.29
2026,new-york-liberty-connecticut-sun,106,75,1.16,5.19
2026,seattle-storm-golden-state-valkyries,80,91,2.89,1.41
2026,toronto-tempo-washington-mystics,65,68,1.81,1.98
