logged_utc,date,home,away,tip,v3_margin,v5_margin,tot_pred,pin_spread,pin_total,pin_ml,outs,d_pnews,d_telo,d_oreb,d_p3ar,d_fluid,d_drop,d_pfr,s_pace,s_tov,d_p3pct,lg_env,top2_H,top2_A,proj_min_H,proj_min_A,n_outs,b3_coef,b5_coef,bt_coef,home_score,away_score,margin,total,close_spread,close_total,close_ml,v3_err,v5_err,tot_err,ats_v3,ats_v5,ou,ml_pick_v5,ml_correct
2026-07-15T18:41:32Z,2026-07-16,IND,GS,00:00,2.16,-0.48,173.4,"-3.0@117,-143","168.5@102,-128","@-123,105",,0.055,6.3,-0.0272,-0.0422,0.315,0.0592,1.49,158.48,-0.0085,0.1008,174.75,Kelsey Mitchell|Aliyah Boston,Veronica Burton|Gabby Williams,200.0,200.0,0,18.46|0.002796|15.6|11.8|2.055,22.51|13.95|19.85|-7.74|1.352|-0.1885|2.055,1.136|25.59|13.65|-182.6,,,,,,,,,,,,,,,
2026-07-15T23:36:44Z,2026-07-16,IND,GS,00:00,2.16,-0.48,173.8,"-4.0@123,-149","167.5@100,-126","@-138,118",,0.055,6.3,-0.0272,-0.0422,0.315,0.0592,1.49,158.48,-0.0085,0.1008,175.08,Kelsey Mitchell|Aliyah Boston,Veronica Burton|Gabby Williams,200.0,200.0,0,18.46|0.002796|15.6|11.8|2.055,22.51|13.95|19.85|-7.74|1.352|-0.1885|2.055,1.157|24.44|13.88|-185.8,,,,,,,,,,,,,,,
2026-07-16T18:44:44Z,2026-07-16,WSH,POR,23:00,2.36,3.89,182.8,"-8.0@114,-139","164.0@-101,-124","@-274,227",,0.032,37.5,0.0769,-0.1348,-0.123,-0.1826,-4.063,170.19,0.0145,-0.0633,171.97,Sonia Citron|Kiki Iriafen,Bridget Carleton|Sarah Ashlee Barker,200.0,200.0,0,18.46|0.002796|15.6|11.8|2.055,22.51|13.95|19.85|-7.74|1.352|-0.1885|2.055,1.177|23.29|14.08|-189,56.0,75.0,-19.0,131.0,,,,-21.36,-22.89,-51.80000000000001,W,W,L,WSH,L
2026-07-17T18:38:04Z,2026-07-17,IND,SEA,23:30,7.52,5.49,173.6,"-10.5@108,-131","179.5@113,-142","@-447,355",,0.252,171.1,-0.0072,0.0373,0.355,0.2618,1.25,166.69,-0.0285,0.1281,164.72,Kelsey Mitchell|Aliyah Boston,Natisha Hiedeman|Flau'jae Johnson,200.0,200.0,0,18.46|0.002796|15.6|11.8|2.055,22.51|13.95|19.85|-7.74|1.352|-0.1885|2.055,1.215|21.21|14.47|-194.9,110.0,107.0,3.0,217.0,,,,-4.52,-2.49,43.400000000000006,W,W,L,IND,W
2026-07-17T18:38:04Z,2026-07-17,TOR,ATL,23:30,-5.39,-7.12,176.2,"8.0@121,-148","183.0@-101,-124","@334,-418",,-0.334,-134.3,-0.0993,0.0542,-0.015,-0.1481,1.878,168.31,0.0156,0.104,164.72,Julie Allemand|Maria Conde,Rhyne Howard|Jordin Canada,200.0,200.0,0,18.46|0.002796|15.6|11.8|2.055,22.51|13.95|19.85|-7.74|1.352|-0.1885|2.055,1.215|21.21|14.47|-194.9,92.0,111.0,-19.0,203.0,,,,-13.61,-11.879999999999999,26.80000000000001,L,L,L,ATL,W
2026-07-17T18:38:04Z,2026-07-17,CHI,LA,23:30,1.6,1.68,180.4,"-3.0@120,-146","184.5@104,-130","@-120,103",,-0.052,-61.6,0.0586,-0.0205,-0.011,0.0698,1.404,173.18,-0.0061,0.0177,164.72,Azura Stevens|Natasha Cloud,Nneka Ogwumike|Dearica Hamby,200.0,200.0,0,18.46|0.002796|15.6|11.8|2.055,22.51|13.95|19.85|-7.74|1.352|-0.1885|2.055,1.215|21.21|14.47|-194.9,96.0,82.0,14.0,178.0,,,,12.4,12.32,-2.4000000000000057,L,L,W,CHI,W
2026-07-17T18:38:04Z,2026-07-18,PHX,CON,02:00,2.41,2.4,167.8,"-3.5@-124,102","165.0@108,-136","@-183,155",,-0.031,112.2,-0.0812,0.1595,0.043,-0.0148,-4.148,162.3,0.0024,0.0505,164.72,Alyssa Thomas|Kahleah Copper,Leila Lacan|Charlisse Leger-Walker,200.0,200.0,0,18.46|0.002796|15.6|11.8|2.055,22.51|13.95|19.85|-7.74|1.352|-0.1885|2.055,1.215|21.21|14.47|-194.9,,,,,,,,,,,,,,,
2026-07-17T23:31:47Z,2026-07-17,IND,SEA,23:30,7.52,5.49,171.2,"-10.0@119,-144","178.5@-101,-124","@-386,311",,0.252,171.1,-0.0072,0.0373,0.355,0.2618,1.25,166.69,-0.0285,0.1281,162.0,Kelsey Mitchell|Aliyah Boston,Natisha Hiedeman|Flau'jae Johnson,200.0,200.0,0,18.46|0.002796|15.6|11.8|2.055,22.51|13.95|19.85|-7.74|1.352|-0.1885|2.055,1.235|20.03|14.65|-197.9,110.0,107.0,3.0,217.0,,,,-4.52,-2.49,45.80000000000001,W,W,L,IND,W
2026-07-17T23:31:47Z,2026-07-17,TOR,ATL,23:30,-5.39,-7.12,173.7,"8.5@114,-138","182.5@105,-132","@349,-438",,-0.334,-134.3,-0.0993,0.0542,-0.015,-0.1481,1.878,168.31,0.0156,0.104,162.0,Julie Allemand|Maria Conde,Rhyne Howard|Jordin Canada,200.0,200.0,0,18.46|0.002796|15.6|11.8|2.055,22.51|13.95|19.85|-7.74|1.352|-0.1885|2.055,1.235|20.03|14.65|-197.9,92.0,111.0,-19.0,203.0,,,,-13.61,-11.879999999999999,29.30000000000001,L,L,L,ATL,W
2026-07-17T23:31:47Z,2026-07-17,CHI,LA,23:30,1.6,1.68,178.0,"-4.0@120,-146","184.5@111,-139","@-138,118",,-0.052,-61.6,0.0586,-0.0205,-0.011,0.0698,1.404,173.18,-0.0061,0.0177,162.0,Azura Stevens|Natasha Cloud,Nneka Ogwumike|Dearica Hamby,200.0,200.0,0,18.46|0.002796|15.6|11.8|2.055,22.51|13.95|19.85|-7.74|1.352|-0.1885|2.055,1.235|20.03|14.65|-197.9,96.0,82.0,14.0,178.0,,,,12.4,12.32,0.0,L,L,W,CHI,W
2026-07-17T23:31:47Z,2026-07-18,PHX,CON,02:00,2.41,2.4,165.2,"-5.5@114,-139","164.0@103,-130","@-182,154",,-0.031,112.2,-0.0812,0.1595,0.043,-0.0148,-4.148,162.3,0.0024,0.0505,162.0,Alyssa Thomas|Kahleah Copper,Leila Lacan|Charlisse Leger-Walker,200.0,200.0,0,18.46|0.002796|15.6|11.8|2.055,22.51|13.95|19.85|-7.74|1.352|-0.1885|2.055,1.235|20.03|14.65|-197.9,,,,,,,,,,,,,,,
2026-07-18T18:33:06Z,2026-07-19,IND,NY,00:00,2.92,0.53,166.2,"1.0@108,-131","183.0@109,-138","@114,-133",,0.054,25.6,0.026,-0.051,0.249,-0.0607,2.824,164.32,-0.0182,0.1169,159.65,Kelsey Mitchell|Aliyah Boston,Breanna Stewart|Sabrina Ionescu,200.0,200.0,0,18.46|0.002796|15.6|11.8|2.055,22.51|13.95|19.85|-7.74|1.352|-0.1885|2.055,1.254|18.87|14.87|-200.9,,,,,,,,,,,,,,,
2026-07-18T18:33:06Z,2026-07-19,MIN,POR,00:00,12.46,12.31,166.4,"-14.5@114,-138","175.0@112,-141","@-784,581",,0.555,245.7,0.0259,-0.0791,0.309,0.058,-3.53,165.67,-0.0325,0.0357,159.65,Kayla McBride|Courtney Williams,Bridget Carleton|Megan Gustafson,200.0,200.0,0,18.46|0.002796|15.6|11.8|2.055,22.51|13.95|19.85|-7.74|1.352|-0.1885|2.055,1.254|18.87|14.87|-200.9,,,,,,,,,,,,,,,
2026-07-18T18:33:06Z,2026-07-19,GS,WSH,00:30,10.47,9.03,156.7,"-9.5@119,-144","151.0@114,-144","@-366,296",,0.387,185.1,-0.0511,0.131,0.257,-0.1295,2.052,157.74,-0.0416,0.0645,159.65,Veronica Burton|Gabby Williams,Sonia Citron|Shakira Austin,200.0,200.0,0,18.46|0.002796|15.6|11.8|2.055,22.51|13.95|19.85|-7.74|1.352|-0.1885|2.055,1.254|18.87|14.87|-200.9,,,,,,,,,,,,,,,
2026-07-18T23:34:25Z,2026-07-19,IND,NY,00:00,2.92,0.53,163.3,"-1.5@120,-146","185.5@107,-135","@110,-128",,0.054,25.6,0.026,-0.051,0.249,-0.0607,2.824,164.32,-0.0182,0.1169,156.6,Kelsey Mitchell|Aliyah Boston,Breanna Stewart|Sabrina Ionescu,200.0,200.0,0,18.46|0.002796|15.6|11.8|2.055,22.51|13.95|19.85|-7.74|1.352|-0.1885|2.055,1.272|17.69|15.09|-203.8,,,,,,,,,,,,,,,
2026-07-18T23:34:25Z,2026-07-19,MIN,POR,00:00,12.46,12.31,163.5,"-14.0@108,-131","175.5@107,-135","@-795,588",,0.555,245.7,0.0259,-0.0791,0.309,0.058,-3.53,165.67,-0.0325,0.0357,156.6,Kayla McBride|Courtney Williams,Bridget Carleton|Megan Gustafson,200.0,200.0,0,18.46|0.002796|15.6|11.8|2.055,22.51|13.95|19.85|-7.74|1.352|-0.1885|2.055,1.272|17.69|15.09|-203.8,,,,,,,,,,,,,,,
2026-07-18T23:34:25Z,2026-07-19,GS,WSH,00:30,10.47,9.03,153.7,"-10.0@116,-141","150.5@111,-140","@-398,320",,0.387,185.1,-0.0511,0.131,0.257,-0.1295,2.052,157.74,-0.0416,0.0645,156.6,Veronica Burton|Gabby Williams,Sonia Citron|Shakira Austin,200.0,200.0,0,18.46|0.002796|15.6|11.8|2.055,22.51|13.95|19.85|-7.74|1.352|-0.1885|2.055,1.272|17.69|15.09|-203.8,,,,,,,,,,,,,,,
2026-07-19T18:33:18Z,2026-07-19,ATL,CHI,20:00,8.3,8.12,168.6,"-13.0@124,-151","180.5@109,-137","@-518,404",,0.231,192.0,0.0867,0.0081,0.068,-0.2941,0.212,171.95,0.0154,-0.0667,154.1,Rhyne Howard|Jordin Canada,Azura Stevens|Natasha Cloud,200.0,200.0,0,18.46|0.002796|15.6|11.8|2.055,22.51|13.95|19.85|-7.74|1.352|-0.1885|2.055,1.291|16.61|15.29|-206.7,93.0,91.0,2.0,184.0,,,,-6.300000000000001,-6.119999999999999,15.400000000000006,W,W,L,ATL,W
2026-07-19T18:33:18Z,2026-07-19,PHX,CON,23:00,1.1,1.26,158.7,"-6.5@115,-140","166.5@112,-141","@-187,158",,-0.072,80.3,-0.0871,0.1269,-0.015,-0.0759,-4.033,163.34,-0.002,0.0331,154.1,Alyssa Thomas|Kahleah Copper,Leila Lacan|Charlisse Leger-Walker,200.0,200.0,0,18.46|0.002796|15.6|11.8|2.055,22.51|13.95|19.85|-7.74|1.352|-0.1885|2.055,1.291|16.61|15.29|-206.7,72.0,63.0,9.0,135.0,,,,7.9,7.74,-23.69999999999999,L,L,W,PHX,W
2026-07-20T19:17:00Z,2026-07-21,TOR,LV,00:00,-5.11,-6.69,150.7,"9.5@107,-135","183.0@114,-144","@412,-529",,-0.409,-173.1,-0.0,0.0738,-0.116,-0.538,3.863,162.02,0.0516,0.0739,146.1,Julie Allemand|Maria Conde,Chelsea Gray|Jackie Young,200.0,200.0,0,18.46|0.002796|15.6|11.8|2.055,22.51|13.95|19.85|-7.74|1.352|-0.1885|2.055,1.327|14.48|15.65|-212.4,,,,,,,,,,,,,,,
2026-07-20T19:17:00Z,2026-07-21,DAL,NY,00:00,0.1,-2.33,152.6,"4.0@109,-137","176.0@-100,-130","@175,-208",,-0.034,-15.9,0.0092,-0.1203,0.194,-0.3603,0.669,165.13,-0.0421,0.0203,146.1,Jessica Shepard|Paige Bueckers,Breanna Stewart|Sabrina Ionescu,200.0,200.0,0,18.46|0.002796|15.6|11.8|2.055,22.51|13.95|19.85|-7.74|1.352|-0.1885|2.055,1.327|14.48|15.65|-212.4,,,,,,,,,,,,,,,
2026-07-20T19:17:00Z,2026-07-21,GS,WSH,02:00,9.71,8.36,138.4,"-10.0@111,-140","148.5@101,-131","@-380,306",,0.362,189.3,-0.0713,0.1315,0.237,-0.0377,2.068,153.89,-0.0484,0.0696,146.1,Veronica Burton|Gabby Williams,Sonia Citron|Shakira Austin,200.0,200.0,0,18.46|0.002796|15.6|11.8|2.055,22.51|13.95|19.85|-7.74|1.352|-0.1885|2.055,1.327|14.48|15.65|-212.4,,,,,,,,,,,,,,,
2026-07-20T19:17:00Z,2026-07-21,SEA,MIN,02:00,-6.42,-5.67,154.3,"8.0@115,-140","174.5@-101,-126","@351,-441",,-0.443,-258.3,0.053,-0.0339,-0.294,-0.0781,2.638,166.45,0.0496,-0.0674,146.1,Natisha Hiedeman|Flau'jae Johnson,Kayla McBride|Courtney Williams,200.0,200.0,0,18.46|0.002796|15.6|11.8|2.055,22.51|13.95|19.85|-7.74|1.352|-0.1885|2.055,1.327|14.48|15.65|-212.4,,,,,,,,,,,,,,,
2026-07-20T23:36:28Z,2026-07-21,TOR,LV,00:00,-5.11,-6.69,147.3,"10.0@-104,-120","183.5@101,-126","@417,-537",,-0.409,-173.1,-0.0,0.0738,-0.116,-0.538,3.863,162.02,0.0516,0.0739,142.67,Julie Allemand|Maria Conde,Chelsea Gray|Jackie Young,200.0,200.0,0,18.46|0.002796|15.6|11.8|2.055,22.51|13.95|19.85|-7.74|1.352|-0.1885|2.055,1.345|13.46|15.77|-215.2,,,,,,,,,,,,,,,
2026-07-20T23:36:28Z,2026-07-21,DAL,NY,00:00,0.1,-2.33,149.4,"3.5@108,-136","176.5@111,-145","@169,-200",,-0.034,-15.9,0.0092,-0.1203,0.194,-0.3603,0.669,165.13,-0.0421,0.0203,142.67,Jessica Shepard|Paige Bueckers,Breanna Stewart|Sabrina Ionescu,200.0,200.0,0,18.46|0.002796|15.6|11.8|2.055,22.51|13.95|19.85|-7.74|1.352|-0.1885|2.055,1.345|13.46|15.77|-215.2,,,,,,,,,,,,,,,
2026-07-20T23:36:28Z,2026-07-21,GS,WSH,02:00,9.71,8.36,134.9,"-10.0@120,-146","147.5@-103,-122","@-365,296",,0.362,189.3,-0.0713,0.1315,0.237,-0.0377,2.068,153.89,-0.0484,0.0696,142.67,Veronica Burton|Gabby Williams,Sonia Citron|Shakira Austin,200.0,200.0,0,18.46|0.002796|15.6|11.8|2.055,22.51|13.95|19.85|-7.74|1.352|-0.1885|2.055,1.345|13.46|15.77|-215.2,,,,,,,,,,,,,,,
2026-07-20T23:36:28Z,2026-07-21,SEA,MIN,02:00,-6.42,-5.67,151.0,"8.0@111,-134","176.5@104,-134","@347,-437",,-0.443,-258.3,0.053,-0.0339,-0.294,-0.0781,2.638,166.45,0.0496,-0.0674,142.67,Natisha Hiedeman|Flau'jae Johnson,Kayla McBride|Courtney Williams,200.0,200.0,0,18.46|0.002796|15.6|11.8|2.055,22.51|13.95|19.85|-7.74|1.352|-0.1885|2.055,1.345|13.46|15.77|-215.2,,,,,,,,,,,,,,,
2026-07-21T18:52:14Z,2026-07-22,LA,PHX,19:00,1.8,0.72,153.1,"-3.0@114,-143","180.0@-100,-130","@-125,103",,-0.014,-37.6,-0.0077,0.0198,0.059,-0.1616,2.437,167.97,-0.0034,0.0102,142.07,Nneka Ogwumike|Rae Burrell,Alyssa Thomas|Kahleah Copper,200.0,200.0,0,18.46|0.002796|15.6|11.8|2.055,22.51|13.95|19.85|-7.74|1.352|-0.1885|2.055,1.363|12.61|15.88|-217.9,82.0,86.0,-4.0,168.0,,,,-5.8,-4.72,14.900000000000006,W,W,W,LA,L
2026-07-21T18:52:14Z,2026-07-22,SEA,MIN,19:00,-6.26,-5.51,150.3,"8.0@110,-138","179.0@103,-134","@312,-409",,-0.434,-263.5,0.0445,-0.0219,-0.295,-0.1097,2.61,166.21,0.0557,-0.0671,142.07,Awa Fam|Natisha Hiedeman,Kayla McBride|Courtney Williams,200.0,200.0,0,18.46|0.002796|15.6|11.8|2.055,22.51|13.95|19.85|-7.74|1.352|-0.1885|2.055,1.363|12.61|15.88|-217.9,76.0,86.0,-10.0,162.0,,,,-3.74,-4.49,11.699999999999989,L,L,W,MIN,W
2026-07-21T18:52:14Z,2026-07-22,NY,CHI,23:00,6.0,6.98,153.5,"-11.0@114,-144","181.0@-100,-130","@-435,329",,0.093,182.4,0.0556,0.073,-0.047,-0.1166,-2.724,168.55,0.0134,-0.0314,142.07,Breanna Stewart|Sabrina Ionescu,Natasha Cloud|Azura Stevens,200.0,200.0,0,18.46|0.002796|15.6|11.8|2.055,22.51|13.95|19.85|-7.74|1.352|-0.1885|2.055,1.363|12.61|15.88|-217.9,95.0,94.0,1.0,189.0,,,,-5.0,-5.98,35.5,W,W,L,NY,W
2026-07-21T18:52:14Z,2026-07-22,WSH,LV,23:30,-4.04,-1.88,144.2,"5.5@111,-140","165.5@105,-137","@213,-268",,-0.396,-160.5,0.1356,-0.0378,-0.418,-0.3414,-0.26,161.2,0.0773,-0.0373,142.07,Sonia Citron|Shakira Austin,Chelsea Gray|Jackie Young,200.0,200.0,0,18.46|0.002796|15.6|11.8|2.055,22.51|13.95|19.85|-7.74|1.352|-0.1885|2.055,1.363|12.61|15.88|-217.9,100.0,99.0,1.0,199.0,,,,5.04,2.88,54.80000000000001,W,W,L,LV,L
2026-07-21T18:52:14Z,2026-07-23,IND,CON,00:00,10.72,9.11,149.2,"-11.5@111,-140","179.5@100,-130","@-485,362",,0.327,242.0,0.0161,0.1443,0.408,0.2587,-0.869,163.95,-0.0313,0.1269,142.07,Kelsey Mitchell|Aliyah Boston,Leila Lacan|Charlisse Leger-Walker,200.0,200.0,0,18.46|0.002796|15.6|11.8|2.055,22.51|13.95|19.85|-7.74|1.352|-0.1885|2.055,1.363|12.61|15.88|-217.9,,,,,,,,,,,,,,,
2026-07-21T18:52:14Z,2026-07-23,POR,DAL,02:00,-0.39,1.03,152.1,"4.0@115,-146","173.5@-110,-118","@180,-223",,-0.183,-109.1,-0.0214,0.1333,-0.194,0.3976,2.052,166.98,0.0447,-0.0102,142.07,Bridget Carleton|Megan Gustafson,Jessica Shepard|Azzi Fudd,200.0,200.0,0,18.46|0.002796|15.6|11.8|2.055,22.51|13.95|19.85|-7.74|1.352|-0.1885|2.055,1.363|12.61|15.88|-217.9,,,,,,,,,,,,,,,
2026-07-21T23:37:31Z,2026-07-22,LA,PHX,19:00,1.8,0.72,150.3,"-3.0@105,-132","178.0@-125,-104","@-136,112",,-0.014,-37.6,-0.0077,0.0198,0.059,-0.1616,2.437,167.97,-0.0034,0.0102,138.98,Nneka Ogwumike|Rae Burrell,Alyssa Thomas|Kahleah Copper,200.0,200.0,0,18.46|0.002796|15.6|11.8|2.055,22.51|13.95|19.85|-7.74|1.352|-0.1885|2.055,1.382|11.8|15.93|-220.9,82.0,86.0,-4.0,168.0,,,,-5.8,-4.72,17.69999999999999,W,W,W,LA,L
2026-07-21T23:37:31Z,2026-07-22,SEA,MIN,19:00,-6.26,-5.51,147.3,"7.5@118,-149","179.0@-104,-125","@311,-408",,-0.434,-263.5,0.0445,-0.0219,-0.295,-0.1097,2.61,166.21,0.0557,-0.0671,138.98,Awa Fam|Natisha Hiedeman,Kayla McBride|Courtney Williams,200.0,200.0,0,18.46|0.002796|15.6|11.8|2.055,22.51|13.95|19.85|-7.74|1.352|-0.1885|2.055,1.382|11.8|15.93|-220.9,76.0,86.0,-10.0,162.0,,,,-3.74,-4.49,14.699999999999989,L,L,W,MIN,W
2026-07-21T23:37:31Z,2026-07-22,NY,CHI,23:00,6.0,6.98,150.6,"-10.5@120,-151","181.0@-101,-128","@-399,305",,0.093,182.4,0.0556,0.073,-0.047,-0.1166,-2.724,168.55,0.0134,-0.0314,138.98,Breanna Stewart|Sabrina Ionescu,Natasha Cloud|Azura Stevens,200.0,200.0,0,18.46|0.002796|15.6|11.8|2.055,22.51|13.95|19.85|-7.74|1.352|-0.1885|2.055,1.382|11.8|15.93|-220.9,95.0,94.0,1.0,189.0,,,,-5.0,-5.98,38.400000000000006,W,W,L,NY,W
2026-07-21T23:37:31Z,2026-07-22,WSH,LV,23:30,-4.04,-1.88,141.1,"5.5@111,-140","165.5@105,-137","@213,-268",,-0.396,-160.5,0.1356,-0.0378,-0.418,-0.3414,-0.26,161.2,0.0773,-0.0373,138.98,Sonia Citron|Shakira Austin,Chelsea Gray|Jackie Young,200.0,200.0,0,18.46|0.002796|15.6|11.8|2.055,22.51|13.95|19.85|-7.74|1.352|-0.1885|2.055,1.382|11.8|15.93|-220.9,100.0,99.0,1.0,199.0,,,,5.04,2.88,57.900000000000006,W,W,L,LV,L
2026-07-21T23:37:31Z,2026-07-23,IND,CON,00:00,10.72,9.11,146.2,"-11.0@101,-126","180.0@-104,-125","@-511,378",,0.327,242.0,0.0161,0.1443,0.408,0.2587,-0.869,163.95,-0.0313,0.1269,138.98,Kelsey Mitchell|Aliyah Boston,Leila Lacan|Charlisse Leger-Walker,200.0,200.0,0,18.46|0.002796|15.6|11.8|2.055,22.51|13.95|19.85|-7.74|1.352|-0.1885|2.055,1.382|11.8|15.93|-220.9,,,,,,,,,,,,,,,
2026-07-21T23:37:31Z,2026-07-23,POR,DAL,02:00,-0.39,1.03,149.1,"3.0@121,-153","176.0@-104,-126","@170,-211",,-0.183,-109.1,-0.0214,0.1333,-0.194,0.3976,2.052,166.98,0.0447,-0.0102,138.98,Bridget Carleton|Megan Gustafson,Jessica Shepard|Azzi Fudd,200.0,200.0,0,18.46|0.002796|15.6|11.8|2.055,22.51|13.95|19.85|-7.74|1.352|-0.1885|2.055,1.382|11.8|15.93|-220.9,,,,,,,,,,,,,,,
2026-07-22T18:44:19Z,2026-07-22,LA,PHX,19:00,1.8,0.72,147.3,"-3.0@123,-149","177.0@101,-127","@-116,-101",,-0.014,-37.6,-0.0077,0.0198,0.059,-0.1616,2.437,167.97,-0.0034,0.0102,135.85,Nneka Ogwumike|Rae Burrell,Alyssa Thomas|Kahleah Copper,200.0,200.0,0,18.46|0.002796|15.6|11.8|2.055,22.51|13.95|19.85|-7.74|1.352|-0.1885|2.055,1.399|10.82|15.99|-223.7,82.0,86.0,-4.0,168.0,,,,-5.8,-4.72,20.69999999999999,W,W,W,LA,L
2026-07-22T18:44:19Z,2026-07-22,SEA,MIN,19:00,-6.26,-5.51,144.3,"9.0@119,-144","180.5@104,-133","@390,-497",,-0.434,-263.5,0.0445,-0.0219,-0.295,-0.1097,2.61,166.21,0.0557,-0.0671,135.85,Awa Fam|Natisha Hiedeman,Kayla McBride|Courtney Williams,200.0,200.0,0,18.46|0.002796|15.6|11.8|2.055,22.51|13.95|19.85|-7.74|1.352|-0.1885|2.055,1.399|10.82|15.99|-223.7,76.0,86.0,-10.0,162.0,,,,-3.74,-4.49,17.69999999999999,L,L,W,MIN,W
2026-07-22T18:44:19Z,2026-07-22,NY,CHI,23:00,6.0,6.98,147.7,"-9.0@119,-144","180.0@102,-128","@-322,264",,0.093,182.4,0.0556,0.073,-0.047,-0.1166,-2.724,168.55,0.0134,-0.0314,135.85,Breanna Stewart|Sabrina Ionescu,Natasha Cloud|Azura Stevens,200.0,200.0,0,18.46|0.002796|15.6|11.8|2.055,22.51|13.95|19.85|-7.74|1.352|-0.1885|2.055,1.399|10.82|15.99|-223.7,95.0,94.0,1.0,189.0,,,,-5.0,-5.98,41.30000000000001,W,W,L,NY,W
2026-07-22T18:44:19Z,2026-07-22,WSH,LV,23:30,-4.04,-1.88,138.0,"4.5@118,-147","165.5@109,-139","@210,-252",,-0.396,-160.5,0.1356,-0.0378,-0.418,-0.3414,-0.26,161.2,0.0773,-0.0373,135.85,Sonia Citron|Shakira Austin,Chelsea Gray|Jackie Young,200.0,200.0,0,18.46|0.002796|15.6|11.8|2.055,22.51|13.95|19.85|-7.74|1.352|-0.1885|2.055,1.399|10.82|15.99|-223.7,100.0,99.0,1.0,199.0,,,,5.04,2.88,61.0,W,W,L,LV,L
2026-07-22T18:44:19Z,2026-07-23,IND,CON,00:00,10.72,9.11,143.3,"-11.5@112,-139","179.0@103,-129","@-494,388",,0.327,242.0,0.0161,0.1443,0.408,0.2587,-0.869,163.95,-0.0313,0.1269,135.85,Kelsey Mitchell|Aliyah Boston,Leila Lacan|Charlisse Leger-Walker,200.0,200.0,0,18.46|0.002796|15.6|11.8|2.055,22.51|13.95|19.85|-7.74|1.352|-0.1885|2.055,1.399|10.82|15.99|-223.7,,,,,,,,,,,,,,,
2026-07-22T18:44:19Z,2026-07-23,POR,DAL,02:00,-0.39,1.03,146.1,"4.5@120,-146","177.0@-102,-123","@205,-246",,-0.183,-109.1,-0.0214,0.1333,-0.194,0.3976,2.052,166.98,0.0447,-0.0102,135.85,Bridget Carleton|Megan Gustafson,Jessica Shepard|Azzi Fudd,200.0,200.0,0,18.46|0.002796|15.6|11.8|2.055,22.51|13.95|19.85|-7.74|1.352|-0.1885|2.055,1.399|10.82|15.99|-223.7,,,,,,,,,,,,,,,
2026-07-22T23:35:30Z,2026-07-23,IND,CON,00:00,10.72,9.11,140.8,"-11.5@109,-133","179.0@107,-135","@-528,411",,0.327,242.0,0.0161,0.1443,0.408,0.2587,-0.869,163.95,-0.0313,0.1269,133.27,Kelsey Mitchell|Aliyah Boston,Leila Lacan|Charlisse Leger-Walker,200.0,200.0,0,18.46|0.002796|15.6|11.8|2.055,22.51|13.95|19.85|-7.74|1.352|-0.1885|2.055,1.417|9.924|16.01|-226.4,,,,,,,,,,,,,,,
2026-07-22T23:35:30Z,2026-07-23,POR,DAL,02:00,-0.39,1.03,143.7,"5.0@115,-139","178.0@103,-129","@208,-250",,-0.183,-109.1,-0.0214,0.1333,-0.194,0.3976,2.052,166.98,0.0447,-0.0102,133.27,Bridget Carleton|Megan Gustafson,Jessica Shepard|Azzi Fudd,200.0,200.0,0,18.46|0.002796|15.6|11.8|2.055,22.51|13.95|19.85|-7.74|1.352|-0.1885|2.055,1.417|9.924|16.01|-226.4,,,,,,,,,,,,,,,
2026-07-26T18:36:06Z,2026-07-28,WSH,CON,23:30,4.89,6.45,123.5,,,,,0.031,86.8,0.0814,0.0639,0.004,0.2098,-5.003,162.92,0.012,-0.0022,118.5,Shakira Austin|Michaela Onyenwere,Charlisse Leger-Walker|Leila Lacan,200.0,200.0,0,18.46|0.002796|15.6|11.8|2.055,22.51|13.95|19.85|-7.74|1.352|-0.1885|2.055,1.536|1.733|16.64|-245.1,92.0,84.0,8.0,176.0,,,,3.1100000000000003,1.5499999999999998,52.5,,,,WSH,W
2026-07-26T18:36:06Z,2026-07-29,MIN,TOR,00:00,15.57,16.89,123.8,,,,,0.677,285.1,0.0611,-0.0617,0.271,0.4209,-4.107,162.73,-0.0477,0.0346,118.5,Kayla McBride|Napheesa Collier,Julie Allemand|Maria Conde,200.0,200.0,0,18.46|0.002796|15.6|11.8|2.055,22.51|13.95|19.85|-7.74|1.352|-0.1885|2.055,1.536|1.733|16.64|-245.1,,,,,,,,,,,,,,,
2026-07-26T18:36:06Z,2026-07-29,SEA,IND,01:30,-4.28,-2.0,130.9,"-19.0@115,-144","206.0@107,-133","@-3198,1506",,-0.328,-197.8,0.0229,-0.007,-0.371,-0.0855,-1.193,169.33,0.0427,-0.1519,118.5,Natisha Hiedeman|Awa Fam,Kelsey Mitchell|Aliyah Boston,200.0,200.0,0,18.46|0.002796|15.6|11.8|2.055,22.51|13.95|19.85|-7.74|1.352|-0.1885|2.055,1.536|1.733|16.64|-245.1,,,,,,,,,,,,,,,
2026-07-26T18:36:06Z,2026-07-29,LV,POR,02:00,8.73,8.99,126.3,,,,,0.398,172.8,-0.0065,-0.0897,0.213,0.2796,-3.309,165.06,-0.0358,-0.0312,118.5,Chelsea Gray|Jewell Loyd,Bridget Carleton|Carla Leite,200.0,200.0,0,18.46|0.002796|15.6|11.8|2.055,22.51|13.95|19.85|-7.74|1.352|-0.1885|2.055,1.536|1.733|16.64|-245.1,,,,,,,,,,,,,,,
2026-07-26T18:36:06Z,2026-07-29,LA,NY,02:00,-3.91,-4.23,134.6,,,,,-0.197,-155.3,-0.0866,-0.0458,-0.098,0.0921,1.964,170.14,0.0148,-0.0046,118.5,Rae Burrell|Ariel Atkins,Breanna Stewart|Sabrina Ionescu,200.0,200.0,0,18.46|0.002796|15.6|11.8|2.055,22.51|13.95|19.85|-7.74|1.352|-0.1885|2.055,1.536|1.733|16.64|-245.1,,,,,,,,,,,,,,,
2026-07-26T23:36:42Z,2026-07-28,WSH,CON,23:30,4.89,6.45,121.2,,,,,0.031,86.8,0.0814,0.0639,0.004,0.2098,-5.003,162.92,0.012,-0.0022,116.12,Shakira Austin|Michaela Onyenwere,Charlisse Leger-Walker|Leila Lacan,200.0,200.0,0,18.46|0.002796|15.6|11.8|2.055,22.51|13.95|19.85|-7.74|1.352|-0.1885|2.055,1.551|0.7519|16.77|-247.6,92.0,84.0,8.0,176.0,,,,3.1100000000000003,1.5499999999999998,54.8,,,,WSH,W
2026-07-26T23:36:42Z,2026-07-29,MIN,TOR,00:00,15.57,16.89,121.5,,,,,0.677,285.1,0.0611,-0.0617,0.271,0.4209,-4.107,162.73,-0.0477,0.0346,116.12,Kayla McBride|Napheesa Collier,Julie Allemand|Maria Conde,200.0,200.0,0,18.46|0.002796|15.6|11.8|2.055,22.51|13.95|19.85|-7.74|1.352|-0.1885|2.055,1.551|0.7519|16.77|-247.6,,,,,,,,,,,,,,,
2026-07-26T23:36:42Z,2026-07-29,SEA,IND,01:30,-4.28,-2.0,128.7,"-19.0@115,-144","206.0@107,-133","@-3198,1506",,-0.328,-197.8,0.0229,-0.007,-0.371,-0.0855,-1.193,169.33,0.0427,-0.1519,116.12,Natisha Hiedeman|Awa Fam,Kelsey Mitchell|Aliyah Boston,200.0,200.0,0,18.46|0.002796|15.6|11.8|2.055,22.51|13.95|19.85|-7.74|1.352|-0.1885|2.055,1.551|0.7519|16.77|-247.6,,,,,,,,,,,,,,,
2026-07-26T23:36:42Z,2026-07-29,LV,POR,02:00,8.73,8.99,124.0,,,,,0.398,172.8,-0.0065,-0.0897,0.213,0.2796,-3.309,165.06,-0.0358,-0.0312,116.12,Chelsea Gray|Jewell Loyd,Bridget Carleton|Carla Leite,200.0,200.0,0,18.46|0.002796|15.6|11.8|2.055,22.51|13.95|19.85|-7.74|1.352|-0.1885|2.055,1.551|0.7519|16.77|-247.6,,,,,,,,,,,,,,,
2026-07-26T23:36:42Z,2026-07-29,LA,NY,02:00,-3.91,-4.23,132.4,,,,,-0.197,-155.3,-0.0866,-0.0458,-0.098,0.0921,1.964,170.14,0.0148,-0.0046,116.12,Rae Burrell|Ariel Atkins,Breanna Stewart|Sabrina Ionescu,200.0,200.0,0,18.46|0.002796|15.6|11.8|2.055,22.51|13.95|19.85|-7.74|1.352|-0.1885|2.055,1.551|0.7519|16.77|-247.6,,,,,,,,,,,,,,,
2026-07-27T18:59:30Z,2026-07-28,WSH,CON,23:30,4.89,6.45,117.9,"-6.5@116,-147","158.0@-102,-128","@-201,163",,0.031,86.8,0.0814,0.0639,0.004,0.2098,-5.003,162.92,0.012,-0.0022,112.73,Shakira Austin|Michaela Onyenwere,Charlisse Leger-Walker|Leila Lacan,200.0,200.0,0,18.46|0.002796|15.6|11.8|2.055,22.51|13.95|19.85|-7.74|1.352|-0.1885|2.055,1.566|-0.2116|16.92|-250,92.0,84.0,8.0,176.0,,,,3.1100000000000003,1.5499999999999998,58.099999999999994,L,L,L,WSH,W
2026-07-27T18:59:30Z,2026-07-29,MIN,TOR,00:00,15.57,16.89,118.3,"-16.0@117,-147","185.5@101,-132","@-1209,772",,0.677,285.1,0.0611,-0.0617,0.271,0.4209,-4.107,162.73,-0.0477,0.0346,112.73,Kayla McBride|Napheesa Collier,Julie Allemand|Maria Conde,200.0,200.0,0,18.46|0.002796|15.6|11.8|2.055,22.51|13.95|19.85|-7.74|1.352|-0.1885|2.055,1.566|-0.2116|16.92|-250,,,,,,,,,,,,,,,
2026-07-27T18:59:30Z,2026-07-29,SEA,IND,01:30,-4.28,-2.0,125.4,"-19.0@115,-144","206.0@107,-133","@-3198,1506",,-0.328,-197.8,0.0229,-0.007,-0.371,-0.0855,-1.193,169.33,0.0427,-0.1519,112.73,Natisha Hiedeman|Awa Fam,Kelsey Mitchell|Aliyah Boston,200.0,200.0,0,18.46|0.002796|15.6|11.8|2.055,22.51|13.95|19.85|-7.74|1.352|-0.1885|2.055,1.566|-0.2116|16.92|-250,,,,,,,,,,,,,,,
2026-07-27T18:59:30Z,2026-07-29,LV,POR,02:00,8.73,8.99,120.8,"-13.0@119,-150","180.5@106,-138","@-606,438",,0.398,172.8,-0.0065,-0.0897,0.213,0.2796,-3.309,165.06,-0.0358,-0.0312,112.73,Chelsea Gray|Jewell Loyd,Bridget Carleton|Carla Leite,200.0,200.0,0,18.46|0.002796|15.6|11.8|2.055,22.51|13.95|19.85|-7.74|1.352|-0.1885|2.055,1.566|-0.2116|16.92|-250,,,,,,,,,,,,,,,
2026-07-27T18:59:30Z,2026-07-29,LA,NY,02:00,-3.91,-4.23,129.2,"2.5@115,-145","185.0@102,-133","@143,-174",,-0.197,-155.3,-0.0866,-0.0458,-0.098,0.0921,1.964,170.14,0.0148,-0.0046,112.73,Rae Burrell|Ariel Atkins,Breanna Stewart|Sabrina Ionescu,200.0,200.0,0,18.46|0.002796|15.6|11.8|2.055,22.51|13.95|19.85|-7.74|1.352|-0.1885|2.055,1.566|-0.2116|16.92|-250,,,,,,,,,,,,,,,
2026-07-27T23:42:14Z,2026-07-28,WSH,CON,23:30,4.89,6.45,114.8,"-7.5@115,-144","159.0@110,-144","@-230,185",,0.031,86.8,0.0814,0.0639,0.004,0.2098,-5.003,162.92,0.012,-0.0022,109.58,Shakira Austin|Michaela Onyenwere,Charlisse Leger-Walker|Leila Lacan,200.0,200.0,0,18.46|0.002796|15.6|11.8|2.055,22.51|13.95|19.85|-7.74|1.352|-0.1885|2.055,1.581|-1.142|17.1|-252.3,92.0,84.0,8.0,176.0,,,,3.1100000000000003,1.5499999999999998,61.2,L,L,L,WSH,W
2026-07-27T23:42:14Z,2026-07-29,MIN,TOR,00:00,15.57,16.89,115.2,"-16.0@112,-141","186.5@107,-140","@-1228,782",,0.677,285.1,0.0611,-0.0617,0.271,0.4209,-4.107,162.73,-0.0477,0.0346,109.58,Kayla McBride|Napheesa Collier,Julie Allemand|Maria Conde,200.0,200.0,0,18.46|0.002796|15.6|11.8|2.055,22.51|13.95|19.85|-7.74|1.352|-0.1885|2.055,1.581|-1.142|17.1|-252.3,,,,,,,,,,,,,,,
2026-07-27T23:42:14Z,2026-07-29,SEA,IND,01:30,-4.28,-2.0,122.4,"-19.0@115,-144","206.0@107,-133","@-3198,1506",,-0.328,-197.8,0.0229,-0.007,-0.371,-0.0855,-1.193,169.33,0.0427,-0.1519,109.58,Natisha Hiedeman|Awa Fam,Kelsey Mitchell|Aliyah Boston,200.0,200.0,0,18.46|0.002796|15.6|11.8|2.055,22.51|13.95|19.85|-7.74|1.352|-0.1885|2.055,1.581|-1.142|17.1|-252.3,,,,,,,,,,,,,,,
2026-07-27T23:42:14Z,2026-07-29,LV,POR,02:00,8.73,8.99,117.8,"-12.0@102,-128","180.5@104,-135","@-606,438",,0.398,172.8,-0.0065,-0.0897,0.213,0.2796,-3.309,165.06,-0.0358,-0.0312,109.58,Chelsea Gray|Jewell Loyd,Bridget Carleton|Carla Leite,200.0,200.0,0,18.46|0.002796|15.6|11.8|2.055,22.51|13.95|19.85|-7.74|1.352|-0.1885|2.055,1.581|-1.142|17.1|-252.3,,,,,,,,,,,,,,,
2026-07-27T23:42:14Z,2026-07-29,LA,NY,02:00,-3.91,-4.23,126.2,"2.5@115,-145","185.0@102,-133","@143,-174",,-0.197,-155.3,-0.0866,-0.0458,-0.098,0.0921,1.964,170.14,0.0148,-0.0046,109.58,Rae Burrell|Ariel Atkins,Breanna Stewart|Sabrina Ionescu,200.0,200.0,0,18.46|0.002796|15.6|11.8|2.055,22.51|13.95|19.85|-7.74|1.352|-0.1885|2.055,1.581|-1.142|17.1|-252.3,,,,,,,,,,,,,,,
2026-07-28T18:55:30Z,2026-07-28,WSH,CON,23:30,4.89,6.45,112.0,"-7.5@113,-137","160.5@106,-139","@-239,200",,0.031,86.8,0.0814,0.0639,0.004,0.2098,-5.003,162.92,0.012,-0.0022,106.67,Shakira Austin|Michaela Onyenwere,Charlisse Leger-Walker|Leila Lacan,200.0,200.0,0,18.46|0.002796|15.6|11.8|2.055,22.51|13.95|19.85|-7.74|1.352|-0.1885|2.055,1.596|-1.928|17.26|-254.6,92.0,84.0,8.0,176.0,,,,3.1100000000000003,1.5499999999999998,64.0,L,L,L,WSH,W
2026-07-28T18:55:30Z,2026-07-29,MIN,TOR,00:00,15.57,16.89,112.4,"-17.5@122,-149","188.5@104,-131","@-1243,856",,0.677,285.1,0.0611,-0.0617,0.271,0.4209,-4.107,162.73,-0.0477,0.0346,106.67,Kayla McBride|Napheesa Collier,Julie Allemand|Maria Conde,200.0,200.0,0,18.46|0.002796|15.6|11.8|2.055,22.51|13.95|19.85|-7.74|1.352|-0.1885|2.055,1.596|-1.928|17.26|-254.6,,,,,,,,,,,,,,,
2026-07-28T18:55:30Z,2026-07-29,SEA,IND,01:30,-4.28,-2.0,119.6,"-19.0@115,-144","206.0@107,-133","@-3198,1506",,-0.328,-197.8,0.0229,-0.007,-0.371,-0.0855,-1.193,169.33,0.0427,-0.1519,106.67,Natisha Hiedeman|Awa Fam,Kelsey Mitchell|Aliyah Boston,200.0,200.0,0,18.46|0.002796|15.6|11.8|2.055,22.51|13.95|19.85|-7.74|1.352|-0.1885|2.055,1.596|-1.928|17.26|-254.6,,,,,,,,,,,,,,,
2026-07-28T18:55:30Z,2026-07-29,LV,POR,02:00,8.73,8.99,115.0,"-13.5@116,-141","178.0@102,-129","@-658,499",,0.398,172.8,-0.0065,-0.0897,0.213,0.2796,-3.309,165.06,-0.0358,-0.0312,106.67,Chelsea Gray|Jewell Loyd,Bridget Carleton|Carla Leite,200.0,200.0,0,18.46|0.002796|15.6|11.8|2.055,22.51|13.95|19.85|-7.74|1.352|-0.1885|2.055,1.596|-1.928|17.26|-254.6,,,,,,,,,,,,,,,
2026-07-28T18:55:30Z,2026-07-29,LA,NY,02:00,-3.91,-4.23,123.5,"4.0@114,-139","184.0@104,-130","@171,-203",,-0.197,-155.3,-0.0866,-0.0458,-0.098,0.0921,1.964,170.14,0.0148,-0.0046,106.67,Rae Burrell|Ariel Atkins,Breanna Stewart|Sabrina Ionescu,200.0,200.0,0,18.46|0.002796|15.6|11.8|2.055,22.51|13.95|19.85|-7.74|1.352|-0.1885|2.055,1.596|-1.928|17.26|-254.6,,,,,,,,,,,,,,,
2026-07-28T23:35:09Z,2026-07-29,MIN,TOR,00:00,15.57,16.89,109.8,"-18.0@117,-142","187.5@103,-130","@-1406,948",,0.677,285.1,0.0611,-0.0617,0.271,0.4209,-4.107,162.73,-0.0477,0.0346,103.93,Kayla McBride|Napheesa Collier,Julie Allemand|Maria Conde,200.0,200.0,0,18.46|0.002796|15.6|11.8|2.055,22.51|13.95|19.85|-7.74|1.352|-0.1885|2.055,1.61|-2.766|17.4|-256.9,,,,,,,,,,,,,,,
2026-07-28T23:35:09Z,2026-07-29,SEA,IND,01:30,-4.28,-2.0,116.9,"-19.0@115,-144","206.0@107,-133","@-3198,1506",,-0.328,-197.8,0.0229,-0.007,-0.371,-0.0855,-1.193,169.33,0.0427,-0.1519,103.93,Natisha Hiedeman|Awa Fam,Kelsey Mitchell|Aliyah Boston,200.0,200.0,0,18.46|0.002796|15.6|11.8|2.055,22.51|13.95|19.85|-7.74|1.352|-0.1885|2.055,1.61|-2.766|17.4|-256.9,,,,,,,,,,,,,,,
2026-07-28T23:35:09Z,2026-07-29,LV,POR,02:00,8.73,8.99,112.4,"-14.0@116,-147","178.0@102,-133","@-693,522",,0.398,172.8,-0.0065,-0.0897,0.213,0.2796,-3.309,165.06,-0.0358,-0.0312,103.93,Chelsea Gray|Jewell Loyd,Bridget Carleton|Carla Leite,200.0,200.0,0,18.46|0.002796|15.6|11.8|2.055,22.51|13.95|19.85|-7.74|1.352|-0.1885|2.055,1.61|-2.766|17.4|-256.9,,,,,,,,,,,,,,,
2026-07-28T23:35:09Z,2026-07-29,LA,NY,02:00,-3.91,-4.23,120.9,"3.5@114,-138","181.0@-133,105","@162,-192",,-0.197,-155.3,-0.0866,-0.0458,-0.098,0.0921,1.964,170.14,0.0148,-0.0046,103.93,Rae Burrell|Ariel Atkins,Breanna Stewart|Sabrina Ionescu,200.0,200.0,0,18.46|0.002796|15.6|11.8|2.055,22.51|13.95|19.85|-7.74|1.352|-0.1885|2.055,1.61|-2.766|17.4|-256.9,,,,,,,,,,,,,,,
2026-07-29T18:35:38Z,2026-07-30,DAL,ATL,00:00,-3.89,-5.07,116.7,"-2.0@108,-136","183.0@-100,-125","@-108,-112",,-0.238,-31.6,-0.062,-0.0429,0.039,0.1822,-0.577,167.63,-0.0293,0.0966,101.72,Azzi Fudd|Paige Bueckers,Jordin Canada|Rhyne Howard,200.0,200.0,0,18.46|0.002796|15.6|11.8|2.055,22.51|13.95|19.85|-7.74|1.352|-0.1885|2.055,1.624|-3.489|17.58|-259,,,,,,,,,,,,,,,
2026-07-29T18:35:38Z,2026-07-30,PHX,GS,02:00,-4.43,-4.29,95.9,"1.5@116,-146","158.5@105,-132","@137,-161",,-0.201,-144.6,-0.0739,-0.1038,-0.049,0.3454,-1.303,156.44,0.0104,-0.0422,101.72,Alyssa Thomas|DeWanna Bonner,Veronica Burton|Kayla Thornton,200.0,200.0,0,18.46|0.002796|15.6|11.8|2.055,22.51|13.95|19.85|-7.74|1.352|-0.1885|2.055,1.624|-3.489|17.58|-259,,,,,,,,,,,,,,,
2026-07-29T23:40:01Z,2026-07-30,DAL,ATL,00:00,-3.89,-5.07,113.5,"1.0@105,-129","182.5@-105,-122","@109,-133",,-0.238,-31.6,-0.062,-0.0429,0.039,0.1822,-0.577,167.63,-0.0293,0.0966,98.32,Azzi Fudd|Paige Bueckers,Jordin Canada|Rhyne Howard,200.0,200.0,0,18.46|0.002796|15.6|11.8|2.055,22.51|13.95|19.85|-7.74|1.352|-0.1885|2.055,1.638|-4.107|17.76|-261.2,,,,,,,,,,,,,,,
2026-07-29T23:40:01Z,2026-07-30,PHX,GS,02:00,-4.43,-4.29,92.5,"2.5@117,-143","157.5@107,-134","@154,-181",,-0.201,-144.6,-0.0739,-0.1038,-0.049,0.3454,-1.303,156.44,0.0104,-0.0422,98.32,Alyssa Thomas|DeWanna Bonner,Veronica Burton|Kayla Thornton,200.0,200.0,0,18.46|0.002796|15.6|11.8|2.055,22.51|13.95|19.85|-7.74|1.352|-0.1885|2.055,1.638|-4.107|17.76|-261.2,,,,,,,,,,,,,,,
2026-07-30T18:58:24Z,2026-07-31,TOR,MIN,00:00,-10.31,-11.21,100.9,"-19.5@122,-153","193.5@111,-139","@-1279,877",,-0.638,-288.0,-0.0386,0.0687,-0.29,-0.5816,2.961,163.4,0.0456,-0.0563,95.65,Julie Allemand|Maria Conde,Kayla McBride|Napheesa Collier,200.0,200.0,0,18.46|0.002796|15.6|11.8|2.055,22.51|13.95|19.85|-7.74|1.352|-0.1885|2.055,1.652|-4.627|17.92|-263.4,,,,,,,,,,,,,,,
2026-07-30T18:58:24Z,2026-07-31,CHI,CON,00:00,6.07,5.65,110.9,"-6.5@118,-148","175.5@-123,-105","@-208,168",,0.211,25.8,-0.0652,0.0908,0.256,0.3603,-2.004,168.57,-0.039,0.0027,95.65,Natasha Cloud|Azura Stevens,Leila Lacan|Charlisse Leger-Walker,200.0,200.0,0,18.46|0.002796|15.6|11.8|2.055,22.51|13.95|19.85|-7.74|1.352|-0.1885|2.055,1.652|-4.627|17.92|-263.4,,,,,,,,,,,,,,,
2026-07-30T18:58:24Z,2026-07-31,LV,NY,02:00,0.41,-0.05,103.5,"-6.0@108,-136","184.0@109,-142","@-203,164",,0.038,31.4,-0.1025,-0.0707,0.052,0.5609,1.567,164.41,-0.0342,-0.0212,95.65,Chelsea Gray|A'ja Wilson,Breanna Stewart|Sabrina Ionescu,200.0,200.0,0,18.46|0.002796|15.6|11.8|2.055,22.51|13.95|19.85|-7.74|1.352|-0.1885|2.055,1.652|-4.627|17.92|-263.4,,,,,,,,,,,,,,,
2026-07-30T23:37:35Z,2026-07-31,TOR,MIN,00:00,-10.31,-11.21,97.9,"-19.5@122,-153","193.5@111,-139","@-1279,877",,-0.638,-288.0,-0.0386,0.0687,-0.29,-0.5816,2.961,163.4,0.0456,-0.0563,92.6,Julie Allemand|Maria Conde,Kayla McBride|Napheesa Collier,200.0,200.0,0,18.46|0.002796|15.6|11.8|2.055,22.51|13.95|19.85|-7.74|1.352|-0.1885|2.055,1.665|-5.247|18.04|-265.6,,,,,,,,,,,,,,,
2026-07-30T23:37:35Z,2026-07-31,CHI,CON,00:00,6.07,5.65,108.0,"-6.0@-100,-121","178.0@107,-134","@-220,185",,0.211,25.8,-0.0652,0.0908,0.256,0.3603,-2.004,168.57,-0.039,0.0027,92.6,Natasha Cloud|Azura Stevens,Leila Lacan|Charlisse Leger-Walker,200.0,200.0,0,18.46|0.002796|15.6|11.8|2.055,22.51|13.95|19.85|-7.74|1.352|-0.1885|2.055,1.665|-5.247|18.04|-265.6,,,,,,,,,,,,,,,
2026-07-30T23:37:35Z,2026-07-31,LV,NY,02:00,0.41,-0.05,100.6,"-5.0@110,-133","183.0@103,-130","@-176,149",,0.038,31.4,-0.1025,-0.0707,0.052,0.5609,1.567,164.41,-0.0342,-0.0212,92.6,Chelsea Gray|A'ja Wilson,Breanna Stewart|Sabrina Ionescu,200.0,200.0,0,18.46|0.002796|15.6|11.8|2.055,22.51|13.95|19.85|-7.74|1.352|-0.1885|2.055,1.665|-5.247|18.04|-265.6,,,,,,,,,,,,,,,
2026-07-31T18:55:58Z,2026-07-31,ATL,SEA,23:30,8.31,6.96,114.1,"-14.0@111,-135","180.5@104,-131","@-673,509",,0.314,173.3,0.0089,-0.0139,0.205,-0.2351,1.308,170.02,-0.0106,-0.0412,97.05,Jordin Canada|Rhyne Howard,Natisha Hiedeman|Awa Fam,200.0,200.0,0,18.46|0.002796|15.6|11.8|2.055,22.51|13.95|19.85|-7.74|1.352|-0.1885|2.055,1.679|-5.828|18.12|-267.7,98.0,89.0,9.0,187.0,,,,0.6899999999999995,2.04,72.9,W,W,L,ATL,W
2026-07-31T18:55:58Z,2026-07-31,WSH,DAL,23:30,0.82,3.55,103.4,"2.0@109,-132","169.0@110,-138","@132,-155",,-0.11,-90.0,0.0898,-0.0294,-0.285,0.0306,-1.876,163.67,0.0525,-0.0199,97.05,Shakira Austin|Sonia Citron,Azzi Fudd|Jessica Shepard,200.0,200.0,0,18.46|0.002796|15.6|11.8|2.055,22.51|13.95|19.85|-7.74|1.352|-0.1885|2.055,1.679|-5.828|18.12|-267.7,81.0,75.0,6.0,156.0,,,,5.18,2.45,52.599999999999994,W,W,W,WSH,W
2026-07-31T18:55:58Z,2026-08-01,POR,IND,02:00,-7.12,-6.26,107.5,"6.5@118,-143","189.0@106,-134","@264,-322",,-0.456,-198.0,-0.0679,0.0724,-0.358,-0.0416,2.267,167.01,0.0167,-0.1177,97.05,Bridget Carleton|Megan DiLeo,Kelsey Mitchell|Caitlin Clark,200.0,200.0,0,18.46|0.002796|15.6|11.8|2.055,22.51|13.95|19.85|-7.74|1.352|-0.1885|2.055,1.679|-5.828|18.12|-267.7,,,,,,,,,,,,,,,
2026-07-31T23:37:55Z,2026-08-01,POR,IND,02:00,-7.12,-6.26,107.5,"6.5@112,-135","189.0@102,-129","@257,-314",,-0.456,-198.0,-0.0679,0.0724,-0.358,-0.0416,2.267,167.01,0.0167,-0.1177,97.05,Bridget Carleton|Megan DiLeo,Kelsey Mitchell|Caitlin Clark,200.0,200.0,0,18.46|0.002796|15.6|11.8|2.055,22.51|13.95|19.85|-7.74|1.352|-0.1885|2.055,1.69|-6.292|18.21|-269.6,,,,,,,,,,,,,,,
2026-08-01T18:32:59Z,2026-08-01,PHX,NY,19:00,-4.12,-3.05,116.1,"1.0@113,-137","177.5@106,-134","@129,-151",,-0.203,-98.8,-0.0934,-0.0593,-0.234,0.3712,0.934,165.83,-0.0008,-0.0534,106.27,Alyssa Thomas|DeWanna Bonner,Breanna Stewart|Sabrina Ionescu,200.0,200.0,0,18.46|0.002796|15.6|11.8|2.055,22.51|13.95|19.85|-7.74|1.352|-0.1885|2.055,1.702|-6.775|18.34|-271.3,92.0,94.0,-2.0,186.0,,,,2.12,1.0499999999999998,69.9,W,W,L,NY,W
