game_id,attendance,venue,officials
401537457,0,Target Center,Gina Cross|Ashley Gloss|Blanca Burns
401537458,2004,College Park Center,Tim Greene|Jenna Reneau|Marcy Williams
401537459,2024,Wintrust Arena,Michael Price|Maj Forsberg|Biniam Maru
401535138,5119,Climate Pledge Arena,Isaac Barnett|Teresa Stuck|Kevin Fahy
401537460,0,Mohegan Sun Arena,Angelica Suffren|Fatou Cissoko-Stephens|Biniam Maru
401537461,3612,CareFirst Arena,Ryan Sassano|Toni Patillo|Intae Hwang
401535139,0,Mortgage Matchup Center,Jeff Wooten|Angel Kent|Catherine Chang
401537462,2084,Gainbridge Fieldhouse,Charles Watson|Marcy Williams|Isaac Barnett
401525954,19800,Scotiabank Arena,Amy Bonner|Teresa Stuck|Kevin Fahy
401545052,4460,Michelob ULTRA Arena,Roy Gulbeyan|Agon Abazi|Ashley Gloss
401537464,0,Gateway Center,Jeff Smith|Eric Brewton|Tyler Ricks
401507130,7356,Gainbridge Fieldhouse,Angelica Suffren|Charles Watson|Jenna Reneau
401507131,4200,CareFirst Arena,Jeff Wooten|Ryan Sassano|Angel Kent
401507132,8024,Target Center,Michael Price|Maj Forsberg|Blanca Burns
401507133,10396,crypto.com Arena,Amy Bonner|Tim Greene|Randy Richardson
401507135,5588,College Park Center,Eric Brewton|Toni Patillo|Ashley Gloss
401507134,11229,Climate Pledge Arena,Roy Gulbeyan|Fatou Cissoko-Stephens|Isaac Barnett
401507136,7048,Mohegan Sun Arena,Jeff Smith|Amy Bonner|Kelly Broomfield
401507137,8575,Barclays Center,Michael Price|Randy Richardson|Blanca Burns
401507138,14040,Mortgage Matchup Center,Maj Forsberg|Isaac Barnett|Sha'Rae Mitchell
401507139,3383,CareFirst Arena,Eric Brewton|Randy Richardson|Intae Hwang
401507140,7803,Target Center,Roy Gulbeyan|Jenna Reneau|Catherine Chang
401507141,7314,crypto.com Arena,Maj Forsberg|Biniam Maru|Jenna Reneau
401507142,6057,Mortgage Matchup Center,Amy Bonner|Eric Brewton|Agon Abazi
401507143,7304,Wintrust Arena,Roy Gulbeyan|Fatou Cissoko-Stephens|Toni Patillo
401507144,8277,Climate Pledge Arena,Jeff Wooten|Tyler Ricks|Ashley Gloss
401507145,7102,Barclays Center,Amy Bonner|Tim Greene|Clare Simmons
401507146,10191,Michelob ULTRA Arena,Jeff Smith|Eric Brewton|Intae Hwang
401507147,3209,Gateway Center,Angelica Suffren|Maj Forsberg|Kevin Fahy
401507148,6042,Wintrust Arena,Isaac Barnett|Randy Richardson|Jenna Reneau
401507149,7970,Michelob ULTRA Arena,Roy Gulbeyan|Ryan Sassano|Teresa Stuck
401507150,2562,Gateway Center,Tim Greene|Angel Kent|Clare Simmons
401507151,5317,Mohegan Sun Arena,Gina Cross|Fatou Cissoko-Stephens|Isaac Barnett
401507152,3484,College Park Center,Jeff Smith|Maj Forsberg|Sha'Rae Mitchell
401507153,8340,Climate Pledge Arena,Angelica Suffren|Randy Richardson|Jenna Reneau
401507154,8124,Target Center,Jeff Wooten|Toni Patillo|Biniam Maru
401507157,7188,Wintrust Arena,Tim Greene|Eric Brewton|Agon Abazi
401507155,3294,CareFirst Arena,Amy Bonner|Clare Simmons|Catherine Chang
401507156,3209,Gateway Center,Michael Price|Gina Cross|Isaac Barnett
401507158,8815,Mortgage Matchup Center,Roy Gulbeyan|Angelica Suffren|Jenna Reneau
401507159,3534,CareFirst Arena,Tyler Ricks|Blanca Burns|Ashley Gloss
401507160,6866,crypto.com Arena,Maj Forsberg|Marcy Williams|Kevin Fahy
401507161,5012,Mohegan Sun Arena,Roy Gulbeyan|Charles Watson|Teresa Stuck
401507162,7225,Barclays Center,Jeff Wooten|Toni Patillo|Biniam Maru
401507163,6131,Gainbridge Fieldhouse,Eric Brewton|Sha'Rae Mitchell|Catherine Chang
401507164,4368,Mohegan Sun Arena,Tyler Ricks|Toni Patillo|Blanca Burns
401507165,5201,Wintrust Arena,Amy Bonner|Ryan Sassano|Teresa Stuck
401507166,7840,Climate Pledge Arena,Clare Simmons|Sha'Rae Mitchell|Ashley Gloss
401507167,0,Barclays Center,
401507168,4242,College Park Center,Michael Price|Marcy Williams|Tiara Cruse
401507169,5147,Mohegan Sun Arena,Angelica Suffren|Angel Kent|Agon Abazi
401507170,3209,Gateway Center,Amy Bonner|Fatou Cissoko-Stephens|Kevin Fahy
401507171,6251,College Park Center,Isaac Barnett|Ryan Sassano|Toni Patillo
401507172,8510,Target Center,Charles Watson|Clare Simmons|Ashley Gloss
401507173,5431,crypto.com Arena,Gina Cross|Tiara Cruse|Eric Brewton
401507174,8397,Climate Pledge Arena,Roy Gulbeyan|Michael Price|Blanca Burns
401507175,7615,Barclays Center,Roy Gulbeyan|Tiara Cruse|Blanca Burns
401507176,9786,Michelob ULTRA Arena,Jeff Smith|Jenna Reneau|Catherine Chang
401507179,13213,Climate Pledge Arena,Isaac Barnett|Angel Kent|Toni Patillo
401507177,2690,Gateway Center,Teresa Stuck|Sha'Rae Mitchell|Ashley Gloss
401507178,5013,Gainbridge Fieldhouse,Amy Bonner|Jeff Wooten|Biniam Maru
401507180,8025,Target Center,Tim Greene|Randy Richardson|Kevin Fahy
401507181,3005,Gainbridge Fieldhouse,Angelica Suffren|Marcy Williams|Ashley Gloss
401507182,5719,Barclays Center,Tyler Ricks|Toni Patillo|Jenna Reneau
401507183,7044,Mortgage Matchup Center,Fatou Cissoko-Stephens|Tim Greene|Catherine Chang
401507184,5807,College Park Center,Jeff Smith|Fatou Cissoko-Stephens|Angel Kent
401507185,4316,Mohegan Sun Arena,Angelica Suffren|Isaac Barnett|Ryan Sassano
401507186,6323,Wintrust Arena,Toni Patillo|Intae Hwang|Blanca Burns
401507187,8518,Michelob ULTRA Arena,Amy Bonner|Charles Watson|Clare Simmons
401507188,4200,CareFirst Arena,Michael Price|Angel Kent|Jenna Reneau
401507189,5265,crypto.com Arena,Amy Bonner|Charles Watson|Marcy Williams
401507190,5020,College Park Center,Angelica Suffren|Kevin Fahy|Ashley Gloss
401507191,9278,Barclays Center,Eric Brewton|Toni Patillo|Clare Simmons
401507192,4009,CareFirst Arena,Gina Cross|Isaac Barnett|Randy Richardson
401507193,4024,Gainbridge Fieldhouse,Michael Price|Charles Watson|Angel Kent
401507194,6289,crypto.com Arena,Roy Gulbeyan|Tyler Ricks|Sha'Rae Mitchell
401507195,8036,Michelob ULTRA Arena,Jeff Wooten|Fatou Cissoko-Stephens|Ryan Sassano
401507196,3392,College Park Center,Tim Greene|Eric Brewton|Agon Abazi
401507197,4180,crypto.com Arena,Angelica Suffren|Toni Patillo|Catherine Chang
401507198,7022,Climate Pledge Arena,Fatou Cissoko-Stephens|Marcy Williams|Tiara Cruse
401507199,11580,Mortgage Matchup Center,Charles Watson|Randy Richardson|Angel Kent
401507200,6158,Wintrust Arena,Jeff Wooten|Biniam Maru|Sha'Rae Mitchell
401507201,7024,Target Center,Gina Cross|Isaac Barnett|Angel Kent
401507202,7734,Climate Pledge Arena,Jeff Smith|Randy Richardson|Kevin Fahy
401507203,3209,Gateway Center,Fatou Cissoko-Stephens|Tiara Cruse|Intae Hwang
401507204,5766,crypto.com Arena,Michael Price|Tim Greene|Ryan Sassano
401507205,8310,Michelob ULTRA Arena,Michael Price|Biniam Maru|Sha'Rae Mitchell
401507206,9122,Climate Pledge Arena,Jeff Wooten|Ryan Sassano|Teresa Stuck
401507207,6517,Mohegan Sun Arena,Jeff Smith|Fatou Cissoko-Stephens|Agon Abazi
401507208,7285,Barclays Center,Tim Greene|Marcy Williams|Kevin Fahy
401507209,6380,crypto.com Arena,Gina Cross|Isaac Barnett|Randy Richardson
401507210,8143,Michelob ULTRA Arena,Jeff Wooten|Isaac Barnett|Catherine Chang
401507211,7344,Mohegan Sun Arena,Michael Price|Marcy Williams|Ashley Gloss
401507212,7014,Target Center,Jeff Smith|Gina Cross|Randy Richardson
401507213,5652,Mortgage Matchup Center,Eric Brewton|Toni Patillo|Biniam Maru
401507214,8810,Wintrust Arena,Jeff Wooten|Angel Kent|Teresa Stuck
401507215,3624,CareFirst Arena,Roy Gulbeyan|Kevin Fahy|Agon Abazi
401507216,9587,Michelob ULTRA Arena,Angelica Suffren|Fatou Cissoko-Stephens|Eric Brewton
401507217,9047,Mortgage Matchup Center,Jeff Smith|Gina Cross|Isaac Barnett
401507218,6894,Climate Pledge Arena,Michael Price|Tim Greene|Clare Simmons
401507219,3209,Gateway Center,Charles Watson|Marcy Williams|Randy Richardson
401507220,7272,Wintrust Arena,Roy Gulbeyan|Kevin Fahy|Sha'Rae Mitchell
401507221,8596,Michelob ULTRA Arena,Eric Brewton|Toni Patillo|Clare Simmons
401507222,8777,Mortgage Matchup Center,Jeff Wooten|Angel Kent|Intae Hwang
401507223,3209,Gateway Center,Tim Greene|Sha'Rae Mitchell|Catherine Chang
401507225,4544,College Park Center,Fatou Cissoko-Stephens|Eric Brewton|Toni Patillo
401507224,4004,Gainbridge Fieldhouse,Roy Gulbeyan|Charles Watson|Tyler Ricks
401507226,9110,Climate Pledge Arena,Isaac Barnett|Kevin Fahy|Agon Abazi
401507227,7151,Barclays Center,Tim Greene|Biniam Maru|Clare Simmons
401507228,7624,Target Center,Roy Gulbeyan|Intae Hwang|Kevin Fahy
401507229,10177,Michelob ULTRA Arena,Gina Cross|Isaac Barnett|Blanca Burns
401507230,5912,crypto.com Arena,Angelica Suffren|Teresa Stuck|Jenna Reneau
401507231,5479,Mohegan Sun Arena,Jeff Smith|Eric Brewton|Toni Patillo
401507232,4200,CareFirst Arena,Jeff Smith|Eric Brewton|Teresa Stuck
401507233,7911,Wintrust Arena,Jeff Wooten|Fatou Cissoko-Stephens|Charles Watson
401507234,6251,College Park Center,Tim Greene|Angel Kent|Kevin Fahy
401507235,7714,Target Center,Angelica Suffren|Maj Forsberg|Sha'Rae Mitchell
401507236,6789,Barclays Center,Roy Gulbeyan|Ryan Sassano|Toni Patillo
401507237,6558,Mohegan Sun Arena,Roy Gulbeyan|Maj Forsberg|Sha'Rae Mitchell
401507238,3612,Gainbridge Fieldhouse,Jeff Wooten|Charles Watson|Agon Abazi
401507239,9206,Mortgage Matchup Center,Angelica Suffren|Fatou Cissoko-Stephens|Tyler Ricks
401507240,7701,Target Center,Tim Greene|Marcy Williams|Clare Simmons
401507241,7325,Wintrust Arena,Jeff Smith|Angel Kent|Toni Patillo
401507242,3571,CareFirst Arena,Roy Gulbeyan|Jeff Wooten|Biniam Maru
401507243,10281,Michelob ULTRA Arena,Charles Watson|Ryan Sassano|Ashley Gloss
401507244,6123,Gainbridge Fieldhouse,Tim Greene|Eric Brewton|Blanca Burns
401507245,9025,Wintrust Arena,Tiara Cruse|Randy Richardson|Catherine Chang
401507246,13531,Target Center,Fatou Cissoko-Stephens|Maj Forsberg|Jenna Reneau
401507247,2546,Gateway Center,Amy Bonner|Angelica Suffren|Biniam Maru
401507248,8085,crypto.com Arena,Jeff Smith|Toni Patillo|Teresa Stuck
401558893,9472,Michelob ULTRA Arena,Eric Brewton|Randy Richardson|Ashley Gloss
401507249,2394,Gateway Center,Michael Price|Eric Brewton|Blanca Burns
401507250,7788,Mortgage Matchup Center,Tiara Cruse|Intae Hwang|Sha'Rae Mitchell
401507251,14406,Capital One Arena,Isaac Barnett|Agon Abazi|Ashley Gloss
401507252,9012,Barclays Center,Fatou Cissoko-Stephens|Tim Greene|Teresa Stuck
401507253,8054,Mohegan Sun Arena,Jeff Smith|Kevin Fahy|Biniam Maru
401507254,7014,Target Center,Randy Richardson|Tyler Ricks|Clare Simmons
401507255,11292,Mortgage Matchup Center,Amy Bonner|Marcy Williams|Jenna Reneau
401507256,7873,Climate Pledge Arena,Roy Gulbeyan|Ryan Sassano|Catherine Chang
401507257,4200,CareFirst Arena,Jeff Smith|Angel Kent|Clare Simmons
401507258,3209,Gateway Center,Isaac Barnett|Randy Richardson|Blanca Burns
401507261,7801,Target Center,Roy Gulbeyan|Jeff Wooten|Fatou Cissoko-Stephens
401507260,5041,College Park Center,Michael Price|Amy Bonner|Marcy Williams
401507259,8655,Climate Pledge Arena,Charles Watson|Eric Brewton|Tyler Ricks
401507263,4200,CareFirst Arena,Isaac Barnett|Toni Patillo|Catherine Chang
401507262,7371,Barclays Center,Tiara Cruse|Blanca Burns|Kevin Fahy
401507264,3209,Gateway Center,Tiara Cruse|Isaac Barnett|Angel Kent
401507265,6118,Barclays Center,Michael Price|Jeff Wooten|Marcy Williams
401507266,9025,Wintrust Arena,Eric Brewton|Toni Patillo|Clare Simmons
401507267,4222,College Park Center,Tim Greene|Agon Abazi|Jenna Reneau
401507268,5565,crypto.com Arena,Roy Gulbeyan|Fatou Cissoko-Stephens|Kelly Broomfield
401507269,7024,Target Center,Tyler Ricks|Toni Patillo|Jenna Reneau
401507270,11970,crypto.com Arena,Charles Watson|Tim Greene|Isaac Barnett
401507271,6206,Barclays Center,Jeff Smith|Randy Richardson|Agon Abazi
401507272,7213,Wintrust Arena,Amy Bonner|Fatou Cissoko-Stephens|Tiara Cruse
401507273,4048,College Park Center,Roy Gulbeyan|Michael Price|Intae Hwang
401558197,6129,Barclays Center,Randy Richardson|Kevin Fahy|Kelly Broomfield
401507274,8275,Mohegan Sun Arena,Eric Brewton|Isaac Barnett|Catherine Chang
401507275,3209,Gateway Center,Jeff Wooten|Angelica Suffren|Ryan Sassano
401507276,5196,Gainbridge Fieldhouse,Maj Forsberg|Toni Patillo|Jenna Reneau
401507277,8914,Wintrust Arena,Michael Price|Gina Cross|Tim Greene
401507279,8139,crypto.com Arena,Amy Bonner|Tiara Cruse|Kevin Fahy
401507278,10213,Michelob ULTRA Arena,Randy Richardson|Tyler Ricks|Angel Kent
401507280,4894,Mohegan Sun Arena,Jeff Smith|Roy Gulbeyan|Ashley Gloss
401507281,3018,Gainbridge Fieldhouse,Randy Richardson|Kevin Fahy|Sha'Rae Mitchell
401507282,8366,Michelob ULTRA Arena,Jeff Wooten|Gina Cross|Clare Simmons
401507283,6498,crypto.com Arena,Eric Brewton|Angel Kent|Biniam Maru
401507284,7421,Climate Pledge Arena,Angelica Suffren|Teresa Stuck|Blanca Burns
401507285,7564,Mortgage Matchup Center,Amy Bonner|Eric Brewton|Biniam Maru
401507286,3498,Gainbridge Fieldhouse,Michael Price|Charles Watson|Angel Kent
401507287,3747,CareFirst Arena,Tyler Ricks|Toni Patillo|Sha'Rae Mitchell
401507288,3762,College Park Center,Marcy Williams|Kevin Fahy|Ashley Gloss
401507289,7631,Target Center,Angelica Suffren|Teresa Stuck|Blanca Burns
401507290,9411,Mortgage Matchup Center,Roy Gulbeyan|Jeff Wooten|Marcy Williams
401507291,3209,Gateway Center,Jeff Smith|Tyler Ricks|Blanca Burns
401507292,11418,Barclays Center,Amy Bonner|Maj Forsberg|Toni Patillo
401507293,4073,CareFirst Arena,Michael Price|Gina Cross|Ashley Gloss
401507294,4057,College Park Center,Angelica Suffren|Charles Watson|Angel Kent
401507295,10212,Climate Pledge Arena,Gina Cross|Eric Brewton|Kevin Fahy
401507296,3006,Gainbridge Fieldhouse,Amy Bonner|Ryan Sassano|Catherine Chang
401507297,5099,Wintrust Arena,Maj Forsberg|Tiara Cruse|Intae Hwang
401507298,5193,College Park Center,Jeff Smith|Michael Price|Tyler Ricks
401507299,6610,Mortgage Matchup Center,Tim Greene|Teresa Stuck|Jenna Reneau
401507300,2551,Gainbridge Fieldhouse,Isaac Barnett|Toni Patillo|Agon Abazi
401507301,7186,Mortgage Matchup Center,Angelica Suffren|Ryan Sassano|Ashley Gloss
401507302,7649,Climate Pledge Arena,Michael Price|Tiara Cruse|Catherine Chang
401507303,8070,Barclays Center,Tim Greene|Randy Richardson|Tyler Ricks
401507304,9364,Michelob ULTRA Arena,Fatou Cissoko-Stephens|Maj Forsberg|Tiara Cruse
401507305,7119,crypto.com Arena,Jeff Wooten|Eric Brewton|Clare Simmons
401507306,4179,College Park Center,Roy Gulbeyan|Amy Bonner|Biniam Maru
401507307,3796,CareFirst Arena,Charles Watson|Marcy Williams|Isaac Barnett
401507309,5019,Gainbridge Fieldhouse,Jeff Smith|Maj Forsberg|Tim Greene
401507308,10107,Climate Pledge Arena,Fatou Cissoko-Stephens|Eric Brewton|Agon Abazi
401507310,8564,Michelob ULTRA Arena,Randy Richardson|Ryan Sassano|Kevin Fahy
401507376,8967,Michelob ULTRA Arena,Roy Gulbeyan|Eric Brewton|Isaac Barnett
401507311,9230,Michelob ULTRA Arena,Jeff Wooten|Sha'Rae Mitchell|Ashley Gloss
401507312,6584,Mohegan Sun Arena,Randy Richardson|Tyler Ricks|Angel Kent
401507313,3506,Gainbridge Fieldhouse,Michael Price|Eric Brewton|Agon Abazi
401507314,2957,Gateway Center,Gina Cross|Fatou Cissoko-Stephens|Tiara Cruse
401507315,9652,Mortgage Matchup Center,Jeff Smith|Maj Forsberg|Catherine Chang
401507316,8865,Climate Pledge Arena,Kevin Fahy|Clare Simmons|Ashley Gloss
401507317,10348,Michelob ULTRA Arena,Roy Gulbeyan|Angelica Suffren|Charles Watson
401507318,4200,CareFirst Arena,Toni Patillo|Sha'Rae Mitchell|Ashley Gloss
401507319,6901,Wintrust Arena,Jeff Smith|Maj Forsberg|Agon Abazi
401507320,11807,Mortgage Matchup Center,Isaac Barnett|Ryan Sassano|Angel Kent
401507321,6525,Target Center,Michael Price|Tiara Cruse|Tyler Ricks
401507322,3209,Gateway Center,Maj Forsberg|Ryan Sassano|Agon Abazi
401507323,3058,CareFirst Arena,Roy Gulbeyan|Angelica Suffren|Intae Hwang
401507324,4822,Wintrust Arena,Tim Greene|Isaac Barnett|Clare Simmons
401507325,6921,Target Center,Charles Watson|Eric Brewton|Kevin Fahy
401507326,3469,crypto.com Arena,Gina Cross|Randy Richardson|Sha'Rae Mitchell
401507327,9168,Mohegan Sun Arena,Charles Watson|Maj Forsberg|Biniam Maru
401507328,2644,Gainbridge Fieldhouse,Roy Gulbeyan|Fatou Cissoko-Stephens|Catherine Chang
401507329,8084,Wintrust Arena,Eric Brewton|Ryan Sassano|Ashley Gloss
401507330,3931,College Park Center,Tim Greene|Angel Kent|Clare Simmons
401507331,2957,Gateway Center,Isaac Barnett|Toni Patillo|Teresa Stuck
401507332,4200,CareFirst Arena,Jeff Smith|Angel Kent|Teresa Stuck
401507333,7101,Target Center,Sha'Rae Mitchell|Ashley Gloss|Catherine Chang
401507334,6783,Mohegan Sun Arena,Fatou Cissoko-Stephens|Charles Watson|Randy Richardson
401507335,4034,Gainbridge Fieldhouse,Angelica Suffren|Marcy Williams|Clare Simmons
401507336,12163,Mortgage Matchup Center,Gina Cross|Maj Forsberg|Toni Patillo
401507337,9893,Climate Pledge Arena,Jeff Wooten|Ryan Sassano|Biniam Maru
401507338,11615,Barclays Center,Fatou Cissoko-Stephens|Isaac Barnett|Randy Richardson
401507339,2785,Gateway Center,Jeff Smith|Roy Gulbeyan|Sha'Rae Mitchell
401507340,3708,CareFirst Arena,Angelica Suffren|Gina Cross|Charles Watson
401507341,6041,crypto.com Arena,Michael Price|Ashley Gloss|Catherine Chang
401507342,7794,Mohegan Sun Arena,Tim Greene|Marcy Williams|Kevin Fahy
401507343,8619,Michelob ULTRA Arena,Jeff Wooten|Tiara Cruse|Biniam Maru
401507344,6101,crypto.com Arena,Jeff Smith|Eric Brewton|Teresa Stuck
401507345,3137,Gainbridge Fieldhouse,Fatou Cissoko-Stephens|Maj Forsberg|Catherine Chang
401507346,8276,Barclays Center,Gina Cross|Ryan Sassano|Toni Patillo
401507347,7114,Target Center,Isaac Barnett|Randy Richardson|Agon Abazi
401507348,9319,Michelob ULTRA Arena,Marcy Williams|Sha'Rae Mitchell|Ashley Gloss
401507349,8223,Wintrust Arena,Angelica Suffren|Isaac Barnett|Toni Patillo
401507350,5058,College Park Center,Gina Cross|Eric Brewton|Kevin Fahy
401507351,7314,Target Center,Jeff Wooten|Fatou Cissoko-Stephens|Ryan Sassano
401507352,2550,crypto.com Arena,Tim Greene|Agon Abazi|Sha'Rae Mitchell
401507353,4783,Mohegan Sun Arena,Isaac Barnett|Angel Kent|Ashley Gloss
401507354,2450,Gainbridge Fieldhouse,Jeff Wooten|Randy Richardson|Sha'Rae Mitchell
401507355,4195,College Park Center,Charles Watson|Tim Greene|Clare Simmons
401507356,7038,Mortgage Matchup Center,Jeff Smith|Roy Gulbeyan|Kevin Fahy
401507357,2731,Gateway Center,Angelica Suffren|Charles Watson|Maj Forsberg
401507358,6275,Barclays Center,Roy Gulbeyan|Jeff Wooten|Ryan Sassano
401507359,5064,Mohegan Sun Arena,Roy Gulbeyan|Angelica Suffren|Fatou Cissoko-Stephens
401507360,4210,CareFirst Arena,Tim Greene|Eric Brewton|Ashley Gloss
401507361,7994,Wintrust Arena,Maj Forsberg|Toni Patillo|Kevin Fahy
401507362,4546,College Park Center,Jeff Wooten|Tiara Cruse|Sha'Rae Mitchell
401507363,13206,Mortgage Matchup Center,Michael Price|Gina Cross|Randy Richardson
401507364,3207,Gateway Center,Roy Gulbeyan|Jeff Wooten|Fatou Cissoko-Stephens
401507365,6377,Mohegan Sun Arena,Michael Price|Charles Watson|Eric Brewton
401507366,4009,Gainbridge Fieldhouse,Jeff Smith|Tiara Cruse|Ashley Gloss
401507367,8306,Barclays Center,Angelica Suffren|Isaac Barnett|Angel Kent
401507368,17406,T-Mobile Arena,Maj Forsberg|Tim Greene|Sha'Rae Mitchell
401507369,10728,Climate Pledge Arena,Randy Richardson|Toni Patillo|Kevin Fahy
401578549,5056,Mohegan Sun Arena,Roy Gulbeyan|Fatou Cissoko-Stephens|Maj Forsberg
401578550,12927,T-Mobile Arena,Michael Price|Angelica Suffren|Tiara Cruse|Kevin Fahy
401578551,8789,Barclays Center,Tim Greene|Randy Richardson|Blanca Burns
401578552,5053,College Park Center,Eric Brewton|Isaac Barnett|Tyler Ricks|Toni Patillo
401578553,6673,Mohegan Sun Arena,Tim Greene|Isaac Barnett|Sha'Rae Mitchell
401578554,9000,Michelob ULTRA Arena,Jeff Wooten|Marcy Williams|Eric Brewton|Angel Kent
401578555,0,Barclays Center,Roy Gulbeyan|Tiara Cruse|Biniam Maru|Jenna Reneau
401578556,4798,College Park Center,Fatou Cissoko-Stephens|Maj Forsberg|Randy Richardson|Kevin Fahy
401578557,8724,Target Center,Michael Price|Jeff Wooten|Eric Brewton|Toni Patillo
401578561,9442,Barclays Center,Roy Gulbeyan|Michael Price|Angel Kent
401578562,9784,Michelob ULTRA Arena,Tim Greene|Eric Brewton|Blanca Burns|Sha'Rae Mitchell
401578563,10009,Barclays Center,Jeff Wooten|Fatou Cissoko-Stephens|Maj Forsberg
401578564,9286,Michelob ULTRA Arena,Isaac Barnett|Randy Richardson|Toni Patillo|Blanca Burns
401578565,9162,Mohegan Sun Arena,Eric Brewton|Isaac Barnett|Toni Patillo
401578566,6251,College Park Center,Roy Gulbeyan|Fatou Cissoko-Stephens|Maj Forsberg|Jenna Reneau
401578567,8196,Mohegan Sun Arena,Maj Forsberg|Tim Greene|Randy Richardson
401578571,10300,Michelob ULTRA Arena,Roy Gulbeyan|Fatou Cissoko-Stephens|Tim Greene
401578572,10232,Michelob ULTRA Arena,Michael Price|Tiara Cruse|Eric Brewton
401578573,17143,Barclays Center,Maj Forsberg|Isaac Barnett|Randy Richardson
401578574,16851,Barclays Center,Michael Price|Tiara Cruse|Eric Brewton
401649378,7010,Target Center,Tim Greene|Blanca Burns|Biniam Maru
401653060,6251,College Park Center,Jeff Smith|Jeff Wooten|Gina Cross
401653631,0,Gateway Center,Angelica Suffren|Angel Kent|Sarah Williams
401647556,16655,Rogers Place,Isaac Barnett|Toni Patillo|Clare Simmons
401649379,3132,Wintrust Arena,Maj Forsberg|Ryan Sassano|Tyler Ricks
401649380,0,Climate Pledge Arena,Charles Watson|Randy Richardson|Catherine Chang
401653632,4112,CareFirst Arena,Fatou Cissoko-Stephens|Blanca Burns|Gerda Gatling
401649560,5617,Mohegan Sun Arena,Kevin Fahy|Paul Tuomey|Jenna Reneau
401653633,13028,Gainbridge Fieldhouse,Amy Bonner|Jeff Wooten|Agon Abazi
401653634,4598,Mortgage Matchup Center,Roy Gulbeyan|Angel Kent|Kelly Broomfield
401653736,0,Colonial Life Arena,Marcy Williams|Eric Brewton|Teresa Stuck
401620178,4200,CareFirst Arena,Charles Watson|Tim Greene|Biniam Maru
401620219,8910,Mohegan Sun Arena,Fatou Cissoko-Stephens|Marcy Williams|Isaac Barnett
401620220,10419,Michelob ULTRA Arena,Roy Gulbeyan|Teresa Stuck|Kevin Fahy
401620221,8508,Climate Pledge Arena,Eric Brewton|Randy Richardson|Catherine Chang
401620222,6251,College Park Center,Maj Forsberg|Angel Kent|Clare Simmons
401620223,3847,LBS Financial Credit Union Pyramid,Gina Cross|Randy Richardson|Kevin Fahy
401620224,17274,Gainbridge Fieldhouse,Toni Patillo|Jenna Reneau|Kelly Broomfield
401620225,6874,Mohegan Sun Arena,Jeff Smith|Kevin Fahy|Sarah Williams
401620226,7208,Target Center,Amy Bonner|Angel Kent|Clare Simmons
401620227,17735,Barclays Center,Roy Gulbeyan|Maj Forsberg|Agon Abazi
401620228,10286,Michelob ULTRA Arena,Eric Brewton|Toni Patillo|Biniam Maru
401620229,6251,College Park Center,Angelica Suffren|Charles Watson|Blanca Burns
401620230,10251,Mortgage Matchup Center,Fatou Cissoko-Stephens|Ryan Sassano|Tyler Ricks
401620231,4200,CareFirst Arena,Isaac Barnett|Randy Richardson|Gerda Gatling
401620232,17274,Gainbridge Fieldhouse,Marcy Williams|Randy Richardson|Jenna Reneau
401620233,9381,Barclays Center,Fatou Cissoko-Stephens|Ryan Sassano|Toni Patillo
401620234,3265,Gateway Center,Isaac Barnett|Toni Patillo|Paul Tuomey
401620235,10374,Michelob ULTRA Arena,Charles Watson|Maj Forsberg|Tim Greene
401620236,3627,LBS Financial Credit Union Pyramid,Roy Gulbeyan|Jeff Wooten|Agon Abazi
401620237,18343,Climate Pledge Arena,Roy Gulbeyan|Jeff Wooten|Biniam Maru
401620238,6152,Mohegan Sun Arena,Tim Greene|Angel Kent|Gerda Gatling
401620239,12049,Barclays Center,Marcy Williams|Isaac Barnett|Paul Tuomey
401620240,7474,Mortgage Matchup Center,Amy Bonner|Angelica Suffren|Biniam Maru
401620241,19103,crypto.com Arena,Maj Forsberg|Tyler Ricks|Sarah Williams
401620242,7010,Target Center,Angelica Suffren|Gina Cross|Eric Brewton
401620243,9025,Wintrust Arena,Jeff Wooten|Fatou Cissoko-Stephens|Clare Simmons
401620244,10399,Michelob ULTRA Arena,Amy Bonner|Angel Kent|Kelly Broomfield
401620245,8846,Climate Pledge Arena,Jeff Smith|Maj Forsberg|Blanca Burns
401620246,8339,Mortgage Matchup Center,Roy Gulbeyan|Jenna Reneau|Catherine Chang
401620247,3265,Gateway Center,Tiara Cruse|Randy Richardson|Agon Abazi
401620248,10340,crypto.com Arena,Jeff Smith|Angel Kent|Kelly Broomfield
401620249,6489,Mohegan Sun Arena,Jeff Smith|Randy Richardson|Agon Abazi
401620250,16013,Gainbridge Fieldhouse,Isaac Barnett|Teresa Stuck|Clare Simmons
401620251,7807,Wintrust Arena,Tim Greene|Eric Brewton|Ryan Sassano
401620252,9182,Barclays Center,Amy Bonner|Clare Simmons|Sarah Williams
401620253,4200,CareFirst Arena,Angelica Suffren|Tim Greene|Eric Brewton
401620254,7409,Target Center,Roy Gulbeyan|Teresa Stuck|Jenna Reneau
401620255,15022,Gainbridge Fieldhouse,Amy Bonner|Fatou Cissoko-Stephens|Charles Watson
401620256,7911,Wintrust Arena,Roy Gulbeyan|Kevin Fahy|Agon Abazi
401620257,4015,Gateway Center,Maj Forsberg|Angel Kent|Clare Simmons
401620258,7638,Mohegan Sun Arena,Jeff Wooten|Angelica Suffren|Teresa Stuck
401620259,9878,Barclays Center,Isaac Barnett|Kevin Fahy|Kelly Broomfield
401620260,7035,Target Center,Fatou Cissoko-Stephens|Charles Watson|Tim Greene
401620261,17274,Gainbridge Fieldhouse,Jeff Smith|Gina Cross|Randy Richardson
401620262,3265,Gateway Center,Eric Brewton|Tyler Ricks|Jenna Reneau
401620265,10207,Mortgage Matchup Center,Randy Richardson|Angel Kent|Biniam Maru
401620263,17401,Barclays Center,Tim Greene|Tiara Cruse|Catherine Chang
401620264,7024,Target Center,Jeff Smith|Amy Bonner|Agon Abazi
401620266,5346,Mohegan Sun Arena,Fatou Cissoko-Stephens|Tiara Cruse|Catherine Chang
401620267,8277,Wintrust Arena,Charles Watson|Maj Forsberg|Angel Kent
401620268,8133,Climate Pledge Arena,Eric Brewton|Kevin Fahy|Gerda Gatling
401620269,6251,College Park Center,Roy Gulbeyan|Tim Greene|Sarah Williams
401620270,8104,crypto.com Arena,Marcy Williams|Isaac Barnett|Teresa Stuck
401620271,10000,Capital One Arena,Amy Bonner|Tyler Ricks|Jenna Reneau
401620272,3255,Gateway Center,Roy Gulbeyan|Biniam Maru|Paul Tuomey
401620273,20333,Capital One Arena,Jeff Wooten|Paul Tuomey|Kelly Broomfield
401620274,10380,Michelob ULTRA Arena,Marcy Williams|Isaac Barnett|Teresa Stuck
401620275,10123,crypto.com Arena,Charles Watson|Eric Brewton|Gerda Gatling
401620276,9052,Mortgage Matchup Center,Jeff Smith|Maj Forsberg|Sarah Williams
401620277,8910,Mohegan Sun Arena,Amy Bonner|Tim Greene|Agon Abazi
401620278,8804,Wintrust Arena,Gina Cross|Randy Richardson|Kevin Fahy
401620279,12477,Barclays Center,Eric Brewton|Randy Richardson|Gerda Gatling
401620280,5568,College Park Center,Isaac Barnett|Teresa Stuck|Kelly Broomfield
401620281,7121,Target Center,Roy Gulbeyan|Blanca Burns|Kevin Fahy
401620282,13900,crypto.com Arena,Maj Forsberg|Biniam Maru|Jenna Reneau
401620283,8910,Mohegan Sun Arena,Gina Cross|Eric Brewton|Angel Kent
401620284,3260,Gateway Center,Jeff Wooten|Teresa Stuck|Clare Simmons
401620285,10368,Michelob ULTRA Arena,Amy Bonner|Angelica Suffren|Gerda Gatling
401620286,8202,Climate Pledge Arena,Fatou Cissoko-Stephens|Randy Richardson|Agon Abazi
401620287,7815,Wintrust Arena,Jeff Smith|Isaac Barnett|Biniam Maru
401620288,16651,Gainbridge Fieldhouse,Charles Watson|Isaac Barnett|Kevin Fahy
401620289,5568,College Park Center,Amy Bonner|Jeff Wooten|Clare Simmons
401620290,9325,Mortgage Matchup Center,Fatou Cissoko-Stephens|Eric Brewton|Paul Tuomey
401620291,4200,CareFirst Arena,Roy Gulbeyan|Tiara Cruse|Gerda Gatling
401620292,8117,Target Center,Jeff Wooten|Charles Watson|Marcy Williams
401620293,5977,College Park Center,Angelica Suffren|Tyler Ricks|Kevin Fahy
401620294,10424,Michelob ULTRA Arena,
401620296,17274,Gainbridge Fieldhouse,Fatou Cissoko-Stephens|Eric Brewton|Jenna Reneau
401620295,9444,Mortgage Matchup Center,Roy Gulbeyan|Angelica Suffren|Charles Watson
401620297,3260,Gateway Center,Amy Bonner|Tiara Cruse|Ryan Sassano
401620298,8314,Target Center,Maj Forsberg|Randy Richardson|Catherine Chang
401620299,7853,Mohegan Sun Arena,Angelica Suffren|Paul Tuomey|Kelly Broomfield
401620300,9824,Mortgage Matchup Center,Marcy Williams|Teresa Stuck|Kevin Fahy
401620301,17274,Gainbridge Fieldhouse,Gina Cross|Tim Greene|Randy Richardson
401620302,8206,Target Center,Roy Gulbeyan|Angel Kent|Agon Abazi
401620303,10380,Michelob ULTRA Arena,Jeff Wooten|Marcy Williams|Biniam Maru
401620304,9025,Wintrust Arena,Isaac Barnett|Paul Tuomey|Kelly Broomfield
401620305,10955,Barclays Center,Maj Forsberg|Tyler Ricks|Clare Simmons
401620306,17575,State Farm Arena,Jeff Wooten|Tyler Ricks|Clare Simmons
401620307,10385,Michelob ULTRA Arena,Amy Bonner|Jenna Reneau|Sarah Williams
401620308,4200,CareFirst Arena,Eric Brewton|Randy Richardson|Agon Abazi
401620309,13639,Barclays Center,Fatou Cissoko-Stephens|Kevin Fahy|Biniam Maru
401620310,8769,Target Center,Tiara Cruse|Isaac Barnett|Paul Tuomey
401620311,3260,Gateway Center,Eric Brewton|Jenna Reneau|Sarah Williams
401620312,4200,CareFirst Arena,Jeff Wooten|Angel Kent|Clare Simmons
401620314,9935,Climate Pledge Arena,Jeff Smith|Maj Forsberg|Kelly Broomfield
401620313,9872,Wintrust Arena,Amy Bonner|Blanca Burns|Biniam Maru
401677672,7015,UBS Arena,Roy Gulbeyan|Angelica Suffren|Eric Brewton
401620315,6251,College Park Center,Fatou Cissoko-Stephens|Blanca Burns|Jenna Reneau
401620316,4200,CareFirst Arena,Eric Brewton|Biniam Maru|Paul Tuomey
401620317,9025,Wintrust Arena,Jeff Wooten|Agon Abazi|Gerda Gatling
401620318,18343,Climate Pledge Arena,Tiara Cruse|Randy Richardson|Catherine Chang
401620319,7008,Mohegan Sun Arena,Marcy Williams|Isaac Barnett|Clare Simmons
401620320,14363,Mortgage Matchup Center,Jeff Smith|Charles Watson|Sarah Williams
401620321,4200,CareFirst Arena,Fatou Cissoko-Stephens|Tim Greene|Tyler Ricks
401620322,9080,Climate Pledge Arena,Roy Gulbeyan|Gina Cross|Charles Watson
401620323,10823,Barclays Center,Jeff Wooten|Tiara Cruse|Catherine Chang
401620324,9025,Wintrust Arena,Randy Richardson|Tyler Ricks|Clare Simmons
401620325,17071,Mortgage Matchup Center,Isaac Barnett|Angel Kent|Kevin Fahy
401620326,8445,Mortgage Matchup Center,Roy Gulbeyan|Gina Cross|Agon Abazi
401620327,7202,Climate Pledge Arena,Marcy Williams|Angel Kent|Biniam Maru
401620328,10846,Barclays Center,Jeff Smith|Isaac Barnett|Paul Tuomey
401620329,3260,Gateway Center,Charles Watson|Tim Greene|Kelly Broomfield
401620330,20366,T-Mobile Arena,Roy Gulbeyan|Jeff Wooten|Marcy Williams
401620331,9164,crypto.com Arena,Angelica Suffren|Gina Cross|Ryan Sassano
401620332,6129,College Park Center,Randy Richardson|Kevin Fahy|Clare Simmons
401620333,7508,Target Center,Tim Greene|Marcy Williams|Eric Brewton
401620334,10376,Michelob ULTRA Arena,Jeff Smith|Agon Abazi|Catherine Chang
401620335,5872,College Park Center,Marcy Williams|Eric Brewton|Gerda Gatling
401620336,13840,crypto.com Arena,Randy Richardson|Clare Simmons|Sarah Williams
401620337,10725,Climate Pledge Arena,Tyler Ricks|Kevin Fahy|Agon Abazi
401620338,17274,Gainbridge Fieldhouse,Charles Watson|Tim Greene|Biniam Maru
401620339,7610,Target Center,Jeff Wooten|Angel Kent|Gerda Gatling
401620340,7527,Mohegan Sun Arena,Roy Gulbeyan|Gina Cross|Charles Watson
401620341,10369,Michelob ULTRA Arena,Angelica Suffren|Tyler Ricks|Kevin Fahy
401620342,11283,Climate Pledge Arena,Jeff Smith|Ryan Sassano|Sarah Williams
401620343,11618,crypto.com Arena,Eric Brewton|Kelly Broomfield|Catherine Chang
401620344,9533,crypto.com Arena,Charles Watson|Tim Greene|Tyler Ricks
401620345,8910,Mohegan Sun Arena,Angelica Suffren|Ryan Sassano|Kevin Fahy
401620346,17274,Gainbridge Fieldhouse,Isaac Barnett|Clare Simmons|Sarah Williams
401620347,9025,Wintrust Arena,Angel Kent|Paul Tuomey|Jenna Reneau
401620348,12500,Climate Pledge Arena,Roy Gulbeyan|Randy Richardson|Blanca Burns
401620349,11601,Mortgage Matchup Center,Jeff Wooten|Tiara Cruse|Gerda Gatling
401620350,17758,Barclays Center,Jeff Smith|Gina Cross|Tim Greene
401620351,3344,Gateway Center,Gina Cross|Isaac Barnett|Ryan Sassano
401620352,17274,Gainbridge Fieldhouse,Jeff Smith|Charles Watson|Tim Greene
401620353,8320,Climate Pledge Arena,Maj Forsberg|Tiara Cruse|Kelly Broomfield
401620354,9025,Wintrust Arena,Amy Bonner|Eric Brewton|Teresa Stuck
401620355,6251,College Park Center,Roy Gulbeyan|Kevin Fahy|Jenna Reneau
401620356,8910,Mohegan Sun Arena,
401620357,4200,CareFirst Arena,Amy Bonner|Charles Watson|Teresa Stuck
401620359,18978,Target Center,Angelica Suffren|Fatou Cissoko-Stephens|Agon Abazi
401620358,10036,Climate Pledge Arena,Tim Greene|Angel Kent|Catherine Chang
401620360,12586,Capital One Arena,Angelica Suffren|Marcy Williams|Clare Simmons
401620361,18724,crypto.com Arena,Isaac Barnett|Agon Abazi|Gerda Gatling
401620362,13694,Barclays Center,Fatou Cissoko-Stephens|Charles Watson|Tyler Ricks
401620363,10396,Michelob ULTRA Arena,Blanca Burns|Kevin Fahy|Jenna Reneau
401620364,15013,Target Center,Jeff Smith|Amy Bonner|Kelly Broomfield
401620365,6251,College Park Center,
401620458,16407,Mortgage Matchup Center,Jeff Wooten|Fatou Cissoko-Stephens|Kevin Fahy
401620366,9025,Wintrust Arena,Gina Cross|Randy Richardson|Tyler Ricks
401620367,7224,Target Center,Jeff Wooten|Maj Forsberg|Paul Tuomey
401620368,11120,crypto.com Arena,Fatou Cissoko-Stephens|Tim Greene|Jenna Reneau
401620369,3260,Gateway Center,Kevin Fahy|Biniam Maru|Sarah Williams
401620370,17274,Gainbridge Fieldhouse,Tiara Cruse|Eric Brewton|Paul Tuomey
401620371,6191,College Park Center,Angelica Suffren|Agon Abazi|Ashley Gloss
401620372,4200,CareFirst Arena,Gina Cross|Fatou Cissoko-Stephens|Randy Richardson
401620373,10397,Michelob ULTRA Arena,Maj Forsberg|Marcy Williams|Angel Kent
401620374,16551,crypto.com Arena,Jeff Wooten|Charles Watson|Clare Simmons
401620375,3330,Gateway Center,Randy Richardson|Blanca Burns|Gerda Gatling
401620377,17274,Gainbridge Fieldhouse,Roy Gulbeyan|Tyler Ricks|Jenna Reneau
401620376,10311,Michelob ULTRA Arena,Angelica Suffren|Tiara Cruse|Catherine Chang
401620378,14267,Mortgage Matchup Center,Maj Forsberg|Angel Kent|Agon Abazi
401620379,19125,TD Garden,Jeff Smith|Gina Cross|Tim Greene
401620380,11455,Barclays Center,Roy Gulbeyan|Amy Bonner|Ryan Sassano
401620381,4200,CareFirst Arena,Angelica Suffren|Eric Brewton|Catherine Chang|Catherine Chang
401620382,3260,Gateway Center,Roy Gulbeyan|Amy Bonner|Marcy Williams
401620383,10429,Michelob ULTRA Arena,Jeff Wooten|Isaac Barnett|Teresa Stuck
401620384,10986,Barclays Center,Tim Greene|Eric Brewton|Sarah Williams
401620385,3260,Gateway Center,Gina Cross|Eric Brewton|Isaac Barnett
401620386,8910,Mohegan Sun Arena,Roy Gulbeyan|Jeff Wooten|Sarah Williams
401620387,4200,CareFirst Arena,Amy Bonner|Blanca Burns|Kelly Broomfield
401620388,9124,Target Center,Fatou Cissoko-Stephens|Ashley Gloss|Catherine Chang
401620389,13098,Barclays Center,Maj Forsberg|Teresa Stuck|Blanca Burns
401620390,19023,Target Center,Charles Watson|Randy Richardson|Clare Simmons
401620391,9025,Wintrust Arena,Amy Bonner|Tim Greene|Angel Kent
401620392,5925,College Park Center,Jeff Wooten|Isaac Barnett|Catherine Chang
401620393,17608,State Farm Arena,Maj Forsberg|Kelly Broomfield|Ashley Gloss
401620394,10299,Mortgage Matchup Center,Fatou Cissoko-Stephens|Tiara Cruse|Tyler Ricks
401620395,9535,Climate Pledge Arena,Roy Gulbeyan|Teresa Stuck|Jenna Reneau
401620396,6251,College Park Center,Maj Forsberg|Biniam Maru|Kelly Broomfield
401620397,17274,Gainbridge Fieldhouse,Gina Cross|Kevin Fahy|Jenna Reneau
401620398,8763,Wintrust Arena,Charles Watson|Marcy Williams|Isaac Barnett
401620399,10403,crypto.com Arena,Roy Gulbeyan|Randy Richardson|Teresa Stuck
401620400,9482,Mortgage Matchup Center,Angelica Suffren|Eric Brewton|Catherine Chang
401620401,9228,Climate Pledge Arena,Amy Bonner|Fatou Cissoko-Stephens|Tyler Ricks
401620402,9445,Wintrust Arena,Angelica Suffren|Tiara Cruse|Agon Abazi
401620403,5581,College Park Center,Roy Gulbeyan|Amy Bonner|Gina Cross
401620404,10397,Michelob ULTRA Arena,Jeff Smith|Tim Greene|Gerda Gatling
401620405,15800,Climate Pledge Arena,Jeff Wooten|Paul Tuomey|Kelly Broomfield
401620406,4200,CareFirst Arena,Tyler Ricks|Angel Kent|Ashley Gloss
401620407,8910,Mohegan Sun Arena,Fatou Cissoko-Stephens|Tiara Cruse
401620408,8421,Target Center,Randy Richardson|Kevin Fahy|Kelly Broomfield
401620409,6251,College Park Center,Jeff Smith|Tim Greene|Sarah Williams
401620411,13981,Mortgage Matchup Center,Amy Bonner|Gina Cross|Blanca Burns
401620410,11165,crypto.com Arena,Angelica Suffren|Isaac Barnett|Paul Tuomey
401620412,7454,Mohegan Sun Arena,Isaac Barnett|Teresa Stuck|Kevin Fahy
401620413,5129,College Park Center,Randy Richardson|Biniam Maru|Jenna Reneau
401620414,18394,T-Mobile Arena,Roy Gulbeyan|Fatou Cissoko-Stephens|Paul Tuomey
401620415,7639,Mortgage Matchup Center,Jeff Wooten|Tiara Cruse|Kelly Broomfield
401620416,16645,Gainbridge Fieldhouse,Eric Brewton|Ryan Sassano|Angel Kent
401620417,10873,Barclays Center,Jeff Smith|Tim Greene|Marcy Williams
401620418,7709,Mortgage Matchup Center,Roy Gulbeyan|Paul Tuomey|Agon Abazi
401620419,3260,Gateway Center,Charles Watson|Kevin Fahy|Gerda Gatling
401620420,8910,Mohegan Sun Arena,Tim Greene|Ryan Sassano|Clare Simmons
401620421,17274,Gainbridge Fieldhouse,Jeff Wooten|Angelica Suffren|Marcy Williams
401620422,9025,Wintrust Arena,Tyler Ricks|Teresa Stuck|Jenna Reneau
401620423,14066,Climate Pledge Arena,Gina Cross|Randy Richardson|Blanca Burns
401620424,4200,CareFirst Arena,Jeff Smith|Tim Greene|Sarah Williams
401620425,17274,Gainbridge Fieldhouse,Roy Gulbeyan|Teresa Stuck|Agon Abazi
401620426,15393,Barclays Center,Angelica Suffren|Eric Brewton|Kevin Fahy
401620427,8704,Wintrust Arena,Fatou Cissoko-Stephens|Marcy Williams|Isaac Barnett
401620428,10627,crypto.com Arena,Jeff Wooten|Randy Richardson|Blanca Burns
401620429,3260,Gateway Center,Fatou Cissoko-Stephens|Eric Brewton|Jenna Reneau
401620430,5157,College Park Center,Angel Kent|Teresa Stuck|Agon Abazi
401620431,8253,crypto.com Arena,Roy Gulbeyan|Angelica Suffren|Catherine Chang
401620432,17274,Gainbridge Fieldhouse,Tiara Cruse|Tyler Ricks|Paul Tuomey
401620433,7948,Wintrust Arena,Charles Watson|Randy Richardson|Ashley Gloss
401620434,9561,crypto.com Arena,Jeff Smith|Tim Greene|Clare Simmons
401620435,5384,College Park Center,Jeff Wooten|Angelica Suffren|Gina Cross
401620436,3260,Gateway Center,Amy Bonner|Angel Kent|Blanca Burns
401620437,17274,Gainbridge Fieldhouse,Roy Gulbeyan|Marcy Williams|Ashley Gloss
401620438,5728,College Park Center,Eric Brewton|Randy Richardson|Tyler Ricks
401620439,8810,Target Center,Jeff Wooten|Maj Forsberg|Kelly Broomfield
401620440,14190,Mortgage Matchup Center,Tim Greene|Isaac Barnett|Clare Simmons
401620441,17274,Gainbridge Fieldhouse,Amy Bonner|Maj Forsberg|Biniam Maru
401620442,14246,Barclays Center,Isaac Barnett|Tyler Ricks|Kevin Fahy
401620443,4200,CareFirst Arena,Angelica Suffren|Tim Greene|Ryan Sassano
401620444,8577,Wintrust Arena,Marcy Williams|Eric Brewton|Angel Kent
401620445,10431,Michelob ULTRA Arena,Gina Cross|Fatou Cissoko-Stephens|Randy Richardson
401620446,11301,Climate Pledge Arena,Jeff Wooten|Tiara Cruse|Jenna Reneau
401620447,8174,Mohegan Sun Arena,Amy Bonner|Maj Forsberg|Angel Kent
401620448,4200,CareFirst Arena,Roy Gulbeyan|Tiara Cruse|Paul Tuomey
401620449,3355,Gateway Center,Jeff Wooten|Isaac Barnett|Teresa Stuck
401620451,14298,Climate Pledge Arena,Angelica Suffren|Eric Brewton|Ryan Sassano
401620450,11294,crypto.com Arena,Gina Cross|Fatou Cissoko-Stephens|Randy Richardson
401620452,8092,Mohegan Sun Arena,Jeff Smith|Tiara Cruse|Eric Brewton
401620453,12721,Barclays Center,Amy Bonner|Charles Watson|Randy Richardson
401620454,20711,Capital One Arena,Fatou Cissoko-Stephens|Isaac Barnett|Teresa Stuck
401620455,7908,Target Center,Roy Gulbeyan|Angelica Suffren|Clare Simmons
401620456,10376,Michelob ULTRA Arena,Jeff Wooten|Tim Greene|Blanca Burns
401620457,11333,Mortgage Matchup Center,Maj Forsberg|Kevin Fahy|Paul Tuomey
401721255,12115,Barclays Center,Amy Bonner|Jeff Wooten|Isaac Barnett|Biniam Maru
401721253,8910,Mohegan Sun Arena,Roy Gulbeyan|Fatou Cissoko-Stephens|Marcy Williams|Jenna Reneau
401721261,8524,Target Center,Charles Watson|Maj Forsberg|Tim Greene|Teresa Stuck
401721256,10369,Michelob ULTRA Arena,Tiara Cruse|Eric Brewton|Angel Kent|Clare Simmons
401721258,11003,Barclays Center,Roy Gulbeyan|Gina Cross|Fatou Cissoko-Stephens|Biniam Maru
401721262,10370,Michelob ULTRA Arena,Maj Forsberg|Tim Greene|Randy Richardson|Clare Simmons
401721254,8910,Mohegan Sun Arena,Jeff Wooten|Angelica Suffren|Marcy Williams|Isaac Barnett
401721260,8769,Target Center,Charles Watson|Tiara Cruse|Eric Brewton|Kevin Fahy
401724938,14015,Barclays Center,Angelica Suffren|Gina Cross|Eric Brewton|Kevin Fahy
401725075,8506,Target Center,Roy Gulbeyan|Maj Forsberg|Angel Kent|Teresa Stuck
401724939,14321,Barclays Center,Jeff Wooten|Maj Forsberg|Randy Richardson|Teresa Stuck
401725076,8796,Target Center,Gina Cross|Tim Greene|Isaac Barnett|Jenna Reneau
401725077,8268,Mohegan Sun Arena,Jeff Wooten|Fatou Cissoko-Stephens|Eric Brewton
401724940,10369,Michelob ULTRA Arena,Roy Gulbeyan|Tiara Cruse|Angel Kent|Jenna Reneau
401724941,10374,Michelob ULTRA Arena,Jeff Wooten|Fatou Cissoko-Stephens|Maj Forsberg|Tim Greene
401725078,7849,Mohegan Sun Arena,Angelica Suffren|Tiara Cruse|Isaac Barnett|Randy Richardson
401725079,8769,Target Center,Roy Gulbeyan|Fatou Cissoko-Stephens|Tim Greene|Tiara Cruse
401726988,17732,Barclays Center,Fatou Cissoko-Stephens|Eric Brewton|Isaac Barnett|Jenna Reneau
401726989,18046,Barclays Center,Roy Gulbeyan|Fatou Cissoko-Stephens|Tiara Cruse|Randy Richardson
401726990,19521,Target Center,Angelica Suffren|Maj Forsberg|Tim Greene|Randy Richardson
401726991,19210,Target Center,Tiara Cruse|Eric Brewton|Isaac Barnett|Randy Richardson
401726992,18090,Barclays Center,Roy Gulbeyan|Maj Forsberg|Tim Greene|Isaac Barnett
401761558,7602,Purcell Pavilion,Isaac Barnett|Paul Tuomey|Catherine Chang
401761346,6373,Pete Maravich Assembly Center,Jeff Smith|Eric Brewton|Ryan Sassano
401761353,12461,Gainbridge Fieldhouse,Biniam Maru|Clare Simmons|Sarah Williams
401761354,14998,Carver-Hawkeye Arena,Angelica Suffren|Isaac Barnett|Ryan Sassano
401761349,7153,Climate Pledge Arena,Michael Price|Maj Forsberg|Tyler Mirkovich
401761347,4688,Wintrust Arena,Angelica Suffren|Biniam Maru|Kelsey Reynolds
401761351,17428,Chase Center,Jeff Wooten|Randy Richardson|Jason Alabanza
401761355,8637,Michelob ULTRA Arena,Roy Gulbeyan|Charles Watson|Tyler Mirkovich
401761344,4200,CareFirst Arena,Angel Kent|Kevin Fahy|Gerda Gatling
401765028,8395,Barclays Center,Randy Richardson|Kevin Fahy|Paul Tuomey
401761345,3265,Gateway Center,Tim Greene|Blanca Burns|Sarah Williams
401761348,7615,Target Center,Tiara Cruse|Teresa Stuck|Kelsey Reynolds
401761350,6251,College Park Center,Angel Kent|Clare Simmons|Gerda Gatling
401761352,6430,Mortgage Matchup Center,Jeff Wooten|Charles Watson|Jason Alabanza
401765029,12364,Matthew Knight Arena,Maj Forsberg|Agon Abazi|Kelly Broomfield
401736112,4200,CareFirst Arena,Charles Watson|Blanca Burns|Kevin Fahy
401736113,6251,College Park Center,Marcy Williams|Randy Richardson|Gerda Gatling
401736114,18064,Chase Center,Angelica Suffren|Eric Brewton|Angel Kent
401736116,17344,Barclays Center,Jeff Wooten|Maj Forsberg|Ashley Gloss
401736115,17274,Gainbridge Fieldhouse,Roy Gulbeyan|Tiara Cruse|Jenna Reneau
401736117,10623,Mortgage Matchup Center,Angelica Suffren|Angel Kent|Jason Alabanza
401736118,7834,Mohegan Sun Arena,Jeff Wooten|Fatou Cissoko-Stephens|Tyler Mirkovich
401736119,11170,crypto.com Arena,Isaac Barnett|Kelly Broomfield|Catherine Chang
401736120,6137,College Park Center,Jenna Reneau|Sarah Williams|Ashley Gloss
401736121,8179,Mohegan Sun Arena,Charles Watson|Clare Simmons|Gerda Gatling
401736122,16269,Gainbridge Fieldhouse,Tim Greene|Randy Richardson|Jason Alabanza
401736123,12772,Target Center,Angelica Suffren|Tiara Cruse|Teresa Stuck
401736124,18064,Chase Center,Roy Gulbeyan|Agon Abazi|Catherine Chang
401736125,8024,Mortgage Matchup Center,Eric Brewton|Kevin Fahy|Sarah Williams
401736126,17044,State Farm Arena,Angel Kent|Blanca Burns|Jenna Reneau
401736127,9025,Wintrust Arena,Randy Richardson|Tyler Mirkovich|Teresa Stuck
401736128,8224,Target Center,Michael Price|Randy Richardson|Kelsey Reynolds
401736129,10509,Michelob ULTRA Arena,Jeff Wooten|Biniam Maru|Sarah Williams
401736130,10857,crypto.com Arena,Charles Watson|Tim Greene|Ashley Gloss
401736131,9091,Climate Pledge Arena,Fatou Cissoko-Stephens|Maj Forsberg|Catherine Chang
401736132,17274,Gainbridge Fieldhouse,Angelica Suffren|Ryan Sassano|Agon Abazi
401736133,3265,Gateway Center,Jeff Smith|Eric Brewton|Tyler Mirkovich
401736134,3265,Gateway Center,Jeff Wooten|Biniam Maru|Gerda Gatling
401736135,11422,crypto.com Arena,Fatou Cissoko-Stephens|Maj Forsberg|Sarah Williams
401736136,10065,Mortgage Matchup Center,Michael Price|Kelly Broomfield|Ashley Gloss
401736137,10634,Climate Pledge Arena,Charles Watson|Tim Greene|Jenna Reneau
401736138,8910,Mohegan Sun Arena,Angel Kent|Kevin Fahy|Kelly Broomfield
401736139,14774,Barclays Center,Isaac Barnett|Ryan Sassano|Teresa Stuck
401736140,7808,Target Center,Jeff Wooten|Tyler Mirkovich|Catherine Chang
401736141,10797,crypto.com Arena,Agon Abazi|Jenna Reneau|Jason Alabanza
401736142,8818,Mortgage Matchup Center,Charles Watson|Tim Greene|Blanca Burns
401736143,11183,CFG Bank Arena,Jeff Smith|Roy Gulbeyan|Clare Simmons
401736144,14951,Barclays Center,Blanca Burns|Kevin Fahy|Sarah Williams
401736145,9025,Wintrust Arena,Roy Gulbeyan|Biniam Maru|Catherine Chang
401736146,16213,Gainbridge Fieldhouse,Charles Watson|Teresa Stuck|Catherine Chang
401736147,4200,CareFirst Arena,Tim Greene|Eric Brewton|Gerda Gatling
401736148,10504,Michelob ULTRA Arena,Angelica Suffren|Randy Richardson|Clare Simmons
401736149,9043,Mortgage Matchup Center,Isaac Barnett|Agon Abazi|Jenna Reneau
401736150,9666,Climate Pledge Arena,Michael Price|Angel Kent|Kelly Broomfield
401736151,6251,College Park Center,Isaac Barnett|Ryan Sassano|Ashley Gloss
401736152,17415,Barclays Center,Fatou Cissoko-Stephens|Marcy Williams|Jason Alabanza
401736153,11033,crypto.com Arena,Jeff Wooten|Tiara Cruse|Angel Kent
401736154,10201,Climate Pledge Arena,Roy Gulbeyan|Blanca Burns|Agon Abazi
401736155,18064,Chase Center,Angelica Suffren|Clare Simmons|Gerda Gatling
401736156,16013,Gainbridge Fieldhouse,Biniam Maru|Kelsey Reynolds|Ashley Gloss
401736157,8772,Target Center,Tim Greene|Eric Brewton|Teresa Stuck
401736158,10252,Climate Pledge Arena,Jeff Wooten|Tiara Cruse|Clare Simmons
401736159,4200,CareFirst Arena,Maj Forsberg|Ryan Sassano|Sarah Williams
401736160,9943,Mortgage Matchup Center,Roy Gulbeyan|Tiara Cruse|Jason Alabanza
401736161,8078,Mohegan Sun Arena,Tyler Mirkovich|Clare Simmons|Ashley Gloss
401736162,6007,College Park Center,Charles Watson|Eric Brewton|Kelsey Reynolds
401736163,18064,Chase Center,Isaac Barnett|Randy Richardson|Teresa Stuck
401736164,19496,United Center,Maj Forsberg|Marcy Williams|Agon Abazi
401736165,9876,Mortgage Matchup Center,Blanca Burns|Kevin Fahy|Biniam Maru
401736166,4200,CareFirst Arena,Angelica Suffren|Tiara Cruse|Angel Kent
401736167,6162,College Park Center,Jeff Smith|Roy Gulbeyan|Jenna Reneau
401736168,10921,crypto.com Arena,Blanca Burns|Biniam Maru|Jenna Reneau
401736169,3265,Gateway Center,Roy Gulbeyan|Tiara Cruse|Kevin Fahy
401736170,16081,Barclays Center,Angelica Suffren|Isaac Barnett|Angel Kent
401736171,10417,Michelob ULTRA Arena,Michael Price|Fatou Cissoko-Stephens|Jason Alabanza
401736172,13001,Mortgage Matchup Center,Marcy Williams|Eric Brewton|Kelly Broomfield
401736173,9722,Climate Pledge Arena,Maj Forsberg|Ryan Sassano|Teresa Stuck
401736174,3296,Gateway Center,Gina Cross|Jenna Reneau|Jason Alabanza
401736175,10428,Michelob ULTRA Arena,Ashley Gloss|Catherine Chang|Sarah Williams
401736176,10810,Target Center,Roy Gulbeyan|Blanca Burns|Kevin Fahy
401736177,17274,Gainbridge Fieldhouse,Angelica Suffren|Tim Greene|Biniam Maru
401736178,18064,Chase Center,Michael Price|Charles Watson|Agon Abazi
401736182,16284,Gainbridge Fieldhouse,Blanca Burns|Jenna Reneau|Ashley Gloss
401736183,15149,Barclays Center,Michael Price|Eric Brewton|Gerda Gatling
401736184,7579,Wintrust Arena,Angelica Suffren|Biniam Maru|Clare Simmons
401736185,6061,College Park Center,Gina Cross|Angel Kent|Kevin Fahy
401736186,8802,Target Center,Fatou Cissoko-Stephens|Ryan Sassano|Jason Alabanza
401736187,10581,crypto.com Arena,Amy Bonner|Maj Forsberg|Kelsey Reynolds
401736188,7864,Mohegan Sun Arena,Isaac Barnett|Randy Richardson|Gerda Gatling
401736189,16383,Barclays Center,Marcy Williams|Jenna Reneau|Jason Alabanza
401736190,18064,Chase Center,Amy Bonner|Ryan Sassano|Kelsey Reynolds
401736191,3265,Gateway Center,Randy Richardson|Tyler Mirkovich|Blanca Burns
401736192,8910,Mohegan Sun Arena,Charles Watson|Jenna Reneau|Jason Alabanza
401736193,10428,Michelob ULTRA Arena,Jeff Smith|Gina Cross|Eric Brewton
401736194,7291,Wintrust Arena,Maj Forsberg|Isaac Barnett|Ashley Gloss
401736195,8777,Target Center,Angel Kent|Biniam Maru|Clare Simmons
401736196,3283,Gateway Center,Amy Bonner|Ryan Sassano|Kelsey Reynolds
401736197,4200,CareFirst Arena,Maj Forsberg|Marcy Williams|Agon Abazi
401736198,18547,T-Mobile Arena,Charles Watson|Tim Greene|Tiara Cruse
401736199,12500,Climate Pledge Arena,Randy Richardson|Catherine Chang|Gerda Gatling
401736200,18064,Chase Center,Jeff Smith|Gina Cross|Eric Brewton
401736201,4200,CareFirst Arena,Fatou Cissoko-Stephens|Isaac Barnett|Kelly Broomfield
401736202,8004,Wintrust Arena,Randy Richardson|Teresa Stuck|Agon Abazi
401736203,6251,College Park Center,Tim Greene|Tiara Cruse|Clare Simmons
401736204,18343,Climate Pledge Arena,Jeff Smith|Gina Cross|Eric Brewton
401736205,18064,Chase Center,Michael Price|Maj Forsberg|Jason Alabanza
401736206,10432,Michelob ULTRA Arena,Angelica Suffren|Ryan Sassano|Sarah Williams
401736207,17274,Gainbridge Fieldhouse,Marcy Williams|Isaac Barnett|Kelly Broomfield
401736208,10427,Michelob ULTRA Arena,Amy Bonner|Clare Simmons|Ashley Gloss
401736209,3265,Gateway Center,Marcy Williams|Eric Brewton|Gerda Gatling
401736210,20409,American Airlines Center,Roy Gulbeyan|Randy Richardson|Kelsey Reynolds
401736211,18064,Chase Center,Jenna Reneau|Catherine Chang|Sarah Williams
401736212,12009,Mortgage Matchup Center,Amy Bonner|Ryan Sassano|Blanca Burns
401736213,10776,Climate Pledge Arena,Biniam Maru|Agon Abazi|Ashley Gloss
401736214,6006,College Park Center,Gina Cross|Teresa Stuck|Gerda Gatling
401736215,3265,Gateway Center,Isaac Barnett|Kevin Fahy|Kelsey Reynolds
401736216,13523,crypto.com Arena,Roy Gulbeyan|Biniam Maru|Ashley Gloss
401736217,13247,Mortgage Matchup Center,Michael Price|Tim Greene|Catherine Chang
401736218,8821,Target Center,Amy Bonner|Gina Cross|Jason Alabanza
401736219,18064,Chase Center,Ryan Sassano|Clare Simmons|Kelly Broomfield
401736430,12778,Target Center,Roy Gulbeyan|Tiara Cruse|Isaac Barnett
401736220,16509,Gainbridge Fieldhouse,Angelica Suffren|Angel Kent|Clare Simmons
401736221,15956,Barclays Center,Charles Watson|Isaac Barnett|Sarah Williams
401736222,3265,Gateway Center,Fatou Cissoko-Stephens|Tiara Cruse|Blanca Burns
401736223,6162,College Park Center,Ryan Sassano|Kevin Fahy|Jenna Reneau
401736224,8824,Target Center,Jeff Smith|Maj Forsberg|Tim Greene
401736225,17274,Gainbridge Fieldhouse,Jeff Smith|Kevin Fahy|Jason Alabanza
401736226,8771,Target Center,Eric Brewton|Blanca Burns|Ashley Gloss
401736228,15515,Barclays Center,Roy Gulbeyan|Gina Cross|Jenna Reneau
401736227,8476,Mohegan Sun Arena,Marcy Williams|Randy Richardson|Kelsey Reynolds
401736229,8810,Target Center,Angelica Suffren|Biniam Maru|Clare Simmons
401736230,3265,Gateway Center,Charles Watson|Angel Kent|Teresa Stuck
401736231,11932,Mortgage Matchup Center,Tim Greene|Ashley Gloss|Gerda Gatling
401736232,9350,EagleBank Arena,Roy Gulbeyan|Randy Richardson|Sarah Williams
401736233,15041,Barclays Center,Tiara Cruse|Angel Kent|Kevin Fahy
401736234,7984,Mohegan Sun Arena,Amy Bonner|Toni Patillo|Sarah Williams
401736235,16798,Gainbridge Fieldhouse,Tim Greene|Randy Richardson|Gerda Gatling
401736236,10083,Mortgage Matchup Center,Jeff Smith|Charles Watson|Jenna Reneau
401736237,9025,Wintrust Arena,Eric Brewton|Blanca Burns|Catherine Chang
401736238,18199,crypto.com Arena,Maj Forsberg|Tim Greene|Tyler Mirkovich
401736239,9350,EagleBank Arena,Michael Price|Gina Cross|Blanca Burns
401736240,16966,Gainbridge Fieldhouse,Amy Bonner|Gina Cross|Eric Brewton
401736241,9569,Climate Pledge Arena,Jeff Smith|Randy Richardson|Catherine Chang
401736242,9025,Wintrust Arena,Angelica Suffren|Ryan Sassano|Angel Kent
401736243,10070,Michelob ULTRA Arena,Roy Gulbeyan|Jenna Reneau|Kelly Broomfield
401736244,17274,Gainbridge Fieldhouse,Charles Watson|Maj Forsberg|Ryan Sassano
401736245,17265,Barclays Center,Jeff Smith|Michael Price|Clare Simmons
401736246,0,crypto.com Arena,Roy Gulbeyan|Kevin Fahy|Biniam Maru
401736247,11126,Climate Pledge Arena,Angelica Suffren|Toni Patillo|Tyler Mirkovich
401736248,8105,Wintrust Arena,Marcy Williams|Randy Richardson|Jason Alabanza
401736249,18064,Chase Center,Eric Brewton|Biniam Maru|Kelsey Reynolds
401736250,19156,TD Garden,Michael Price|Isaac Barnett|Clare Simmons
401736251,10787,crypto.com Arena,Ryan Sassano|Kelsey Reynolds|Ashley Gloss
401736252,9025,Wintrust Arena,Tim Greene|Teresa Stuck|Gerda Gatling
401736253,16421,Target Center,Roy Gulbeyan|Amy Bonner|Sarah Williams
401736254,12500,Climate Pledge Arena,Maj Forsberg|Kevin Fahy|Jason Alabanza
401736255,17371,Barclays Center,Tiara Cruse|Toni Patillo|Catherine Chang
401736256,6153,College Park Center,Gina Cross|Eric Brewton|Blanca Burns
401781604,16988,Gainbridge Fieldhouse,Tiara Cruse|Angel Kent|Jenna Reneau
401736257,4200,CareFirst Arena,Tiara Cruse|Toni Patillo|Gerda Gatling
401736258,17365,Barclays Center,Eric Brewton|Teresa Stuck|Kevin Fahy
401736259,8821,Target Center,Fatou Cissoko-Stephens|Ryan Sassano|Kelly Broomfield
401736260,10361,Michelob ULTRA Arena,Roy Gulbeyan|Agon Abazi|Ashley Gloss
401736261,12500,Climate Pledge Arena,Michael Price|Marcy Williams|Isaac Barnett
401736262,11850,Mortgage Matchup Center,Marcy Williams|Isaac Barnett|Randy Richardson
401736263,7375,Mohegan Sun Arena,Angelica Suffren|Tim Greene|Teresa Stuck
401736264,16166,Gainbridge Fieldhouse,Amy Bonner|Fatou Cissoko-Stephens|Kelly Broomfield
401736265,7750,Wintrust Arena,Tiara Cruse|Angel Kent|Kevin Fahy
401736266,17515,Barclays Center,Michael Price|Angelica Suffren|Kelly Broomfield
401736267,8810,Target Center,Marcy Williams|Isaac Barnett|Kevin Fahy
401736268,18064,Chase Center,Randy Richardson|Agon Abazi|Sarah Williams
401736270,16024,Barclays Center,Amy Bonner|Fatou Cissoko-Stephens|Paul Tuomey
401736271,4200,CareFirst Arena,Eric Brewton|Teresa Stuck|Sarah Williams
401736272,8294,Mohegan Sun Arena,Maj Forsberg|Toni Patillo|Kelly Broomfield
401736269,19601,United Center,Isaac Barnett|Clare Simmons|Ashley Gloss
401736273,6251,College Park Center,Jeff Smith|Tiara Cruse|Angel Kent
401736274,4200,CareFirst Arena,Amy Bonner|Charles Watson|Biniam Maru
401736275,8788,Target Center,Roy Gulbeyan|Blanca Burns|Catherine Chang
401736276,7136,Mohegan Sun Arena,Fatou Cissoko-Stephens|Isaac Barnett|Ryan Sassano
401736277,6018,College Park Center,Roy Gulbeyan|Jenna Reneau|Catherine Chang
401736278,3265,Gateway Center,Jeff Smith|Amy Bonner|Gina Cross
401736279,4200,CareFirst Arena,Maj Forsberg|Marcy Williams|Kelly Broomfield
401736280,12449,crypto.com Arena,Tim Greene|Eric Brewton|Agon Abazi
401736281,17274,Gainbridge Fieldhouse,Angel Kent|Blanca Burns|Gerda Gatling
401736282,5228,College Park Center,Angelica Suffren|Randy Richardson|Kelsey Reynolds
401736283,10824,Target Center,Tiara Cruse|Clare Simmons|Ashley Gloss
401736284,4200,CareFirst Arena,Ryan Sassano|Tyler Mirkovich|Kevin Fahy
401736285,3283,Gateway Center,Ryan Sassano|Kevin Fahy|Ashley Gloss
401736286,8664,Mohegan Sun Arena,Jeff Smith|Amy Bonner|Gina Cross
401736287,7714,Wintrust Arena,Michael Price|Blanca Burns|Paul Tuomey
401736288,17857,American Airlines Center,Tim Greene|Agon Abazi|Sarah Williams
401736289,11354,Climate Pledge Arena,Roy Gulbeyan|Jenna Reneau|Jason Alabanza
401736290,10488,Michelob ULTRA Arena,Maj Forsberg|Randy Richardson|Biniam Maru
401736292,8747,Mohegan Sun Arena,Angelica Suffren|Charles Watson|Sarah Williams
401736291,3315,Gateway Center,Fatou Cissoko-Stephens|Tiara Cruse|Blanca Burns
401736295,16819,Climate Pledge Arena,Marcy Williams|Eric Brewton|Kelsey Reynolds
401736293,7081,Wintrust Arena,Gina Cross|Toni Patillo|Tyler Mirkovich
401736294,10445,Michelob ULTRA Arena,Tim Greene|Clare Simmons|Jenna Reneau
401736296,17306,Barclays Center,Gina Cross|Isaac Barnett|Gerda Gatling
401736297,6572,Wintrust Arena,Amy Bonner|Eric Brewton|Angel Kent
401736298,16035,crypto.com Arena,Angelica Suffren|Ashley Gloss|Catherine Chang
401736299,8083,Mortgage Matchup Center,Roy Gulbeyan|Marcy Williams|Clare Simmons
401736300,10468,Climate Pledge Arena,Tim Greene|Blanca Burns|Paul Tuomey
401736301,18064,Chase Center,Marcy Williams|Ryan Sassano|Ashley Gloss
401736302,7221,Wintrust Arena,Angelica Suffren|Charles Watson|Biniam Maru
401736303,10780,crypto.com Arena,Eric Brewton|Ryan Sassano|Blanca Burns
401736304,17071,Mortgage Matchup Center,Tim Greene|Randy Richardson|Paul Tuomey
401736305,6251,College Park Center,Fatou Cissoko-Stephens|Biniam Maru|Kelly Broomfield
401736306,8821,Target Center,Roy Gulbeyan|Agon Abazi|Jason Alabanza
401736307,10415,Michelob ULTRA Arena,Amy Bonner|Toni Patillo|Catherine Chang
401736309,17274,Gainbridge Fieldhouse,Isaac Barnett|Agon Abazi|Jason Alabanza
401736308,18064,Chase Center,Maj Forsberg|Paul Tuomey|Jenna Reneau
401736310,17343,Barclays Center,Angelica Suffren|Eric Brewton|Angel Kent
401736311,6152,College Park Center,Ryan Sassano|Toni Patillo|Blanca Burns
401736313,13953,Mortgage Matchup Center,Maj Forsberg|Jenna Reneau|Catherine Chang
401736312,11796,crypto.com Arena,Roy Gulbeyan|Kevin Fahy|Sarah Williams
401736314,10407,Michelob ULTRA Arena,Michael Price|Fatou Cissoko-Stephens|Kelly Broomfield
401736315,18064,Chase Center,Randy Richardson|Tyler Mirkovich|Teresa Stuck
401736316,16027,Gainbridge Fieldhouse,Amy Bonner|Eric Brewton|Clare Simmons
401736317,11862,crypto.com Arena,Randy Richardson|Tyler Mirkovich|Agon Abazi
401736318,6848,Mohegan Sun Arena,Angelica Suffren|Kevin Fahy|Jenna Reneau
401736319,4200,CareFirst Arena,Fatou Cissoko-Stephens|Biniam Maru|Kelsey Reynolds
401736320,10417,Michelob ULTRA Arena,Roy Gulbeyan|Maj Forsberg|Ashley Gloss
401736321,10687,Climate Pledge Arena,Tim Greene|Isaac Barnett|Teresa Stuck
401736322,16006,Gainbridge Fieldhouse,Angelica Suffren|Gina Cross|Paul Tuomey
401736323,7804,Wintrust Arena,Jeff Smith|Amy Bonner|Clare Simmons
401736324,6116,College Park Center,Marcy Williams|Ashley Gloss|Gerda Gatling
401736325,15892,Rogers Arena,Maj Forsberg|Randy Richardson|Toni Patillo
401736326,10850,Mortgage Matchup Center,Michael Price|Teresa Stuck|Kelly Broomfield
401736327,10810,Target Center,Tim Greene|Ryan Sassano|Jenna Reneau
401736329,8910,Mohegan Sun Arena,Roy Gulbeyan|Maj Forsberg|Ryan Sassano
401736328,4200,CareFirst Arena,Michael Price|Amy Bonner|Clare Simmons
401736330,10418,Michelob ULTRA Arena,Fatou Cissoko-Stephens|Isaac Barnett|Randy Richardson
401736331,14169,Climate Pledge Arena,Jeff Smith|Eric Brewton|Agon Abazi
401736332,18064,Chase Center,Jeff Wooten|Tim Greene|Biniam Maru
401736333,16864,Barclays Center,Roy Gulbeyan|Tyler Mirkovich|Catherine Chang
401736334,4200,CareFirst Arena,Paul Tuomey|Jenna Reneau|Ashley Gloss
401736335,6724,Wintrust Arena,Michael Price|Marcy Williams|Ryan Sassano
401736336,10420,Michelob ULTRA Arena,Eric Brewton|Kevin Fahy|Kelsey Reynolds
401736337,18064,Chase Center,Angelica Suffren|Isaac Barnett|Sarah Williams
401736338,13598,crypto.com Arena,Kevin Fahy|Biniam Maru|Sarah Williams
401736339,7144,Mohegan Sun Arena,Michael Price|Catherine Chang|Gerda Gatling
401736340,15887,Barclays Center,Jeff Smith|Fatou Cissoko-Stephens|Agon Abazi
401736341,3265,Gateway Center,Tim Greene|Kelly Broomfield|Ashley Gloss
401736342,10460,Michelob ULTRA Arena,Amy Bonner|Gina Cross|Jason Alabanza
401736343,15121,Gainbridge Fieldhouse,Jeff Wooten|Isaac Barnett|Randy Richardson
401736344,6063,College Park Center,Charles Watson|Maj Forsberg|Kelly Broomfield
401736345,10280,Mortgage Matchup Center,Ryan Sassano|Tyler Mirkovich|Ashley Gloss
401736346,3305,Gateway Center,Amy Bonner|Kevin Fahy|Jason Alabanza
401736347,4200,CareFirst Arena,Roy Gulbeyan|Agon Abazi|Kelsey Reynolds
401736348,8412,Wintrust Arena,Angelica Suffren|Tim Greene|Eric Brewton
401736349,4200,CareFirst Arena,Tim Greene|Eric Brewton|Jason Alabanza
401736350,6251,College Park Center,Michael Price|Clare Simmons|Sarah Williams
401736351,15124,Target Center,Maj Forsberg|Ryan Sassano|Tyler Mirkovich
401736352,15011,Barclays Center,Maj Forsberg|Ashley Gloss|Gerda Gatling
401736353,9103,Wintrust Arena,Jeff Wooten|Tyler Mirkovich|Jenna Reneau
401736354,16737,Gainbridge Fieldhouse,Amy Bonner|Charles Watson|Biniam Maru
401736355,10726,crypto.com Arena,Roy Gulbeyan|Fatou Cissoko-Stephens|Paul Tuomey
401736356,3326,Gateway Center,Maj Forsberg|Ryan Sassano|Sarah Williams
401736357,5710,College Park Center,Jeff Wooten|Isaac Barnett|Tyler Mirkovich
401736358,15015,Barclays Center,Amy Bonner|Gina Cross|Marcy Williams
401736359,9810,Target Center,Isaac Barnett|Jenna Reneau|Gerda Gatling
401736360,10445,Mortgage Matchup Center,Randy Richardson|Teresa Stuck|Kevin Fahy
401736361,3268,Gateway Center,Biniam Maru|Paul Tuomey|Jenna Reneau
401736362,15419,crypto.com Arena,Jeff Wooten|Teresa Stuck|Agon Abazi
401736363,8910,Mohegan Sun Arena,Tim Greene|Tiara Cruse|Sarah Williams
401736364,18064,Chase Center,Charles Watson|Maj Forsberg|Jason Alabanza
401736365,12500,Climate Pledge Arena,Roy Gulbeyan|Tyler Mirkovich|Catherine Chang
401736366,13252,Mortgage Matchup Center,Jeff Wooten|Toni Patillo|Agon Abazi
401736367,12218,crypto.com Arena,Jeff Smith|Angelica Suffren|Eric Brewton
401736368,18064,Chase Center,Fatou Cissoko-Stephens|Randy Richardson|Kelly Broomfield
401736369,8081,Mohegan Sun Arena,Marcy Williams|Teresa Stuck|Jenna Reneau
401736370,10824,Target Center,Gina Cross|Toni Patillo|Kevin Fahy
401736371,12500,Climate Pledge Arena,Fatou Cissoko-Stephens|Randy Richardson|Kelsey Reynolds
401736372,18064,Chase Center,Jeff Smith|Eric Brewton|Catherine Chang
401736373,13132,Mortgage Matchup Center,Amy Bonner|Maj Forsberg|Biniam Maru
401736374,3265,Gateway Center,Roy Gulbeyan|Gina Cross|Tim Greene
401736375,7195,Wintrust Arena,Randy Richardson|Ryan Sassano|Kelsey Reynolds
401736376,4200,CareFirst Arena,Kevin Fahy|Paul Tuomey|Gerda Gatling
401736377,18064,Chase Center,Amy Bonner|Teresa Stuck|Jenna Reneau
401736378,14656,T-Mobile Arena,Tiara Cruse|Ashley Gloss|Catherine Chang
401736379,3314,Gateway Center,Marcy Williams|Kevin Fahy|Kelsey Reynolds
401736380,16012,Gainbridge Fieldhouse,Jeff Wooten|Eric Brewton|Toni Patillo
401736381,12500,Climate Pledge Arena,Michael Price|Ryan Sassano|Blanca Burns
401736382,8910,Mohegan Sun Arena,Fatou Cissoko-Stephens|Charles Watson|Ashley Gloss
401736383,18064,Chase Center,Roy Gulbeyan|Gina Cross|Tim Greene
401736384,11183,CFG Bank Arena,Angelica Suffren|Marcy Williams|Jenna Reneau
401736385,13868,crypto.com Arena,Tim Greene|Randy Richardson|Blanca Burns
401736386,17306,T-Mobile Arena,Michael Price|Gina Cross|Isaac Barnett
401736387,3319,Gateway Center,Eric Brewton|Jenna Reneau|Sarah Williams
401736388,17532,Barclays Center,Roy Gulbeyan|Tiara Cruse|Teresa Stuck
401736389,15012,Gainbridge Fieldhouse,Fatou Cissoko-Stephens|Maj Forsberg|Ryan Sassano
401736390,15640,T-Mobile Arena,Tim Greene|Marcy Williams|Randy Richardson
401736391,13151,Mortgage Matchup Center,Michael Price|Gina Cross|Agon Abazi
401736392,12500,Climate Pledge Arena,Amy Bonner|Isaac Barnett|Biniam Maru
401736393,7508,Mohegan Sun Arena,Tiara Cruse|Paul Tuomey|Catherine Chang
401736394,8824,Wintrust Arena,Maj Forsberg|Kevin Fahy|Ashley Gloss
401736395,6251,College Park Center,Angelica Suffren|Eric Brewton|Clare Simmons
401736396,8824,Target Center,Roy Gulbeyan|Jeff Wooten|Randy Richardson
401736397,13484,crypto.com Arena,Amy Bonner|Isaac Barnett|Biniam Maru
401820272,8821,Target Center,Jeff Wooten|Tiara Cruse|Kevin Fahy|Gerda Gatling
401820313,3800,Gateway Center,Roy Gulbeyan|Maj Forsberg|Marcy Williams
401820314,10095,Mortgage Matchup Center,Amy Bonner|Eric Brewton|Isaac Barnett
401820315,10407,Michelob ULTRA Arena,Fatou Cissoko-Stephens|Tim Greene|Ryan Sassano|Agon Abazi
401820316,16682,Gainbridge Fieldhouse,Angelica Suffren|Eric Brewton|Randy Richardson|Catherine Chang
401820317,12500,Climate Pledge Arena,Tiara Cruse|Isaac Barnett|Ashley Gloss|Gerda Gatling
401820318,17017,Barclays Center,Fatou Cissoko-Stephens|Maj Forsberg|Agon Abazi|Jenna Reneau
401820319,18543,SAP Center at San Jose,Roy Gulbeyan|Gina Cross|Tim Greene|Clare Simmons
401820320,3800,Gateway Center,Tiara Cruse|Isaac Barnett|Kevin Fahy
401820321,10409,Michelob ULTRA Arena,Amy Bonner|Jeff Wooten|Eric Brewton|Randy Richardson
401820324,13104,Mortgage Matchup Center,Roy Gulbeyan|Gina Cross|Tim Greene
401820327,10409,Michelob ULTRA Arena,Amy Bonner|Gina Cross|Isaac Barnett|Ashley Gloss
401820328,10121,Target Center,Jeff Wooten|Angelica Suffren|Maj Forsberg|Eric Brewton
401820330,10824,Target Center,Roy Gulbeyan|Tim Greene|Ryan Sassano|Ashley Gloss
401820331,10516,Michelob ULTRA Arena,Jeff Wooten|Fatou Cissoko-Stephens|Marcy Williams|Kevin Fahy
401820334,16507,Gainbridge Fieldhouse,Roy Gulbeyan|Tiara Cruse|Eric Brewton|Ashley Gloss
401820333,15941,Mortgage Matchup Center,Isaac Barnett|Randy Richardson|Jenna Reneau
401820337,16022,Gainbridge Fieldhouse,Jeff Wooten|Isaac Barnett|Randy Richardson|Jenna Reneau
401820338,16919,Mortgage Matchup Center,Roy Gulbeyan|Amy Bonner|Fatou Cissoko-Stephens|Kevin Fahy
401820340,10529,Michelob ULTRA Arena,Roy Gulbeyan|Fatou Cissoko-Stephens|Isaac Barnett|Kevin Fahy
401820322,10266,Michelob ULTRA Arena,Angelica Suffren|Eric Brewton|Randy Richardson|Jenna Reneau
401820325,10404,Michelob ULTRA Arena,Angelica Suffren|Maj Forsberg|Isaac Barnett|Kevin Fahy
401820326,17071,Mortgage Matchup Center,Amy Bonner|Jeff Wooten|Fatou Cissoko-Stephens|Tiara Cruse
401820329,17071,Mortgage Matchup Center,Roy Gulbeyan|Jeff Wooten|Gina Cross|Tim Greene
401867793,7821,Target Center,Gina Cross|Clare Simmons|Gerda Gatling
401867794,10051,Gainbridge Fieldhouse,Charles Watson|Kevin Fahy|Jason Alabanza
401867795,3229,Gateway Center,Amy Bonner|Ryan Sassano|Ken Jones
401866519,5218,Mohegan Sun Arena,Tim Greene|Marcy Williams|Genesis Perrymond
401866520,10179,Moody Center,Kevin Fahy|Gerda Gatling|RJ Johnson
401866521,13550,Moda Center,Agon Abazi|Clare Simmons|Kelly Broomfield
401856890,17615,Barclays Center,Roy Gulbeyan|Ryan Sassano|Tyler Mirkovich
401856891,8210,Coca-Cola Coliseum,Fatou Cissoko-Stephens|Charles Watson|Clare Simmons
401856892,14200,Climate Pledge Arena,Angelica Suffren|Sarah Williams|Josh Reed
401856893,17274,Gainbridge Fieldhouse,Tim Greene|Kevin Fahy|Catherine Chang
401856894,16511,T-Mobile Arena,Maj Forsberg|Tiara Cruse|Agon Abazi
401856899,10821,Target Center,Roy Gulbeyan|Tyler Mirkovich|Blanca Burns
401856895,19335,Moda Center,Angelica Suffren|Sarah Williams|Genesis Perrymond
401856896,7374,Mohegan Sun Arena,Fatou Cissoko-Stephens|Charles Watson|Clare Simmons
401856897,4200,CareFirst Arena,Marcy Williams|Toni Patillo|Ken Jones
401856898,12266,crypto.com Arena,Amy Bonner|Leah Lanie|Gerda Gatling|Leah Lanie
401856900,18064,Chase Center,Randy Richardson|Jason Alabanza|RJ Johnson
401856901,6251,College Park Center,Gina Cross|Ryan Sassano|Kelsey Reynolds
401856902,10826,Mortgage Matchup Center,Isaac Barnett|Kevin Fahy|Leah Lanie
401856903,12386,Moda Center,Amy Bonner|Randy Richardson|RJ Johnson
401856904,8142,Coca-Cola Coliseum,Angelica Suffren|Tiara Cruse|Sarah Williams
401856905,5452,Mohegan Sun Arena,Tim Greene|Tyler Mirkovich|Ken Jones
401856906,18064,Chase Center,Kevin Fahy|Leah Lanie|Catherine Chang
401856907,12605,crypto.com Arena,Agon Abazi|Clare Simmons|Jason Alabanza
401856908,5982,College Park Center,Fatou Cissoko-Stephens|Charles Watson|Blanca Burns
401856909,13087,Moda Center,Maj Forsberg|Josh Reed|Gerda Gatling
401856910,7265,Mohegan Sun Arena,Isaac Barnett|Toni Patillo|Sarah Williams
401856911,15673,Gainbridge Fieldhouse,Gina Cross|Tiara Cruse|Kelsey Reynolds
401856912,11861,crypto.com Arena,Randy Richardson|Kevin Fahy|Genesis Perrymond
401856913,11094,Mortgage Matchup Center,Roy Gulbeyan|Marcy Williams|Kelly Broomfield
401856915,17044,State Farm Arena,Fatou Cissoko-Stephens|Tyler Mirkovich|Ken Jones
401856916,14505,Gainbridge Fieldhouse,Charles Watson|Isaac Barnett|Blanca Burns
401856914,10001,Target Center,Maj Forsberg|Tiara Cruse|Clare Simmons
401856917,11648,crypto.com Arena,Roy Gulbeyan|Marcy Williams|Kelly Broomfield
401856918,6251,College Park Center,Angelica Suffren|Tyler Mirkovich|Josh Reed
401856919,12010,Moda Center,Roy Gulbeyan|Marcy Williams|Jason Alabanza
401856920,9337,Mortgage Matchup Center,Maj Forsberg|Tim Greene|RJ Johnson
401856921,14010,Gainbridge Fieldhouse,Amy Bonner|Ryan Sassano|Sarah Williams
401856922,9025,Wintrust Arena,Isaac Barnett|Randy Richardson|Kelly Broomfield
401856923,9024,Climate Pledge Arena,Tim Greene|Agon Abazi|Josh Reed
401856924,15862,Barclays Center,Charles Watson|Tiara Cruse|Teresa Stuck
401856925,8910,Target Center,Angelica Suffren|Toni Patillo|Kelsey Reynolds
401856926,10953,Mortgage Matchup Center,Gina Cross|Jason Alabanza|Catherine Chang
401856927,3626,Gateway Center,Teresa Stuck|Kevin Fahy|Gerda Gatling
401856928,16742,Gainbridge Fieldhouse,Maj Forsberg|Randy Richardson|Kelly Broomfield
401856929,9741,Climate Pledge Arena,Gina Cross|Jason Alabanza|Catherine Chang
401856930,7030,Wintrust Arena,Fatou Cissoko-Stephens|Tim Greene|Ryan Sassano
401856931,8210,Coca-Cola Coliseum,Charles Watson|Tiara Cruse|Ken Jones
401856932,10386,Michelob ULTRA Arena,Roy Gulbeyan|Angelica Suffren|Toni Patillo
401856933,3575,Gateway Center,Marcy Williams|Clare Simmons|Sarah Williams
401856934,17622,Barclays Center,Maj Forsberg|Randy Richardson|Agon Abazi
401856935,10559,Climate Pledge Arena,Roy Gulbeyan|Kelsey Reynolds|RJ Johnson
401856936,13881,Barclays Center,Marcy Williams|Tyler Mirkovich|Clare Simmons
401856937,18064,Chase Center,Toni Patillo|Kelsey Reynolds|Josh Reed
401856938,14995,Barclays Center,Tim Greene|Ryan Sassano|Ken Jones
401856939,6209,Wintrust Arena,Kevin Fahy|Catherine Chang|Genesis Perrymond
401856940,9912,Target Center,Gina Cross|Charles Watson|Jason Alabanza
401856941,11945,Moda Center,Maj Forsberg|Randy Richardson|RJ Johnson
401856942,9202,Climate Pledge Arena,Tiara Cruse|Toni Patillo|Teresa Stuck
401856943,6251,College Park Center,Charles Watson|Clare Simmons|Jason Alabanza
401856944,18064,Chase Center,Roy Gulbeyan|Tyler Mirkovich|Agon Abazi
401856945,17579,Barclays Center,Kevin Fahy|Genesis Perrymond|Gerda Gatling
401856946,4200,CareFirst Arena,Fatou Cissoko-Stephens|Ryan Sassano|Ken Jones
401856947,7004,Wintrust Arena,Angelica Suffren|Kelsey Reynolds|RJ Johnson
401856948,13602,Moda Center,Roy Gulbeyan|Teresa Stuck|Catherine Chang
401856949,8210,Coca-Cola Coliseum,Gina Cross|Marcy Williams|Tyler Mirkovich
401856950,10478,PeoplesBank Arena,Kevin Fahy|Genesis Perrymond|Gerda Gatling
401856951,19347,Moda Center,Tim Greene|Isaac Barnett|Blanca Burns
401856952,18064,Chase Center,Gina Cross|Randy Richardson|Teresa Stuck
401856953,6251,College Park Center,Angelica Suffren|Angel Kent|Ken Jones
401856954,9234,Mortgage Matchup Center,Roy Gulbeyan|Blanca Burns|Catherine Chang
401856955,3575,Gateway Center,Angelica Suffren|Isaac Barnett|Ryan Sassano
401856956,4200,CareFirst Arena,Amy Bonner|Gina Cross|Tim Greene
401856957,18064,Chase Center,Clare Simmons|Ashley Gloss|Jason Alabanza
401856958,11178,crypto.com Arena,Maj Forsberg|Blanca Burns|Kelsey Reynolds
401856959,14574,Barclays Center,Charles Watson|Isaac Barnett|Teresa Stuck
401856960,9109,Climate Pledge Arena,Agon Abazi|Clare Simmons|Ashley Gloss
401856961,17002,Gainbridge Fieldhouse,Amy Bonner|Kelly Broomfield|Gerda Gatling
401856962,9105,Target Center,Angel Kent|Toni Patillo|Tyler Mirkovich
401856963,6594,Wintrust Arena,Charles Watson|Maj Forsberg|Kelly Broomfield
401856964,12828,crypto.com Arena,Agon Abazi|Clare Simmons|Jason Alabanza
401856965,12046,Moda Center,Roy Gulbeyan|Sarah Williams|Josh Reed
401856966,10801,Target Center,Tim Greene|Isaac Barnett|Gerda Gatling
401856967,10467,Michelob ULTRA Arena,Ryan Sassano|Kevin Fahy|Catherine Chang
401856968,3609,Gateway Center,Marcy Williams|Randy Richardson|Blanca Burns
401856969,16306,Barclays Center,Angelica Suffren|Gina Cross|Maj Forsberg
401856970,8210,Coca-Cola Coliseum,Amy Bonner|Kelsey Reynolds|RJ Johnson
401856971,11227,crypto.com Arena,Ryan Sassano|Toni Patillo|Tyler Mirkovich
401856972,0,Mohegan Sun Arena,Amy Bonner|Ken Jones|Sarah Williams
401856973,4200,CareFirst Arena,Charles Watson|Isaac Barnett|Clare Simmons
401856974,10261,Michelob ULTRA Arena,Toni Patillo|Tyler Mirkovich|RJ Johnson
401856975,6921,Wintrust Arena,Angelica Suffren|Ashley Gloss|Genesis Perrymond
401856976,10907,Target Center,Roy Gulbeyan|Maj Forsberg|Marcy Williams
401856977,18064,Chase Center,Fatou Cissoko-Stephens|Angel Kent|Agon Abazi
401856978,8210,Coca-Cola Coliseum,Isaac Barnett|Genesis Perrymond|Gerda Gatling
401856979,9309,Climate Pledge Arena,Randy Richardson|Angel Kent|Josh Reed
401856980,15578,Gainbridge Fieldhouse,Roy Gulbeyan|Blanca Burns|Sarah Williams
401856981,3600,Gateway Center,Tyler Mirkovich|Kevin Fahy|Clare Simmons
401856982,6251,College Park Center,Amy Bonner|Charles Watson|Isaac Barnett
401856983,13178,Moda Center,Gina Cross|Tim Greene|Kelsey Reynolds
401856984,4200,CareFirst Arena,Ryan Sassano|Toni Patillo|Ken Jones
401856985,10648,Climate Pledge Arena,Gina Cross|Maj Forsberg|Kelsey Reynolds
401856986,8910,Mohegan Sun Arena,Tyler Mirkovich|Kevin Fahy|Clare Simmons
401856987,10330,Michelob ULTRA Arena,Amy Bonner|Angelica Suffren|Isaac Barnett
401856988,14612,Moda Center,Randy Richardson|Agon Abazi|RJ Johnson
401856989,9234,Mortgage Matchup Center,Tim Greene|Kelly Broomfield|Ashley Gloss
401856990,17581,Barclays Center,Charles Watson|Tiara Cruse|Sarah Williams
401856991,8210,Coca-Cola Coliseum,Roy Gulbeyan|Marcy Williams|Teresa Stuck
401856992,6251,College Park Center,Tim Greene|Ryan Sassano|Blanca Burns
401856993,10812,Target Center,Gina Cross|Angel Kent|Clare Simmons
401856994,18064,Chase Center,Angelica Suffren|Isaac Barnett|RJ Johnson
401856995,15017,Gainbridge Fieldhouse,Tiara Cruse|Angel Kent|Kelsey Reynolds
401856996,6943,Mohegan Sun Arena,Fatou Cissoko-Stephens|Marcy Williams|Teresa Stuck
401856997,7225,Wintrust Arena,Gina Cross|Toni Patillo|Agon Abazi
401856998,18064,Chase Center,Roy Gulbeyan|Kelly Broomfield|Catherine Chang
401856999,11481,crypto.com Arena,Maj Forsberg|Blanca Burns|Kevin Fahy
401857000,9234,Mortgage Matchup Center,Angelica Suffren|Randy Richardson|Genesis Perrymond
401857001,13084,Moda Center,Isaac Barnett|Jason Alabanza|Josh Reed
401857002,17274,Gainbridge Fieldhouse,Tim Greene|Ashley Gloss|Sarah Williams
401857003,7078,Mohegan Sun Arena,Amy Bonner|Agon Abazi|Ken Jones
401857004,16539,Barclays Center,Ryan Sassano|Clare Simmons|Gerda Gatling
401857005,18064,Chase Center,Randy Richardson|Jason Alabanza|Josh Reed
401857006,17044,State Farm Arena,Roy Gulbeyan|Toni Patillo|Catherine Chang
401857007,9662,Mortgage Matchup Center,Fatou Cissoko-Stephens|Tiara Cruse|Sarah Williams
401857008,6251,College Park Center,Angel Kent|Tyler Mirkovich|Kevin Fahy
401857009,10350,Michelob ULTRA Arena,Charles Watson|Tiara Cruse|Ashley Gloss
401857010,11610,Target Center,Amy Bonner|Agon Abazi|RJ Johnson
401857011,18043,crypto.com Arena,Fatou Cissoko-Stephens|Randy Richardson|Jason Alabanza
401857012,7036,Mohegan Sun Arena,Roy Gulbeyan|Catherine Chang|Josh Reed
401857013,9685,State Farm Arena,Ryan Sassano|Angel Kent|Tyler Mirkovich
401857014,15198,Gainbridge Fieldhouse,Amy Bonner|RJ Johnson|Gerda Gatling
401857015,14200,Climate Pledge Arena,Randy Richardson|Ashley Gloss|Genesis Perrymond
401857016,10274,Michelob ULTRA Arena,Isaac Barnett|Agon Abazi|Kelly Broomfield
401857017,16128,Gainbridge Fieldhouse,Angelica Suffren|Gina Cross|Teresa Stuck
401857018,4200,CareFirst Arena,Roy Gulbeyan|Sarah Williams|Josh Reed
401857019,7468,Wintrust Arena,Amy Bonner|Kelsey Reynolds|RJ Johnson
401857020,0,Chase Center,Tim Greene|Agon Abazi|Genesis Perrymond
401857021,8210,Coca-Cola Coliseum,Toni Patillo|Teresa Stuck|Gerda Gatling
401857022,10295,Michelob ULTRA Arena,Kevin Fahy|Ken Jones|Catherine Chang
401857023,11968,Climate Pledge Arena,Tim Greene|Angel Kent|Jason Alabanza
401857024,7789,Mohegan Sun Arena,Toni Patillo|RJ Johnson|Gerda Gatling
401857025,7228,Wintrust Arena,Isaac Barnett|Ryan Sassano|Josh Reed
401857026,18064,Chase Center,Fatou Cissoko-Stephens|Charles Watson|Catherine Chang
401857027,15687,Scotiabank Arena,Randy Richardson|Agon Abazi|Kelly Broomfield
401857028,16018,Gainbridge Fieldhouse,Isaac Barnett|Ryan Sassano|Kelsey Reynolds
401857029,13643,Climate Pledge Arena,Fatou Cissoko-Stephens|Charles Watson|Ken Jones
401857030,6251,College Park Center,Amy Bonner|Angelica Suffren|Ashley Gloss
401857031,4200,CareFirst Arena,Teresa Stuck|Agon Abazi|Catherine Chang
401857032,11476,United Center,Randy Richardson|Toni Patillo|Gerda Gatling
401857033,18064,Chase Center,Gina Cross|Angel Kent|Kevin Fahy
401857321,15112,Barclays Center,Tim Greene|Tiara Cruse|Isaac Barnett
401857034,4200,CareFirst Arena,Tyler Mirkovich|Ashley Gloss|Jason Alabanza
401857035,14578,PeoplesBank Arena,Fatou Cissoko-Stephens|Charles Watson|Clare Simmons
401857036,10055,Mortgage Matchup Center,Amy Bonner|Kelsey Reynolds|Catherine Chang
401857037,15345,Barclays Center,Tim Greene|Genesis Perrymond|Gerda Gatling
401857038,15837,T-Mobile Arena,Gina Cross|Angel Kent|Kelsey Reynolds
401857039,3596,Gateway Center,Randy Richardson|Ryan Sassano|Sarah Williams
401857040,10251,Climate Pledge Arena,Gina Cross|Kevin Fahy|Ashley Gloss
401857041,8210,Coca-Cola Coliseum,Amy Bonner|Genesis Perrymond|Gerda Gatling
401857042,17796,T-Mobile Arena,Fatou Cissoko-Stephens|Agon Abazi|Clare Simmons
401857043,4200,CareFirst Arena,Tiara Cruse|Toni Patillo|Genesis Perrymond
401857044,10810,Target Center,Angelica Suffren|Ken Jones|Catherine Chang
401857045,12160,crypto.com Arena,Tim Greene|Angel Kent|RJ Johnson
401857046,17532,Barclays Center,Kevin Fahy|Kelsey Reynolds|Ashley Gloss
401857047,9586,Mortgage Matchup Center,Tim Greene|Tyler Mirkovich|Jason Alabanza
401857048,8210,Coca-Cola Coliseum,Angelica Suffren|Marcy Williams|Josh Reed
401857049,8187,Mohegan Sun Arena,Isaac Barnett|Ryan Sassano|Kelly Broomfield
401857050,12939,crypto.com Arena,Amy Bonner|Randy Richardson|Teresa Stuck
401857051,3617,Gateway Center,Tiara Cruse|Blanca Burns|Clare Simmons
401857052,17071,Mortgage Matchup Center,Fatou Cissoko-Stephens|Maj Forsberg|Agon Abazi
401857053,0,Moda Center,Amy Bonner|Charles Watson|Ken Jones
401857054,8546,Mohegan Sun Arena,Kevin Fahy|Kelsey Reynolds|RJ Johnson
401857055,20996,Bell Centre,Tim Greene|Tyler Mirkovich|Kelly Broomfield
401857056,11827,crypto.com Arena,Fatou Cissoko-Stephens|Charles Watson|Ken Jones
401857057,12405,Target Center,Roy Gulbeyan|Maj Forsberg|Agon Abazi
401857059,3577,Gateway Center,Marcy Williams|Isaac Barnett|Ryan Sassano
401857058,10321,Michelob ULTRA Arena,Tiara Cruse|Teresa Stuck|Josh Reed
401857060,12724,Bell Centre,Blanca Burns|Kevin Fahy|Kelsey Reynolds
401857061,4200,CareFirst Arena,Angelica Suffren|Marcy Williams|Tyler Mirkovich
401857062,13236,American Airlines Center,Agon Abazi|Clare Simmons|RJ Johnson
401857063,10513,Michelob ULTRA Arena,Roy Gulbeyan|Amy Bonner|Ashley Gloss
401857064,3592,Gateway Center,Angelica Suffren|Maj Forsberg|Tyler Mirkovich
401857065,10221,Target Center,Fatou Cissoko-Stephens|Charles Watson|Kelly Broomfield
401857066,8917,Mohegan Sun Arena,Angel Kent|Ken Jones|Sarah Williams
401857067,8210,Coca-Cola Coliseum,Isaac Barnett|Teresa Stuck|Catherine Chang
401857068,9025,Wintrust Arena,Maj Forsberg|Randy Richardson|Kelly Broomfield
