game_id,date,home,away,home_score,away_score,season
401537457,20230505,MIN,WSH,72,69,2023
401537458,20230505,DAL,CHI,75,70,2023
401537459,20230507,CHI,IND,81,56,2023
401535138,20230508,SEA,PHX,71,77,2023
401537460,20230510,CON,NY,63,57,2023
401537461,20230510,WSH,ATL,88,76,2023
401535139,20230512,PHX,LA,71,90,2023
401537462,20230513,IND,DAL,90,83,2023
401525954,20230513,MIN,CHI,74,82,2023
401545052,20230513,LV,NY,84,77,2023
401537464,20230514,ATL,CON,68,85,2023
401507130,20230519,IND,CON,61,70,2023
401507131,20230519,WSH,NY,80,64,2023
401507132,20230519,MIN,CHI,66,77,2023
401507133,20230519,LA,PHX,94,71,2023
401507135,20230520,DAL,ATL,85,78,2023
401507134,20230520,SEA,LV,64,105,2023
401507136,20230521,CON,WSH,80,74,2023
401507137,20230521,NY,IND,90,73,2023
401507138,20230521,PHX,CHI,69,75,2023
401507139,20230523,WSH,CON,81,88,2023
401507140,20230523,MIN,ATL,77,83,2023
401507141,20230525,LA,LV,85,94,2023
401507142,20230525,PHX,MIN,90,81,2023
401507143,20230526,CHI,WSH,69,71,2023
401507144,20230526,SEA,DAL,91,95,2023
401507145,20230527,NY,CON,81,65,2023
401507146,20230527,LV,LA,93,65,2023
401507147,20230528,ATL,IND,87,90,2023
401507148,20230528,CHI,DAL,94,88,2023
401507149,20230528,LV,MIN,94,73,2023
401507150,20230530,ATL,CHI,83,65,2023
401507151,20230530,CON,IND,81,78,2023
401507152,20230530,DAL,MIN,94,89,2023
401507153,20230530,SEA,NY,78,86,2023
401507154,20230601,MIN,CON,84,89,2023
401507157,20230602,CHI,NY,76,77,2023
401507155,20230602,WSH,DAL,75,74,2023
401507156,20230602,ATL,LV,87,92,2023
401507158,20230602,PHX,LA,93,99,2023
401507159,20230603,WSH,MIN,78,80,2023
401507160,20230603,LA,SEA,92,85,2023
401507161,20230604,CON,DAL,80,74,2023
401507162,20230604,NY,CHI,82,86,2023
401507163,20230604,IND,LV,80,84,2023
401507164,20230606,CON,LV,84,90,2023
401507165,20230606,CHI,IND,108,103,2023
401507166,20230606,SEA,LA,66,63,2023
401507167,20230607,NY,MIN,0,0,2023
401507168,20230607,DAL,PHX,84,79,2023
401507169,20230608,CON,LV,94,77,2023
401507170,20230609,ATL,NY,83,106,2023
401507171,20230609,DAL,PHX,90,77,2023
401507172,20230609,MIN,IND,69,71,2023
401507173,20230609,LA,CHI,77,62,2023
401507174,20230609,SEA,WSH,66,73,2023
401507175,20230611,NY,DAL,102,93,2023
401507176,20230611,LV,CHI,93,80,2023
401507179,20230611,SEA,WSH,65,71,2023
401507177,20230611,ATL,CON,77,89,2023
401507178,20230611,IND,PHX,82,85,2023
401507180,20230611,MIN,LA,91,86,2023
401507181,20230613,IND,WSH,87,66,2023
401507182,20230613,NY,ATL,79,86,2023
401507183,20230613,PHX,SEA,69,83,2023
401507184,20230614,DAL,LA,61,79,2023
401507185,20230615,CON,ATL,88,92,2023
401507186,20230615,CHI,IND,90,92,2023
401507187,20230615,LV,SEA,96,63,2023
401507188,20230616,WSH,PHX,88,69,2023
401507189,20230616,LA,MIN,72,77,2023
401507190,20230617,DAL,SEA,103,109,2023
401507191,20230618,NY,PHX,89,71,2023
401507192,20230618,WSH,CHI,77,69,2023
401507193,20230618,IND,ATL,94,100,2023
401507194,20230618,LA,CON,74,83,2023
401507195,20230618,LV,MIN,93,62,2023
401507196,20230620,DAL,ATL,85,73,2023
401507197,20230620,LA,MIN,61,67,2023
401507198,20230620,SEA,CON,79,85,2023
401507199,20230621,PHX,LV,79,99,2023
401507200,20230622,CHI,WSH,59,80,2023
401507201,20230622,MIN,CON,68,89,2023
401507202,20230622,SEA,IND,68,80,2023
401507203,20230623,ATL,NY,80,110,2023
401507204,20230623,LA,DAL,76,74,2023
401507205,20230624,LV,IND,101,88,2023
401507206,20230624,SEA,PHX,97,74,2023
401507207,20230625,CON,CHI,96,72,2023
401507208,20230625,NY,WSH,89,88,2023
401507209,20230625,LA,DAL,93,83,2023
401507210,20230626,LV,IND,88,80,2023
401507211,20230627,CON,NY,81,89,2023
401507212,20230627,MIN,SEA,104,93,2023
401507213,20230627,PHX,DAL,62,77,2023
401507214,20230628,CHI,LA,80,63,2023
401507215,20230628,WSH,ATL,109,86,2023
401507216,20230629,LV,NY,98,81,2023
401507217,20230629,PHX,IND,85,63,2023
401507218,20230629,SEA,MIN,97,99,2023
401507219,20230630,ATL,WSH,94,89,2023
401507220,20230630,CHI,LA,86,78,2023
401507221,20230701,LV,CON,102,84,2023
401507222,20230701,PHX,MIN,76,86,2023
401507223,20230702,ATL,LA,112,84,2023
401507225,20230702,DAL,WSH,89,72,2023
401507224,20230702,IND,CHI,87,89,2023
401507226,20230702,SEA,NY,66,81,2023
401507227,20230705,NY,PHX,99,95,2023
401507228,20230705,MIN,IND,90,83,2023
401507229,20230705,LV,DAL,89,82,2023
401507230,20230705,LA,ATL,79,90,2023
401507231,20230706,CON,SEA,93,73,2023
401507232,20230707,WSH,IND,96,88,2023
401507233,20230707,CHI,ATL,68,82,2023
401507234,20230707,DAL,LV,80,78,2023
401507235,20230707,MIN,PHX,75,64,2023
401507236,20230708,NY,SEA,80,76,2023
401507237,20230709,CON,WSH,92,84,2023
401507238,20230709,IND,DAL,76,77,2023
401507239,20230709,PHX,LA,78,72,2023
401507240,20230709,MIN,LV,89,113,2023
401507241,20230709,CHI,ATL,77,88,2023
401507242,20230711,WSH,SEA,93,86,2023
401507243,20230711,LV,PHX,98,72,2023
401507244,20230712,IND,NY,87,95,2023
401507245,20230712,CHI,CON,72,84,2023
401507246,20230712,MIN,DAL,67,107,2023
401507247,20230712,ATL,SEA,85,75,2023
401507248,20230712,LA,LV,78,97,2023
401558893,20230715,WIL,STE,127,143,2023
401507249,20230718,ATL,MIN,82,73,2023
401507250,20230718,PHX,CON,72,66,2023
401507251,20230719,WSH,IND,76,82,2023
401507252,20230719,NY,DAL,88,98,2023
401507253,20230720,CON,ATL,82,71,2023
401507254,20230720,MIN,LA,73,70,2023
401507255,20230720,PHX,CHI,80,62,2023
401507256,20230720,SEA,LV,63,79,2023
401507257,20230721,WSH,NY,87,96,2023
401507258,20230722,ATL,CON,78,86,2023
401507261,20230722,MIN,LV,81,98,2023
401507260,20230722,DAL,LA,98,84,2023
401507259,20230722,SEA,CHI,75,90,2023
401507263,20230723,WSH,PHX,84,69,2023
401507262,20230723,NY,IND,101,83,2023
401507264,20230725,ATL,PHX,78,65,2023
401507265,20230725,NY,SEA,86,82,2023
401507266,20230725,CHI,LV,95,107,2023
401507267,20230725,DAL,CON,83,88,2023
401507268,20230725,LA,IND,79,78,2023
401507269,20230726,MIN,WSH,97,92,2023
401507270,20230727,LA,IND,81,68,2023
401507271,20230727,NY,ATL,95,84,2023
401507272,20230728,CHI,SEA,74,83,2023
401507273,20230728,DAL,WSH,90,62,2023
401558197,20230728,NY,MIN,83,88,2023
401507274,20230730,CON,MIN,83,87,2023
401507275,20230730,ATL,WSH,80,73,2023
401507276,20230730,IND,SEA,62,85,2023
401507277,20230730,CHI,PHX,104,85,2023
401507279,20230730,LA,NY,79,87,2023
401507278,20230730,LV,DAL,104,91,2023
401507280,20230801,CON,MIN,79,69,2023
401507281,20230801,IND,PHX,72,71,2023
401507282,20230801,LV,ATL,93,72,2023
401507283,20230801,LA,NY,69,76,2023
401507284,20230802,SEA,DAL,65,76,2023
401507285,20230803,PHX,ATL,91,71,2023
401507286,20230804,IND,CON,72,88,2023
401507287,20230804,WSH,LA,79,77,2023
401507288,20230804,DAL,CHI,89,104,2023
401507289,20230804,MIN,NY,66,76,2023
401507290,20230805,PHX,SEA,91,97,2023
401507291,20230806,ATL,IND,82,73,2023
401507292,20230806,NY,LV,99,61,2023
401507293,20230806,WSH,LA,83,91,2023
401507294,20230806,DAL,CHI,96,104,2023
401507295,20230808,SEA,CON,69,81,2023
401507296,20230808,IND,LA,80,87,2023
401507297,20230808,CHI,MIN,79,88,2023
401507298,20230808,DAL,LV,84,104,2023
401507299,20230808,PHX,WSH,91,72,2023
401507300,20230810,IND,MIN,91,73,2023
401507301,20230810,PHX,CON,90,84,2023
401507302,20230810,SEA,ATL,68,67,2023
401507303,20230811,NY,CHI,89,73,2023
401507304,20230811,LV,WSH,113,89,2023
401507305,20230812,LA,ATL,85,74,2023
401507306,20230812,DAL,CON,91,81,2023
401507307,20230813,WSH,CHI,83,76,2023
401507309,20230813,IND,NY,89,100,2023
401507308,20230813,SEA,PHX,81,71,2023
401507310,20230813,LV,ATL,86,65,2023
401507376,20230815,LV,NY,63,82,2023
401507311,20230817,LV,NY,88,75,2023
401507312,20230818,CON,DAL,75,95,2023
401507313,20230818,IND,WSH,79,83,2023
401507314,20230818,ATL,CHI,78,67,2023
401507315,20230818,PHX,NY,63,85,2023
401507316,20230818,SEA,MIN,70,78,2023
401507317,20230819,LV,LA,72,78,2023
401507318,20230820,WSH,DAL,84,97,2023
401507319,20230820,CHI,CON,73,79,2023
401507320,20230820,PHX,IND,73,83,2023
401507321,20230820,MIN,SEA,74,88,2023
401507322,20230822,ATL,LV,100,112,2023
401507323,20230822,WSH,CON,64,68,2023
401507324,20230822,CHI,SEA,102,79,2023
401507325,20230822,MIN,DAL,91,86,2023
401507326,20230823,LA,PHX,91,62,2023
401507327,20230824,CON,NY,90,95,2023
401507328,20230824,IND,SEA,90,86,2023
401507329,20230824,CHI,LV,87,94,2023
401507330,20230824,DAL,MIN,81,90,2023
401507331,20230825,ATL,LA,78,83,2023
401507332,20230826,WSH,LV,78,62,2023
401507333,20230826,MIN,NY,76,111,2023
401507334,20230827,CON,LA,83,68,2023
401507335,20230827,IND,ATL,83,80,2023
401507336,20230827,PHX,DAL,74,77,2023
401507337,20230827,SEA,CHI,85,90,2023
401507338,20230828,NY,LV,94,85,2023
401507339,20230829,ATL,PHX,94,76,2023
401507340,20230829,WSH,MIN,83,72,2023
401507341,20230829,LA,CHI,75,76,2023
401507342,20230831,CON,PHX,84,74,2023
401507343,20230831,LV,WSH,84,75,2023
401507344,20230831,LA,SEA,61,72,2023
401507345,20230901,IND,DAL,100,110,2023
401507346,20230901,NY,CON,89,58,2023
401507347,20230901,MIN,ATL,91,85,2023
401507348,20230902,LV,SEA,103,77,2023
401507349,20230903,CHI,NY,69,86,2023
401507350,20230903,DAL,IND,84,97,2023
401507351,20230903,MIN,PHX,86,73,2023
401507352,20230903,LA,WSH,72,64,2023
401507353,20230905,CON,LA,90,76,2023
401507354,20230905,IND,CHI,69,96,2023
401507355,20230905,DAL,NY,93,94,2023
401507356,20230905,PHX,WSH,77,100,2023
401507357,20230906,ATL,SEA,79,68,2023
401507358,20230907,NY,LA,96,89,2023
401507359,20230908,CON,IND,76,59,2023
401507360,20230908,WSH,ATL,75,80,2023
401507361,20230908,CHI,MIN,92,87,2023
401507362,20230908,DAL,SEA,106,91,2023
401507363,20230908,PHX,LV,73,94,2023
401507364,20230910,ATL,DAL,77,94,2023
401507365,20230910,CON,CHI,91,102,2023
401507366,20230910,IND,MIN,87,72,2023
401507367,20230910,NY,WSH,88,90,2023
401507368,20230910,LV,PHX,100,85,2023
401507369,20230910,SEA,LA,89,91,2023
401578549,20230913,CON,MIN,90,60,2023
401578550,20230913,LV,CHI,87,59,2023
401578551,20230915,NY,WSH,90,75,2023
401578552,20230915,DAL,ATL,94,82,2023
401578553,20230917,CON,MIN,75,82,2023
401578554,20230917,LV,CHI,92,70,2023
401578555,20230919,NY,WSH,90,85,2023
401578556,20230919,DAL,ATL,101,74,2023
401578557,20230920,MIN,CON,75,90,2023
401578561,20230924,NY,CON,63,78,2023
401578562,20230924,LV,DAL,97,83,2023
401578563,20230926,NY,CON,84,77,2023
401578564,20230926,LV,DAL,91,84,2023
401578565,20230929,CON,NY,81,92,2023
401578566,20230929,DAL,LV,61,64,2023
401578567,20231001,CON,NY,84,87,2023
401578571,20231008,LV,NY,99,82,2023
401578572,20231011,LV,NY,104,76,2023
401578573,20231015,NY,LV,87,73,2023
401578574,20231018,NY,LV,69,70,2023
401649378,20240503,MIN,CHI,92,81,2024
401653060,20240503,DAL,IND,79,76,2024
401653631,20240504,ATL,WSH,87,84,2024
401647556,20240504,SEA,LA,79,84,2024
401649379,20240507,CHI,NY,101,53,2024
401649380,20240507,SEA,PHX,85,59,2024
401653632,20240508,WSH,MIN,77,83,2024
401649560,20240509,CON,NY,79,82,2024
401653633,20240509,IND,ATL,83,80,2024
401653634,20240510,PHX,LA,85,98,2024
401653736,20240511,LV,PUERTORICO,102,50,2024
401620178,20240514,WSH,NY,80,85,2024
401620219,20240514,CON,IND,92,71,2024
401620220,20240514,LV,PHX,89,80,2024
401620221,20240514,SEA,MIN,70,83,2024
401620222,20240515,DAL,CHI,87,79,2024
401620223,20240515,LA,ATL,81,92,2024
401620224,20240516,IND,NY,66,102,2024
401620225,20240517,CON,WSH,84,77,2024
401620226,20240517,MIN,SEA,102,93,2024
401620227,20240518,NY,IND,91,80,2024
401620228,20240518,LV,LA,89,82,2024
401620229,20240518,DAL,CHI,74,83,2024
401620230,20240518,PHX,ATL,88,85,2024
401620231,20240519,WSH,SEA,75,84,2024
401620232,20240520,IND,CON,84,88,2024
401620233,20240520,NY,SEA,74,63,2024
401620234,20240521,ATL,DAL,83,78,2024
401620235,20240521,LV,PHX,88,98,2024
401620236,20240521,LA,WSH,70,68,2024
401620237,20240522,SEA,IND,85,83,2024
401620238,20240523,CON,MIN,83,82,2024
401620239,20240523,NY,CHI,81,90,2024
401620240,20240523,PHX,WSH,83,80,2024
401620241,20240524,LA,IND,73,78,2024
401620242,20240525,MIN,NY,84,67,2024
401620243,20240525,CHI,CON,82,86,2024
401620244,20240525,LV,IND,99,80,2024
401620245,20240525,SEA,WSH,101,69,2024
401620246,20240525,PHX,DAL,92,107,2024
401620247,20240526,ATL,MIN,79,92,2024
401620248,20240526,LA,DAL,83,84,2024
401620249,20240528,CON,PHX,70,47,2024
401620250,20240528,IND,LA,82,88,2024
401620251,20240528,CHI,SEA,68,77,2024
401620252,20240529,NY,PHX,81,78,2024
401620253,20240529,WSH,ATL,67,73,2024
401620254,20240529,MIN,LV,66,80,2024
401620255,20240530,IND,SEA,88,103,2024
401620256,20240530,CHI,LA,83,73,2024
401620257,20240531,ATL,LV,78,74,2024
401620258,20240531,CON,DAL,74,72,2024
401620259,20240531,NY,WSH,90,79,2024
401620260,20240531,MIN,PHX,95,71,2024
401620261,20240601,IND,CHI,71,70,2024
401620262,20240602,ATL,CON,50,69,2024
401620265,20240602,PHX,LA,87,68,2024
401620263,20240602,NY,IND,104,68,2024
401620264,20240602,MIN,DAL,87,76,2024
401620266,20240604,CON,WSH,76,59,2024
401620267,20240604,CHI,NY,75,88,2024
401620268,20240604,SEA,PHX,80,62,2024
401620269,20240605,DAL,LV,81,95,2024
401620270,20240605,LA,MIN,62,86,2024
401620271,20240606,WSH,CHI,71,79,2024
401620272,20240606,ATL,NY,61,78,2024
401620273,20240607,WSH,IND,83,85,2024
401620274,20240607,LV,SEA,65,78,2024
401620275,20240607,LA,DAL,81,72,2024
401620276,20240607,PHX,MIN,81,80,2024
401620277,20240608,CON,NY,75,82,2024
401620278,20240608,CHI,ATL,80,89,2024
401620279,20240609,NY,WSH,93,88,2024
401620280,20240609,DAL,PHX,90,97,2024
401620281,20240609,MIN,SEA,83,64,2024
401620282,20240609,LA,LV,96,92,2024
401620283,20240610,CON,IND,89,72,2024
401620284,20240611,ATL,WSH,68,87,2024
401620285,20240611,LV,MIN,86,100,2024
401620286,20240611,SEA,LA,95,79,2024
401620287,20240612,CHI,CON,75,83,2024
401620288,20240613,IND,ATL,91,84,2024
401620289,20240613,DAL,SEA,84,92,2024
401620290,20240613,PHX,LV,99,103,2024
401620291,20240614,WSH,CHI,83,81,2024
401620292,20240614,MIN,LA,81,76,2024
401620293,20240615,DAL,CON,67,85,2024
401620294,20240615,LV,NY,82,90,2024
401620296,20240616,IND,CHI,91,83,2024
401620295,20240616,PHX,SEA,87,78,2024
401620297,20240616,ATL,LA,87,74,2024
401620298,20240617,MIN,DAL,90,78,2024
401620299,20240618,CON,LA,79,70,2024
401620300,20240618,PHX,NY,99,93,2024
401620301,20240619,IND,WSH,88,81,2024
401620302,20240619,MIN,ATL,68,55,2024
401620303,20240619,LV,SEA,94,83,2024
401620304,20240620,CHI,DAL,83,72,2024
401620305,20240620,NY,LA,93,80,2024
401620306,20240621,ATL,IND,79,91,2024
401620307,20240621,LV,CON,85,74,2024
401620308,20240622,WSH,DAL,97,69,2024
401620309,20240622,NY,LA,98,88,2024
401620310,20240622,MIN,PHX,73,60,2024
401620311,20240623,ATL,NY,75,96,2024
401620312,20240623,WSH,DAL,92,84,2024
401620314,20240623,SEA,CON,72,61,2024
401620313,20240623,CHI,IND,88,87,2024
401677672,20240625,NY,MIN,89,94,2024
401620315,20240627,DAL,MIN,94,88,2024
401620316,20240627,WSH,CON,91,94,2024
401620317,20240627,CHI,LV,83,95,2024
401620318,20240627,SEA,IND,89,77,2024
401620319,20240628,CON,ATL,74,78,2024
401620320,20240628,PHX,LA,92,78,2024
401620321,20240629,WSH,LV,77,88,2024
401620322,20240629,SEA,DAL,97,76,2024
401620323,20240630,NY,ATL,81,75,2024
401620324,20240630,CHI,MIN,62,70,2024
401620325,20240630,PHX,IND,82,88,2024
401620326,20240701,PHX,CON,72,83,2024
401620327,20240701,SEA,DAL,95,71,2024
401620328,20240702,NY,MIN,76,67,2024
401620329,20240702,ATL,CHI,77,85,2024
401620330,20240702,LV,IND,88,69,2024
401620331,20240702,LA,WSH,80,82,2024
401620332,20240703,DAL,PHX,96,104,2024
401620333,20240704,MIN,CON,73,78,2024
401620334,20240704,LV,WSH,98,77,2024
401620335,20240705,DAL,ATL,85,82,2024
401620336,20240705,LA,LV,98,93,2024
401620337,20240705,SEA,CHI,84,88,2024
401620338,20240706,IND,NY,83,78,2024
401620339,20240706,MIN,WSH,74,67,2024
401620340,20240707,CON,ATL,80,67,2024
401620341,20240707,LV,DAL,104,85,2024
401620342,20240707,SEA,CHI,84,71,2024
401620343,20240707,LA,PHX,78,84,2024
401620344,20240709,LA,MIN,67,82,2024
401620345,20240710,CON,NY,68,71,2024
401620346,20240710,IND,WSH,84,89,2024
401620347,20240710,CHI,ATL,78,69,2024
401620348,20240710,SEA,LV,79,84,2024
401620349,20240710,PHX,DAL,100,84,2024
401620350,20240711,NY,CHI,91,76,2024
401620351,20240712,ATL,LV,70,84,2024
401620352,20240712,IND,PHX,95,86,2024
401620353,20240712,SEA,MIN,91,63,2024
401620354,20240713,CHI,NY,67,81,2024
401620355,20240713,DAL,LA,81,87,2024
401620356,20240714,CON,PHX,96,69,2024
401620357,20240714,WSH,LV,77,89,2024
401620359,20240714,MIN,IND,74,81,2024
401620358,20240714,SEA,ATL,81,70,2024
401620360,20240716,WSH,PHX,87,96,2024
401620361,20240716,LA,SEA,83,89,2024
401620362,20240716,NY,CON,82,74,2024
401620363,20240716,LV,CHI,85,93,2024
401620364,20240717,MIN,ATL,86,79,2024
401620365,20240717,DAL,IND,101,93,2024
401620458,20240720,WNBASTARS,USA,117,109,2024
401620366,20240815,CHI,PHX,65,85,2024
401620367,20240815,MIN,WSH,79,68,2024
401620368,20240815,LA,NY,68,103,2024
401620369,20240816,ATL,SEA,83,81,2024
401620370,20240816,IND,PHX,98,89,2024
401620371,20240816,DAL,CON,91,109,2024
401620372,20240817,WSH,MIN,83,99,2024
401620373,20240817,LV,NY,67,79,2024
401620374,20240817,LA,CHI,86,90,2024
401620375,20240818,ATL,CON,82,70,2024
401620377,20240818,IND,SEA,92,75,2024
401620376,20240818,LV,LA,87,71,2024
401620378,20240818,PHX,CHI,86,68,2024
401620379,20240820,CON,LA,69,61,2024
401620380,20240820,NY,DAL,94,74,2024
401620381,20240820,WSH,SEA,77,83,2024
401620382,20240821,ATL,PHX,72,63,2024
401620383,20240821,LV,MIN,87,98,2024
401620384,20240822,NY,DAL,79,71,2024
401620385,20240823,ATL,PHX,80,82,2024
401620386,20240823,CON,CHI,82,80,2024
401620387,20240823,WSH,LA,80,74,2024
401620388,20240823,MIN,LV,87,74,2024
401620389,20240824,NY,CON,64,72,2024
401620390,20240824,MIN,IND,90,80,2024
401620391,20240825,CHI,LV,75,77,2024
401620392,20240825,DAL,LA,113,110,2024
401620393,20240826,ATL,IND,79,84,2024
401620394,20240826,PHX,NY,70,84,2024
401620395,20240826,SEA,WSH,72,74,2024
401620396,20240827,DAL,LV,93,90,2024
401620397,20240828,IND,CON,84,80,2024
401620398,20240828,CHI,WSH,70,74,2024
401620399,20240828,LA,NY,94,88,2024
401620400,20240828,PHX,MIN,76,89,2024
401620401,20240828,SEA,ATL,85,81,2024
401620402,20240830,CHI,IND,81,100,2024
401620403,20240830,DAL,MIN,94,76,2024
401620404,20240830,LV,ATL,83,72,2024
401620405,20240830,SEA,NY,85,98,2024
401620406,20240831,WSH,CON,85,96,2024
401620407,20240901,CON,SEA,93,86,2024
401620408,20240901,MIN,CHI,79,74,2024
401620409,20240901,DAL,IND,93,100,2024
401620411,20240901,PHX,LV,79,97,2024
401620410,20240901,LA,ATL,62,80,2024
401620412,20240903,CON,SEA,64,71,2024
401620413,20240903,DAL,WSH,86,90,2024
401620414,20240903,LV,CHI,90,71,2024
401620415,20240903,PHX,ATL,74,66,2024
401620416,20240904,IND,LA,93,86,2024
401620417,20240905,NY,SEA,77,70,2024
401620418,20240905,PHX,WSH,77,90,2024
401620419,20240906,ATL,DAL,107,96,2024
401620420,20240906,CON,LV,67,72,2024
401620421,20240906,IND,MIN,88,99,2024
401620422,20240906,CHI,LA,92,78,2024
401620423,20240907,SEA,PHX,90,66,2024
401620424,20240908,WSH,MIN,71,78,2024
401620425,20240908,IND,ATL,104,100,2024
401620426,20240908,NY,LV,75,71,2024
401620427,20240908,CHI,DAL,92,77,2024
401620428,20240908,LA,CON,67,79,2024
401620429,20240910,ATL,MIN,64,76,2024
401620430,20240910,DAL,NY,91,105,2024
401620431,20240910,LA,CON,66,86,2024
401620432,20240911,IND,LV,75,86,2024
401620433,20240911,CHI,WSH,58,89,2024
401620434,20240911,LA,SEA,82,90,2024
401620435,20240912,DAL,NY,67,99,2024
401620436,20240913,ATL,WSH,69,72,2024
401620437,20240913,IND,LV,74,78,2024
401620438,20240913,DAL,SEA,81,83,2024
401620439,20240913,MIN,CHI,83,66,2024
401620440,20240913,PHX,CON,69,88,2024
401620441,20240915,IND,DAL,110,109,2024
401620442,20240915,NY,MIN,79,88,2024
401620443,20240915,WSH,ATL,73,76,2024
401620444,20240915,CHI,PHX,88,93,2024
401620445,20240915,LV,CON,84,71,2024
401620446,20240915,SEA,LA,90,87,2024
401620447,20240917,CON,MIN,76,78,2024
401620448,20240917,WSH,NY,71,87,2024
401620449,20240917,ATL,CHI,86,70,2024
401620451,20240917,SEA,LV,72,85,2024
401620450,20240917,LA,PHX,81,85,2024
401620452,20240919,CON,CHI,87,54,2024
401620453,20240919,NY,ATL,67,78,2024
401620454,20240919,WSH,IND,92,91,2024
401620455,20240919,MIN,LA,51,68,2024
401620456,20240919,LV,DAL,98,84,2024
401620457,20240919,PHX,SEA,70,89,2024
401721255,20240922,NY,ATL,83,69,2024
401721253,20240922,CON,IND,93,69,2024
401721261,20240922,MIN,PHX,102,95,2024
401721256,20240922,LV,SEA,78,67,2024
401721258,20240924,NY,ATL,91,82,2024
401721262,20240924,LV,SEA,83,76,2024
401721254,20240925,CON,IND,87,81,2024
401721260,20240925,MIN,PHX,101,88,2024
401724938,20240929,NY,LV,87,77,2024
401725075,20240929,MIN,CON,70,73,2024
401724939,20241001,NY,LV,88,84,2024
401725076,20241001,MIN,CON,77,70,2024
401725077,20241004,CON,MIN,81,90,2024
401724940,20241004,LV,NY,95,81,2024
401724941,20241006,LV,NY,62,76,2024
401725078,20241006,CON,MIN,92,82,2024
401725079,20241008,MIN,CON,88,77,2024
401726988,20241010,NY,MIN,93,95,2024
401726989,20241013,NY,MIN,80,66,2024
401726990,20241016,MIN,NY,77,80,2024
401726991,20241018,MIN,NY,82,80,2024
401726992,20241020,NY,MIN,67,62,2024
401761558,20250502,LV,DAL,112,78,2025
401761346,20250502,CHI,BRZL,89,62,2025
401761353,20250503,IND,WSH,79,74,2025
401761354,20250504,IND,BRZL,108,44,2025
401761349,20250504,SEA,CON,79,59,2025
401761347,20250506,CHI,MIN,74,69,2025
401761351,20250506,GS,LA,82,83,2025
401761355,20250506,LV,PHX,85,84,2025
401761344,20250507,WSH,ATL,70,80,2025
401765028,20250509,NY,CON,86,94,2025
401761345,20250510,ATL,IND,76,81,2025
401761348,20250510,MIN,CHI,92,87,2025
401761350,20250510,DAL,TOY,119,52,2025
401761352,20250511,PHX,GS,79,84,2025
401765029,20250512,NY,TOY,84,61,2025
401736112,20250516,WSH,ATL,94,90,2025
401736113,20250516,DAL,MIN,84,99,2025
401736114,20250516,GS,LA,67,84,2025
401736116,20250517,NY,LV,92,78,2025
401736115,20250517,IND,CHI,93,58,2025
401736117,20250517,PHX,SEA,81,59,2025
401736118,20250518,CON,WSH,85,90,2025
401736119,20250518,LA,MIN,75,89,2025
401736120,20250519,DAL,SEA,71,79,2025
401736121,20250520,CON,LV,62,87,2025
401736122,20250520,IND,ATL,90,91,2025
401736123,20250521,MIN,DAL,85,81,2025
401736124,20250521,GS,WSH,76,74,2025
401736125,20250521,PHX,LA,89,86,2025
401736126,20250522,ATL,IND,76,81,2025
401736127,20250522,CHI,NY,74,99,2025
401736128,20250523,MIN,CON,76,70,2025
401736129,20250523,LV,WSH,75,72,2025
401736130,20250523,LA,GS,73,82,2025
401736131,20250523,SEA,PHX,77,70,2025
401736132,20250524,IND,NY,88,90,2025
401736133,20250524,ATL,DAL,83,75,2025
401736134,20250525,ATL,CON,79,55,2025
401736135,20250525,LA,CHI,91,78,2025
401736136,20250525,PHX,WSH,68,62,2025
401736137,20250525,SEA,LV,102,82,2025
401736138,20250527,CON,DAL,87,109,2025
401736139,20250527,NY,GS,95,67,2025
401736140,20250527,MIN,SEA,82,77,2025
401736141,20250527,LA,ATL,82,88,2025
401736142,20250527,PHX,CHI,94,89,2025
401736143,20250528,WSH,IND,83,77,2025
401736144,20250529,NY,GS,82,77,2025
401736145,20250529,CHI,DAL,97,92,2025
401736146,20250530,IND,CON,83,85,2025
401736147,20250530,WSH,NY,63,85,2025
401736148,20250530,LV,LA,96,81,2025
401736149,20250530,PHX,MIN,71,74,2025
401736150,20250530,SEA,ATL,87,94,2025
401736151,20250531,DAL,CHI,83,94,2025
401736152,20250601,NY,CON,100,52,2025
401736153,20250601,LA,PHX,80,85,2025
401736154,20250601,SEA,LV,70,75,2025
401736155,20250601,GS,MIN,75,86,2025
401736156,20250603,IND,WSH,85,76,2025
401736157,20250603,MIN,PHX,88,65,2025
401736158,20250603,SEA,DAL,83,77,2025
401736159,20250605,WSH,NY,78,86,2025
401736160,20250605,PHX,GS,86,77,2025
401736161,20250606,CON,ATL,84,76,2025
401736162,20250606,DAL,LA,79,93,2025
401736163,20250607,GS,LV,95,68,2025
401736164,20250607,CHI,IND,52,79,2025
401736165,20250607,PHX,SEA,77,89,2025
401736166,20250608,WSH,CON,104,67,2025
401736167,20250608,DAL,MIN,65,81,2025
401736168,20250609,LA,GS,81,89,2025
401736169,20250610,ATL,IND,77,58,2025
401736170,20250610,NY,CHI,85,66,2025
401736171,20250611,LV,LA,89,97,2025
401736172,20250611,PHX,DAL,93,80,2025
401736173,20250611,SEA,MIN,94,84,2025
401736174,20250613,ATL,CHI,88,70,2025
401736175,20250613,LV,DAL,88,84,2025
401736176,20250614,MIN,LA,101,78,2025
401736177,20250614,IND,NY,102,88,2025
401736178,20250614,GS,SEA,76,70,2025
401736182,20250617,IND,CON,88,71,2025
401736183,20250617,NY,ATL,86,81,2025
401736184,20250617,CHI,WSH,72,79,2025
401736185,20250617,DAL,GS,80,71,2025
401736186,20250617,MIN,LV,76,62,2025
401736187,20250617,LA,SEA,67,98,2025
401736188,20250618,CON,PHX,75,83,2025
401736189,20250619,NY,PHX,81,89,2025
401736190,20250619,GS,IND,88,77,2025
401736191,20250620,ATL,WSH,92,91,2025
401736192,20250620,CON,DAL,83,86,2025
401736193,20250620,LV,SEA,83,90,2025
401736194,20250621,CHI,PHX,86,107,2025
401736195,20250621,MIN,LA,82,66,2025
401736196,20250622,ATL,CHI,93,80,2025
401736197,20250622,WSH,DAL,91,88,2025
401736198,20250622,LV,IND,89,81,2025
401736199,20250622,SEA,NY,89,79,2025
401736200,20250622,GS,CON,87,63,2025
401736201,20250624,WSH,MIN,68,64,2025
401736202,20250624,CHI,LA,97,86,2025
401736203,20250624,DAL,ATL,68,55,2025
401736204,20250624,SEA,IND,86,94,2025
401736205,20250625,GS,NY,78,81,2025
401736206,20250625,LV,CON,85,59,2025
401736207,20250626,IND,LA,75,85,2025
401736208,20250626,LV,WSH,83,94,2025
401736209,20250627,ATL,MIN,92,96,2025
401736210,20250627,DAL,IND,86,94,2025
401736211,20250627,GS,CHI,83,78,2025
401736212,20250627,PHX,NY,106,91,2025
401736213,20250627,SEA,CON,97,81,2025
401736214,20250628,DAL,WSH,79,71,2025
401736215,20250629,ATL,NY,90,81,2025
401736216,20250629,LA,CHI,85,92,2025
401736217,20250629,PHX,LV,81,84,2025
401736218,20250629,MIN,CON,102,63,2025
401736219,20250629,GS,SEA,84,57,2025
401736430,20250701,MIN,IND,59,74,2025
401736220,20250703,IND,LV,81,54,2025
401736221,20250703,NY,LA,89,79,2025
401736222,20250703,ATL,SEA,79,80,2025
401736223,20250703,DAL,PHX,98,89,2025
401736224,20250703,MIN,WSH,92,75,2025
401736225,20250705,IND,LA,87,89,2025
401736226,20250705,MIN,GS,82,71,2025
401736228,20250706,NY,SEA,70,79,2025
401736227,20250706,CON,LV,68,86,2025
401736229,20250706,MIN,CHI,80,75,2025
401736230,20250707,ATL,GS,90,81,2025
401736231,20250707,PHX,DAL,102,72,2025
401736232,20250708,WSH,CHI,81,79,2025
401736233,20250708,NY,LV,87,78,2025
401736234,20250709,CON,SEA,93,83,2025
401736235,20250709,IND,GS,61,80,2025
401736236,20250709,PHX,MIN,79,71,2025
401736237,20250709,CHI,DAL,87,76,2025
401736238,20250710,LA,MIN,82,91,2025
401736239,20250710,WSH,LV,70,68,2025
401736240,20250711,IND,ATL,99,82,2025
401736241,20250711,SEA,CON,79,65,2025
401736242,20250712,CHI,MIN,87,81,2025
401736243,20250712,LV,GS,104,102,2025
401736244,20250713,IND,DAL,102,83,2025
401736245,20250713,NY,ATL,79,72,2025
401736246,20250713,LA,CON,92,88,2025
401736247,20250713,SEA,WSH,69,74,2025
401736248,20250714,CHI,MIN,78,91,2025
401736249,20250714,GS,PHX,77,78,2025
401736250,20250715,CON,IND,77,85,2025
401736251,20250715,LA,WSH,99,80,2025
401736252,20250716,CHI,ATL,49,86,2025
401736253,20250716,MIN,PHX,79,66,2025
401736254,20250716,SEA,GS,67,58,2025
401736255,20250716,NY,IND,98,77,2025
401736256,20250716,DAL,LV,86,90,2025
401781604,20250719,CLA,COL,131,151,2025
401736257,20250722,WSH,LA,86,93,2025
401736258,20250722,NY,IND,98,84,2025
401736259,20250722,MIN,CHI,91,68,2025
401736260,20250722,LV,ATL,87,72,2025
401736261,20250722,SEA,DAL,63,87,2025
401736262,20250723,PHX,ATL,79,90,2025
401736263,20250724,CON,LA,86,101,2025
401736264,20250724,IND,LV,80,70,2025
401736265,20250724,CHI,SEA,57,95,2025
401736266,20250725,NY,PHX,89,76,2025
401736267,20250725,MIN,LV,109,78,2025
401736268,20250725,GS,DAL,86,76,2025
401736270,20250726,NY,LA,99,101,2025
401736271,20250726,WSH,SEA,69,58,2025
401736272,20250727,CON,GS,95,64,2025
401736269,20250727,CHI,IND,78,93,2025
401736273,20250727,DAL,LV,80,106,2025
401736274,20250727,WSH,PHX,72,88,2025
401736275,20250727,MIN,ATL,86,90,2025
401736276,20250728,CON,SEA,85,101,2025
401736277,20250728,DAL,NY,92,82,2025
401736278,20250729,ATL,GS,75,77,2025
401736279,20250729,WSH,CHI,103,86,2025
401736280,20250729,LA,LV,74,89,2025
401736281,20250730,IND,PHX,107,101,2025
401736282,20250730,DAL,ATL,85,88,2025
401736283,20250730,MIN,NY,100,93,2025
401736284,20250731,WSH,GS,67,68,2025
401736285,20250801,ATL,PHX,95,72,2025
401736286,20250801,CON,NY,78,62,2025
401736287,20250801,CHI,GS,66,73,2025
401736288,20250801,DAL,IND,78,88,2025
401736289,20250801,SEA,LA,106,108,2025
401736290,20250802,LV,MIN,58,111,2025
401736292,20250803,CON,NY,78,87,2025
401736291,20250803,ATL,WSH,99,83,2025
401736295,20250803,SEA,IND,74,78,2025
401736293,20250803,CHI,PHX,67,83,2025
401736294,20250803,LV,GS,101,77,2025
401736296,20250805,NY,DAL,85,76,2025
401736297,20250805,CHI,WSH,78,64,2025
401736298,20250805,LA,IND,100,91,2025
401736299,20250805,PHX,CON,82,66,2025
401736300,20250805,SEA,MIN,87,91,2025
401736301,20250806,GS,LV,72,78,2025
401736302,20250807,CHI,ATL,65,86,2025
401736303,20250807,LA,CON,102,91,2025
401736304,20250807,PHX,IND,95,60,2025
401736305,20250808,DAL,NY,77,88,2025
401736306,20250808,MIN,WSH,80,76,2025
401736307,20250808,LV,SEA,90,86,2025
401736309,20250809,IND,CHI,92,70,2025
401736308,20250809,GS,LA,72,59,2025
401736310,20250810,NY,MIN,71,83,2025
401736311,20250810,DAL,WSH,78,91,2025
401736313,20250810,PHX,ATL,66,74,2025
401736312,20250810,LA,SEA,94,91,2025
401736314,20250810,LV,CON,94,86,2025
401736315,20250811,GS,CON,74,57,2025
401736316,20250812,IND,DAL,80,81,2025
401736317,20250812,LA,NY,97,105,2025
401736318,20250813,CON,CHI,71,62,2025
401736319,20250813,WSH,GS,83,88,2025
401736320,20250813,LV,NY,83,77,2025
401736321,20250813,SEA,ATL,75,85,2025
401736322,20250815,IND,WSH,84,88,2025
401736323,20250815,CHI,GS,59,90,2025
401736324,20250815,DAL,LA,96,97,2025
401736325,20250815,ATL,SEA,78,80,2025
401736326,20250815,PHX,LV,83,86,2025
401736327,20250816,MIN,NY,86,80,2025
401736329,20250817,CON,IND,93,99,2025
401736328,20250817,WSH,LA,95,86,2025
401736330,20250817,LV,DAL,106,87,2025
401736331,20250817,SEA,PHX,82,85,2025
401736332,20250817,GS,ATL,63,79,2025
401736333,20250819,NY,MIN,85,75,2025
401736334,20250819,WSH,CON,69,80,2025
401736335,20250819,CHI,SEA,88,94,2025
401736336,20250819,LV,ATL,74,72,2025
401736337,20250819,GS,PHX,91,98,2025
401736338,20250820,LA,DAL,81,80,2025
401736339,20250821,CON,WSH,67,56,2025
401736340,20250821,NY,CHI,85,91,2025
401736341,20250821,ATL,MIN,75,73,2025
401736342,20250821,LV,PHX,83,61,2025
401736343,20250822,IND,MIN,90,95,2025
401736344,20250822,DAL,SEA,60,95,2025
401736345,20250822,PHX,GS,81,72,2025
401736346,20250823,ATL,NY,78,62,2025
401736347,20250823,WSH,LV,81,91,2025
401736348,20250823,CHI,CON,84,94,2025
401736349,20250824,WSH,SEA,82,84,2025
401736350,20250824,DAL,GS,81,90,2025
401736351,20250824,MIN,IND,97,84,2025
401736352,20250825,NY,CON,81,79,2025
401736353,20250825,CHI,LV,74,79,2025
401736354,20250826,IND,SEA,95,75,2025
401736355,20250826,LA,PHX,84,92,2025
401736356,20250827,ATL,LV,75,81,2025
401736357,20250827,DAL,CON,95,101,2025
401736358,20250828,NY,WSH,89,63,2025
401736359,20250828,MIN,SEA,79,93,2025
401736360,20250828,PHX,CHI,83,79,2025
401736361,20250829,ATL,DAL,100,78,2025
401736362,20250829,LA,IND,75,76,2025
401736363,20250830,CON,MIN,70,94,2025
401736364,20250830,GS,WSH,99,62,2025
401736365,20250830,SEA,CHI,79,69,2025
401736366,20250830,PHX,NY,80,63,2025
401736367,20250831,LA,WSH,81,78,2025
401736368,20250831,GS,IND,75,63,2025
401736369,20250901,CON,ATL,76,93,2025
401736370,20250901,MIN,DAL,96,71,2025
401736371,20250901,SEA,LA,85,91,2025
401736372,20250902,GS,NY,66,58,2025
401736373,20250902,PHX,IND,85,79,2025
401736374,20250903,ATL,LA,86,75,2025
401736375,20250903,CHI,CON,88,64,2025
401736376,20250904,WSH,PHX,69,75,2025
401736377,20250904,GS,DAL,84,80,2025
401736378,20250904,LV,MIN,97,87,2025
401736379,20250905,ATL,LA,104,85,2025
401736380,20250905,IND,CHI,97,77,2025
401736381,20250905,SEA,NY,76,84,2025
401736382,20250906,CON,PHX,87,84,2025
401736383,20250906,GS,MIN,72,78,2025
401736384,20250907,WSH,IND,65,94,2025
401736385,20250907,LA,DAL,91,77,2025
401736386,20250907,LV,CHI,80,66,2025
401736387,20250908,ATL,CON,87,62,2025
401736388,20250909,NY,WSH,75,66,2025
401736389,20250909,IND,MIN,83,72,2025
401736390,20250909,LV,CHI,92,61,2025
401736391,20250909,PHX,LA,83,88,2025
401736392,20250909,SEA,GS,74,73,2025
401736393,20250910,CON,ATL,72,88,2025
401736394,20250911,CHI,NY,86,91,2025
401736395,20250911,DAL,PHX,97,76,2025
401736396,20250911,MIN,GS,72,53,2025
401736397,20250911,LA,LV,75,103,2025
401820272,20250914,MIN,GS,101,72,2025
401820313,20250914,ATL,IND,80,68,2025
401820314,20250914,PHX,NY,69,76,2025
401820315,20250914,LV,SEA,102,77,2025
401820316,20250916,IND,ATL,77,60,2025
401820317,20250916,SEA,LV,86,83,2025
401820318,20250917,NY,PHX,60,86,2025
401820319,20250917,GS,MIN,74,75,2025
401820320,20250918,ATL,IND,85,87,2025
401820321,20250918,LV,SEA,74,73,2025
401820324,20250919,PHX,NY,79,73,2025
401820327,20250921,LV,IND,73,89,2025
401820328,20250921,MIN,PHX,82,69,2025
401820330,20250923,MIN,PHX,83,89,2025
401820331,20250923,LV,IND,90,68,2025
401820334,20250926,IND,LV,72,84,2025
401820333,20250926,PHX,MIN,84,76,2025
401820337,20250928,IND,LV,90,83,2025
401820338,20250928,PHX,MIN,86,81,2025
401820340,20250930,LV,IND,107,98,2025
401820322,20251003,LV,PHX,89,86,2025
401820325,20251005,LV,PHX,91,78,2025
401820326,20251008,PHX,LV,88,90,2025
401820329,20251010,PHX,LV,86,97,2025
401867793,20260501,MIN,TOR,73,66,2026
401867794,20260502,IND,NIGER,105,57,2026
401867795,20260503,ATL,WSH,72,83,2026
401866519,20260503,CON,NY,67,79,2026
401866520,20260503,DAL,LV,101,84,2026
401866521,20260503,POR,LA,75,85,2026
401856890,20260508,NY,CON,106,75,2026
401856891,20260508,TOR,WSH,65,68,2026
401856892,20260508,SEA,GS,80,91,2026
401856893,20260509,IND,DAL,104,107,2026
401856894,20260509,LV,PHX,66,99,2026
401856899,20260509,MIN,ATL,90,91,2026
401856895,20260509,POR,CHI,83,98,2026
401856896,20260510,CON,SEA,82,89,2026
401856897,20260510,WSH,NY,93,98,2026
401856898,20260510,LA,LV,78,105,2026
401856900,20260510,GS,PHX,95,79,2026
401856901,20260512,DAL,ATL,72,77,2026
401856902,20260512,PHX,MIN,84,88,2026
401856903,20260512,POR,NY,98,96,2026
401856904,20260513,TOR,SEA,86,73,2026
401856905,20260513,CON,LV,69,98,2026
401856906,20260513,GS,CHI,63,69,2026
401856907,20260513,LA,IND,78,87,2026
401856908,20260514,DAL,MIN,86,90,2026
401856909,20260514,POR,NY,82,100,2026
401856910,20260515,CON,LV,94,101,2026
401856911,20260515,IND,WSH,102,104,2026
401856912,20260515,LA,TOR,99,95,2026
401856913,20260515,PHX,CHI,91,83,2026
401856915,20260517,ATL,LV,84,85,2026
401856916,20260517,IND,SEA,89,78,2026
401856914,20260517,MIN,CHI,79,86,2026
401856917,20260517,LA,TOR,96,106,2026
401856918,20260518,DAL,WSH,92,69,2026
401856919,20260518,POR,CON,83,82,2026
401856920,20260519,PHX,TOR,90,98,2026
401856921,20260520,IND,POR,90,73,2026
401856922,20260520,CHI,DAL,89,99,2026
401856923,20260520,SEA,CON,78,80,2026
401856924,20260521,NY,GS,70,87,2026
401856925,20260521,MIN,TOR,100,72,2026
401856926,20260521,PHX,LA,88,97,2026
401856927,20260522,ATL,DAL,86,69,2026
401856928,20260522,IND,GS,90,82,2026
401856929,20260522,SEA,CON,77,59,2026
401856930,20260523,CHI,MIN,75,85,2026
401856931,20260523,TOR,POR,80,99,2026
401856932,20260523,LV,LA,95,101,2026
401856933,20260524,ATL,PHX,82,80,2026
401856934,20260524,NY,DAL,76,91,2026
401856935,20260524,SEA,WSH,97,85,2026
401856936,20260525,NY,POR,74,81,2026
401856937,20260525,GS,CON,97,70,2026
401856938,20260527,NY,PHX,84,74,2026
401856939,20260527,CHI,TOR,104,111,2026
401856940,20260527,MIN,ATL,96,81,2026
401856941,20260527,POR,CON,71,61,2026
401856942,20260527,SEA,WSH,64,78,2026
401856943,20260528,DAL,LV,95,87,2026
401856944,20260528,GS,IND,90,88,2026
401856945,20260529,NY,PHX,75,68,2026
401856946,20260529,WSH,LA,87,92,2026
401856947,20260529,CHI,MIN,58,79,2026
401856948,20260529,POR,ATL,66,86,2026
401856949,20260530,TOR,SEA,93,72,2026
401856950,20260530,CON,LA,84,81,2026
401856951,20260530,POR,IND,100,84,2026
401856952,20260531,GS,LV,81,91,2026
401856953,20260601,DAL,SEA,79,56,2026
401856954,20260601,PHX,MIN,77,111,2026
401856955,20260602,ATL,CON,91,75,2026
401856956,20260602,WSH,CHI,90,72,2026
401856957,20260602,GS,POR,95,77,2026
401856958,20260602,LA,LV,69,79,2026
401856959,20260603,NY,TOR,97,82,2026
401856960,20260603,SEA,PHX,68,72,2026
401856961,20260604,IND,ATL,83,71,2026
401856962,20260604,MIN,GS,87,84,2026
401856963,20260605,CHI,CON,85,80,2026
401856964,20260605,LA,DAL,96,104,2026
401856965,20260605,POR,PHX,72,78,2026
401856966,20260606,MIN,SEA,88,68,2026
401856967,20260606,LV,GS,84,79,2026
401856968,20260606,ATL,WSH,109,77,2026
401856969,20260606,NY,IND,83,75,2026
401856970,20260607,TOR,CHI,85,68,2026
401856971,20260607,LA,POR,89,72,2026
401856972,20260608,CON,NY,80,89,2026
401856973,20260608,WSH,IND,76,78,2026
401856974,20260608,LV,SEA,101,91,2026
401856975,20260609,CHI,ATL,75,82,2026
401856976,20260609,MIN,DAL,100,76,2026
401856977,20260609,GS,PHX,87,81,2026
401856978,20260610,TOR,CON,106,102,2026
401856979,20260610,SEA,LA,83,88,2026
401856980,20260611,IND,CHI,114,106,2026
401856981,20260611,ATL,NY,90,104,2026
401856982,20260611,DAL,PHX,85,70,2026
401856983,20260611,POR,LV,89,105,2026
401856984,20260612,WSH,TOR,86,85,2026
401856985,20260612,SEA,GS,72,76,2026
401856986,20260613,CON,IND,75,85,2026
401856987,20260613,LV,MIN,100,97,2026
401856988,20260613,POR,DAL,84,83,2026
401856989,20260613,PHX,LA,102,111,2026
401856990,20260614,NY,WSH,86,64,2026
401856991,20260614,TOR,ATL,77,102,2026
401856992,20260615,DAL,LV,96,66,2026
401856993,20260615,MIN,POR,107,74,2026
401856994,20260615,GS,LA,78,58,2026
401856995,20260616,IND,TOR,113,91,2026
401856996,20260617,CON,WSH,81,88,2026
401856997,20260617,CHI,NY,95,96,2026
401856998,20260617,GS,DAL,91,80,2026
401856999,20260617,LA,MIN,83,99,2026
401857000,20260617,PHX,LV,76,86,2026
401857001,20260617,POR,SEA,94,89,2026
401857002,20260618,IND,ATL,101,108,2026
401857003,20260619,CON,TOR,97,101,2026
401857004,20260619,NY,WSH,83,86,2026
401857005,20260619,GS,MIN,75,81,2026
401857006,20260620,ATL,IND,113,96,2026
401857007,20260620,PHX,SEA,93,73,2026
401857008,20260620,DAL,CHI,93,92,2026
401857009,20260621,LV,GS,92,73,2026
401857010,20260621,MIN,WSH,79,84,2026
401857011,20260621,LA,NY,98,97,2026
401857012,20260622,CON,CHI,92,63,2026
401857013,20260622,ATL,TOR,94,87,2026
401857014,20260622,IND,PHX,86,77,2026
401857015,20260622,SEA,DAL,110,112,2026
401857016,20260623,LV,NY,76,87,2026
401857017,20260624,IND,PHX,109,111,2026
401857018,20260624,WSH,MIN,76,78,2026
401857019,20260624,CHI,POR,101,78,2026
401857020,20260624,GS,ATL,77,66,2026
401857021,20260625,TOR,LA,125,97,2026
401857022,20260625,LV,DAL,99,84,2026
401857023,20260625,SEA,NY,99,88,2026
401857024,20260626,CON,WSH,68,57,2026
401857025,20260626,CHI,POR,124,94,2026
401857026,20260626,GS,ATL,78,75,2026
401857027,20260627,TOR,PHX,80,89,2026
401857028,20260627,IND,LA,111,87,2026
401857029,20260627,SEA,ATL,105,90,2026
401857030,20260628,DAL,MIN,77,85,2026
401857031,20260628,WSH,POR,124,123,2026
401857032,20260628,CHI,LV,99,107,2026
401857033,20260628,GS,NY,76,67,2026
401857321,20260630,NY,LV,93,85,2026
401857034,20260702,WSH,ATL,81,76,2026
401857035,20260702,CON,DAL,83,86,2026
401857036,20260702,PHX,SEA,90,67,2026
401857037,20260703,NY,MIN,99,86,2026
401857038,20260703,LV,CHI,98,90,2026
401857039,20260704,ATL,GS,83,88,2026
401857040,20260704,SEA,POR,72,77,2026
401857041,20260705,TOR,DAL,76,89,2026
401857042,20260705,LV,IND,68,84,2026
401857043,20260706,WSH,GS,49,62,2026
401857044,20260706,MIN,CON,89,90,2026
401857045,20260706,LA,SEA,64,82,2026
401857046,20260707,NY,DAL,77,88,2026
401857047,20260707,PHX,CHI,66,77,2026
401857048,20260708,TOR,GS,75,83,2026
401857049,20260708,CON,MIN,80,86,2026
401857050,20260708,LA,IND,106,92,2026
401857051,20260709,ATL,SEA,89,78,2026
401857052,20260709,PHX,IND,89,92,2026
401857053,20260709,POR,LV,80,88,2026
401857054,20260710,CON,GS,64,79,2026
401857055,20260710,TOR,DAL,95,108,2026
401857056,20260710,LA,CHI,102,87,2026
401507167,20230607,NY,MIN,0,0,2023
401507167,20230607,NY,MIN,0,0,2023
401507167,20230607,NY,MIN,0,0,2023
401857057,20260711,MIN,NY,90,85,2026
401857059,20260711,ATL,POR,92,102,2026
401507167,20230607,NY,MIN,0,0,2023
401857058,20260711,LV,PHX,106,58,2026
401507167,20230607,NY,MIN,0,0,2023
401857060,20260712,TOR,NY,93,91,2026
401857061,20260712,WSH,SEA,84,79,2026
401507167,20230607,NY,MIN,0,0,2023
401857062,20260712,DAL,CHI,96,91,2026
401857063,20260712,LV,IND,75,109,2026
401507167,20230607,NY,MIN,0,0,2023
401507167,20230607,NY,MIN,0,0,2023
401857064,20260713,ATL,LA,101,92,2026
401857065,20260713,MIN,PHX,104,100,2026
401857066,20260714,CON,POR,90,87,2026
401507167,20230607,NY,MIN,0,0,2023
401507167,20230607,NY,MIN,0,0,2023
401857067,20260714,TOR,WSH,62,79,2026
401857068,20260715,CHI,SEA,95,90,2026
401507167,20230607,NY,MIN,0,0,2023
401857069,20260715,MIN,LA,96,87,2026
401507167,20230607,NY,MIN,0,0,2023
401857070,20260715,IND,GS,75,88,2026
401857072,20260716,DAL,NY,0,0,2026
401507167,20230607,NY,MIN,0,0,2023
401857072,20260716,DAL,NY,0,0,2026
401507167,20230607,NY,MIN,0,0,2023
401857071,20260716,WSH,POR,56,75,2026
401857072,20260716,DAL,NY,0,0,2026
401507167,20230607,NY,MIN,0,0,2023
401857072,20260716,DAL,NY,0,0,2026
401507167,20230607,NY,MIN,0,0,2023
401857072,20260716,DAL,NY,0,0,2026
401857073,20260717,IND,SEA,110,107,2026
401857074,20260717,TOR,ATL,92,111,2026
401857075,20260717,CHI,LA,96,82,2026
401857076,20260717,PHX,CON,83,96,2026
401507167,20230607,NY,MIN,0,0,2023
401857072,20260716,DAL,NY,0,0,2026
401507167,20230607,NY,MIN,0,0,2023
401857072,20260716,DAL,NY,0,0,2026
401857077,20260718,IND,NY,108,88,2026
401857078,20260718,MIN,POR,101,93,2026
401857079,20260718,GS,WSH,74,69,2026
401507167,20230607,NY,MIN,0,0,2023
401857072,20260716,DAL,NY,0,0,2026
401857080,20260719,DAL,LA,90,82,2026
401857081,20260719,ATL,CHI,93,91,2026
401507167,20230607,NY,MIN,0,0,2023
401857072,20260716,DAL,NY,0,0,2026
401857082,20260719,PHX,CON,72,63,2026
401507167,20230607,NY,MIN,0,0,2023
401857072,20260716,DAL,NY,0,0,2026
401507167,20230607,NY,MIN,0,0,2023
401857072,20260716,DAL,NY,0,0,2026
401857083,20260720,TOR,LV,83,109,2026
401892393,20260720,DAL,NY,98,99,2026
401857084,20260720,GS,WSH,82,90,2026
401857085,20260720,SEA,MIN,102,105,2026
401507167,20230607,NY,MIN,0,0,2023
401857072,20260716,DAL,NY,0,0,2026
401507167,20230607,NY,MIN,0,0,2023
401857072,20260716,DAL,NY,0,0,2026
401507167,20230607,NY,MIN,0,0,2023
401857072,20260716,DAL,NY,0,0,2026
401857086,20260722,LA,PHX,82,86,2026
401857087,20260722,SEA,MIN,76,86,2026
401507167,20230607,NY,MIN,0,0,2023
401857072,20260716,DAL,NY,0,0,2026
401857088,20260722,NY,CHI,95,94,2026
401857089,20260722,WSH,LV,100,99,2026
401857090,20260722,IND,CON,123,88,2026
401857091,20260722,POR,DAL,97,101,2026
401507167,20230607,NY,MIN,0,0,2023
401857072,20260716,DAL,NY,0,0,2026
401507167,20230607,NY,MIN,0,0,2023
401857072,20260716,DAL,NY,0,0,2026
401507167,20230607,NY,MIN,0,0,2023
401857072,20260716,DAL,NY,0,0,2026
401507167,20230607,NY,MIN,0,0,2023
401857072,20260716,DAL,NY,0,0,2026
401507167,20230607,NY,MIN,0,0,2023
401857072,20260716,DAL,NY,0,0,2026
401507167,20230607,NY,MIN,0,0,2023
401857072,20260716,DAL,NY,0,0,2026
401857320,20260725,COOP,SPO,122,129,2026
401507167,20230607,NY,MIN,0,0,2023
401857072,20260716,DAL,NY,0,0,2026
401507167,20230607,NY,MIN,0,0,2023
401857072,20260716,DAL,NY,0,0,2026
401507167,20230607,NY,MIN,0,0,2023
401857072,20260716,DAL,NY,0,0,2026
401507167,20230607,NY,MIN,0,0,2023
401857072,20260716,DAL,NY,0,0,2026
401507167,20230607,NY,MIN,0,0,2023
401857072,20260716,DAL,NY,0,0,2026
401507167,20230607,NY,MIN,0,0,2023
401857072,20260716,DAL,NY,0,0,2026
401857092,20260728,WSH,CON,92,84,2026
401857093,20260728,MIN,TOR,100,93,2026
401857094,20260728,SEA,IND,95,105,2026
401857095,20260728,LV,POR,98,83,2026
401857096,20260728,LA,NY,109,113,2026
401507167,20230607,NY,MIN,0,0,2023
401857072,20260716,DAL,NY,0,0,2026
401507167,20230607,NY,MIN,0,0,2023
401857072,20260716,DAL,NY,0,0,2026
401857097,20260729,DAL,ATL,81,82,2026
401857098,20260729,PHX,GS,91,89,2026
401507167,20230607,NY,MIN,0,0,2023
401857072,20260716,DAL,NY,0,0,2026
401507167,20230607,NY,MIN,0,0,2023
401857072,20260716,DAL,NY,0,0,2026
401857099,20260730,TOR,MIN,72,104,2026
401857100,20260730,CHI,CON,94,88,2026
401857101,20260730,LV,NY,104,99,2026
401507167,20230607,NY,MIN,0,0,2023
401857072,20260716,DAL,NY,0,0,2026
401507167,20230607,NY,MIN,0,0,2023
401857072,20260716,DAL,NY,0,0,2026
401857102,20260731,ATL,SEA,98,89,2026
401857103,20260731,WSH,DAL,81,75,2026
401857104,20260731,POR,IND,98,112,2026
401507167,20230607,NY,MIN,0,0,2023
401857072,20260716,DAL,NY,0,0,2026
401857105,20260801,CHI,LV,84,83,2026
401857106,20260801,PHX,NY,92,94,2026
401129933,20190509,NY,CHINA,89,71,2019
401129934,20190510,MIN,WSH,86,79,2019
401129935,20190511,PHX,LA,82,75,2019
401129936,20190513,ATL,DAL,82,59,2019
401129937,20190513,CON,NY,100,66,2019
401129938,20190514,CHI,IND,58,69,2019
401129939,20190514,ATL,NY,92,87,2019
401129940,20190514,CON,DAL,67,71,2019
401129941,20190515,SEA,PHX,84,87,2019
401129942,20190516,IND,CHI,76,65,2019
401129943,20190517,ATL,WSH,64,75,2019
401129944,20190517,LA,SEA,92,85,2019
401129945,20190519,NY,CON,79,98,2019
401129946,20190519,DAL,IND,66,71,2019
401129947,20190519,LV,MIN,75,79,2019
401104913,20190524,ATL,DAL,76,72,2019
401104914,20190524,NY,IND,80,81,2019
401104915,20190525,SEA,PHX,77,68,2019
401104916,20190525,CON,WSH,84,69,2019
401104917,20190525,MIN,CHI,89,71,2019
401104918,20190526,LV,LA,83,70,2019
401104919,20190528,CON,IND,88,77,2019
401104920,20190529,MIN,SEA,72,61,2019
401104921,20190531,ATL,SEA,66,82,2019
401104922,20190531,PHX,LV,86,84,2019
401104923,20190531,LA,CON,77,70,2019
401104924,20190601,IND,NY,92,77,2019
401104925,20190601,WSH,ATL,96,75,2019
401104926,20190601,CHI,SEA,83,79,2019
401104927,20190601,DAL,MIN,67,70,2019
401104928,20190602,LV,CON,74,80,2019
401104929,20190604,NY,LA,73,78,2019
401104930,20190604,SEA,MIN,84,77,2019
401104931,20190605,WSH,CHI,103,85,2019
401104932,20190606,ATL,LV,69,92,2019
401104933,20190606,CON,LA,89,77,2019
401104934,20190606,MIN,PHX,58,56,2019
401104935,20190607,IND,DAL,79,64,2019
401104936,20190607,NY,WSH,85,94,2019
401104937,20190608,MIN,LA,85,89,2019
401104938,20190609,ATL,CON,59,65,2019
401104939,20190609,NY,LV,88,78,2019
401104940,20190609,WSH,DAL,86,62,2019
401104941,20190609,IND,PHX,87,94,2019
401104942,20190609,CHI,SEA,78,71,2019
401104943,20190611,CON,WSH,83,75,2019
401104944,20190611,IND,SEA,82,84,2019
401104945,20190611,CHI,PHX,82,75,2019
401104946,20190612,NY,MIN,75,69,2019
401104947,20190613,DAL,IND,72,76,2019
401104948,20190614,WSH,SEA,71,74,2019
401104949,20190614,MIN,CON,81,85,2019
401104950,20190614,PHX,LA,68,85,2019
401104951,20190614,LV,NY,100,65,2019
401104952,20190615,IND,CHI,64,70,2019
401104953,20190615,DAL,ATL,71,61,2019
401104954,20190615,LA,NY,92,98,2019
401104955,20190616,CON,SEA,81,67,2019
401104956,20190616,MIN,LV,75,80,2019
401104957,20190618,LA,WSH,52,81,2019
401104958,20190619,ATL,IND,88,78,2019
401104959,20190619,NY,CHI,83,91,2019
401104960,20190620,DAL,PHX,69,54,2019
401104961,20190620,LV,WSH,72,95,2019
401104962,20190621,CON,ATL,86,76,2019
401104963,20190621,CHI,IND,69,76,2019
401104964,20190621,SEA,LA,84,62,2019
401104965,20190622,MIN,NY,92,83,2019
401104966,20190622,LV,DAL,86,68,2019
401104967,20190623,ATL,WSH,73,89,2019
401104968,20190623,CHI,CON,93,75,2019
401104969,20190623,PHX,LA,82,72,2019
401104970,20190623,SEA,IND,65,61,2019
401104971,20190625,IND,MIN,74,78,2019
401104972,20190625,LV,SEA,60,56,2019
401104973,20190626,CHI,WSH,74,81,2019
401104974,20190626,DAL,CON,74,73,2019
401104975,20190627,LA,LV,86,74,2019
401104976,20190628,NY,DAL,69,68,2019
401104977,20190628,PHX,IND,91,69,2019
401104978,20190628,SEA,CHI,79,76,2019
401104979,20190629,WSH,CON,102,59,2019
401104980,20190629,LV,IND,102,97,2019
401104981,20190630,ATL,NY,58,74,2019
401104982,20190630,DAL,MIN,89,86,2019
401104983,20190630,LA,CHI,94,69,2019
401104984,20190630,SEA,PHX,67,69,2019
401104985,20190702,LV,CHI,90,82,2019
401104986,20190702,MIN,ATL,85,68,2019
401104987,20190703,SEA,NY,83,84,2019
401104988,20190705,DAL,IND,56,76,2019
401104989,20190705,PHX,NY,76,80,2019
401104990,20190705,SEA,ATL,66,77,2019
401104992,20190706,CON,MIN,71,74,2019
401104993,20190707,NY,LV,58,90,2019
401104994,20190707,LA,WSH,98,81,2019
401104995,20190707,CHI,DAL,78,66,2019
401104996,20190707,PHX,ATL,65,63,2019
401104997,20190709,DAL,LA,74,62,2019
401104998,20190710,ATL,CON,78,75,2019
401104999,20190710,WSH,PHX,68,91,2019
401105000,20190710,IND,LV,71,74,2019
401105001,20190710,CHI,MIN,72,73,2019
401105002,20190712,IND,LA,84,90,2019
401105003,20190712,ATL,MIN,60,53,2019
401105004,20190712,CON,PHX,79,64,2019
401105005,20190712,CHI,NY,99,83,2019
401105006,20190712,SEA,DAL,95,81,2019
401105007,20190713,WSH,LV,81,85,2019
401105008,20190714,ATL,LA,71,76,2019
401105009,20190714,IND,CON,63,76,2019
401105010,20190714,DAL,CHI,79,89,2019
401105011,20190714,MIN,PHX,75,62,2019
401105012,20190714,SEA,NY,78,69,2019
401105013,20190717,CHI,ATL,77,76,2019
401105014,20190717,PHX,DAL,69,64,2019
401105015,20190717,MIN,SEA,79,90,2019
401105016,20190718,LA,DAL,69,64,2019
401105017,20190719,IND,WSH,88,95,2019
401105018,20190719,CON,ATL,98,69,2019
401105019,20190719,SEA,LV,69,66,2019
401105020,20190720,NY,LA,83,78,2019
401105021,20190720,DAL,PHX,66,70,2019
401105022,20190721,WSH,ATL,93,65,2019
401105023,20190721,CHI,IND,78,70,2019
401105024,20190721,LV,MIN,79,74,2019
401105025,20190723,ATL,LA,66,78,2019
401105026,20190723,LV,SEA,79,62,2019
401105027,20190723,PHX,IND,95,77,2019
401105028,20190724,CON,NY,70,63,2019
401105029,20190724,MIN,WSH,71,79,2019
401151757,20190727,WIL,DEL,129,126,2019
401105030,20190730,CON,CHI,100,94,2019
401105031,20190730,WSH,PHX,99,93,2019
401105032,20190730,LV,DAL,86,54,2019
401105033,20190731,IND,ATL,61,59,2019
401105034,20190801,CON,PHX,68,62,2019
401105035,20190801,DAL,NY,87,64,2019
401105036,20190801,LA,LV,76,68,2019
401105037,20190802,SEA,WSH,79,99,2019
401105038,20190803,ATL,CHI,75,87,2019
401105039,20190803,IND,MIN,86,75,2019
401105040,20190803,DAL,LV,70,75,2019
401105041,20190804,NY,CON,79,94,2019
401105042,20190804,LA,SEA,83,75,2019
401105043,20190804,PHX,WSH,103,82,2019
401156333,20190805,LV,WSH,70,99,2019
401105044,20190806,ATL,MIN,69,85,2019
401105045,20190807,CHI,NY,101,92,2019
401105046,20190808,WSH,IND,91,78,2019
401105047,20190808,LA,PHX,84,74,2019
401105048,20190808,SEA,DAL,69,57,2019
401105049,20190809,MIN,CON,89,57,2019
401105050,20190809,LV,CHI,84,87,2019
401105051,20190810,IND,ATL,87,82,2019
401105052,20190810,PHX,DAL,77,80,2019
401105053,20190811,NY,SEA,69,84,2019
401105054,20190811,WSH,MIN,101,78,2019
401105055,20190811,LA,CHI,84,81,2019
401105056,20190811,LV,CON,89,81,2019
401105057,20190813,NY,MIN,73,89,2019
401105058,20190813,LV,ATL,94,90,2019
401105059,20190814,WSH,SEA,88,59,2019
401105060,20190814,DAL,LA,84,78,2019
401105061,20190814,PHX,CON,71,78,2019
401105062,20190816,CON,SEA,79,78,2019
401105063,20190816,CHI,LA,91,81,2019
401105064,20190816,DAL,NY,83,77,2019
401105065,20190816,MIN,WSH,79,86,2019
401105066,20190816,PHX,ATL,77,68,2019
401105067,20190818,CON,DAL,78,68,2019
401105068,20190818,WSH,IND,107,68,2019
401105069,20190818,CHI,LV,85,100,2019
401105070,20190818,PHX,NY,78,72,2019
401105071,20190818,SEA,MIN,82,74,2019
401105072,20190820,ATL,CHI,83,87,2019
401105073,20190820,IND,NY,76,82,2019
401105074,20190820,LV,PHX,84,79,2019
401105075,20190820,LA,MIN,81,71,2019
401105076,20190822,MIN,DAL,86,70,2019
401105077,20190822,LA,IND,98,65,2019
401105078,20190823,CON,LV,89,85,2019
401105079,20190823,NY,ATL,87,90,2019
401105080,20190823,CHI,WSH,85,78,2019
401105081,20190825,WSH,NY,101,72,2019
401105082,20190825,DAL,ATL,73,77,2019
401105083,20190825,LA,CON,84,72,2019
401105084,20190825,PHX,CHI,86,94,2019
401105085,20190825,MIN,LV,98,77,2019
401105086,20190825,SEA,IND,54,63,2019
401105087,20190827,IND,LV,86,71,2019
401105088,20190827,NY,PHX,82,95,2019
401105089,20190827,WSH,LA,95,66,2019
401105090,20190827,MIN,CHI,93,85,2019
401105091,20190827,SEA,CON,70,89,2019
401105092,20190829,IND,LA,83,87,2019
401105094,20190829,ATL,PHX,58,65,2019
401105093,20190829,CHI,DAL,83,88,2019
401105095,20190830,NY,CON,84,94,2019
401105096,20190831,DAL,WSH,85,91,2019
401105097,20190831,LV,LA,92,86,2019
401105098,20190901,CHI,PHX,105,78,2019
401105099,20190901,MIN,IND,81,73,2019
401105100,20190901,SEA,ATL,92,75,2019
401105101,20190903,NY,WSH,77,93,2019
401105102,20190903,PHX,SEA,70,82,2019
401105103,20190903,LA,ATL,70,60,2019
401105104,20190904,CON,DAL,102,72,2019
401105105,20190905,ATL,LV,78,74,2019
401105106,20190905,LA,SEA,102,68,2019
401105107,20190906,WSH,DAL,86,73,2019
401105109,20190906,NY,IND,81,86,2019
401105108,20190906,CON,CHI,104,109,2019
401105110,20190906,PHX,MIN,69,83,2019
401105111,20190908,ATL,NY,63,71,2019
401105112,20190908,IND,CON,104,76,2019
401105113,20190908,WSH,CHI,100,86,2019
401105114,20190908,DAL,SEA,64,78,2019
401105115,20190908,PHX,LV,89,98,2019
401105116,20190908,LA,MIN,77,68,2019
401165793,20190911,CHI,PHX,105,76,2019
401165794,20190911,SEA,MIN,84,74,2019
401165795,20190915,LA,SEA,92,69,2019
401165796,20190915,LV,CHI,93,92,2019
401165802,20190917,CON,LA,84,75,2019
401165797,20190917,WSH,LV,97,95,2019
401165803,20190919,CON,LA,94,68,2019
401165798,20190919,WSH,LV,103,91,2019
401165887,20190922,LV,WSH,92,75,2019
401165892,20190922,LA,CON,56,78,2019
401165888,20190924,LV,WSH,90,94,2019
401165807,20190929,WSH,CON,95,86,2019
401165808,20191001,WSH,CON,87,99,2019
401165809,20191006,CON,WSH,81,94,2019
401165810,20191008,CON,WSH,90,86,2019
401165811,20191010,WSH,CON,89,78,2019
401230733,20200725,NY,SEA,71,87,2020
401230734,20200725,PHX,LA,76,99,2020
401230735,20200725,WSH,IND,101,76,2020
401230461,20200726,MIN,CON,77,69,2020
401230462,20200726,LV,CHI,86,88,2020
401230463,20200726,ATL,DAL,105,95,2020
401230464,20200728,CON,WSH,89,94,2020
401230465,20200728,CHI,LA,96,78,2020
401230466,20200728,SEA,MIN,90,66,2020
401230467,20200729,IND,PHX,106,100,2020
401230468,20200729,DAL,NY,93,80,2020
401230469,20200729,LV,ATL,100,70,2020
401230470,20200730,WSH,SEA,89,71,2020
401230471,20200730,MIN,CHI,83,81,2020
401230472,20200730,LA,CON,81,76,2020
401230753,20200731,ATL,NY,84,78,2020
401230754,20200731,DAL,IND,76,73,2020
401230755,20200731,PHX,LV,102,95,2020
401230756,20200801,CON,MIN,69,78,2020
401230757,20200801,CHI,WSH,88,86,2020
401230758,20200801,SEA,LA,81,75,2020
401230759,20200802,NY,PHX,67,96,2020
401230760,20200802,IND,ATL,93,77,2020
401230761,20200802,LV,DAL,79,70,2020
401230762,20200804,CHI,DAL,82,79,2020
401230763,20200804,ATL,PHX,74,81,2020
401230764,20200804,SEA,CON,87,74,2020
401230765,20200805,NY,MIN,66,92,2020
401230766,20200805,WSH,LV,77,83,2020
401230767,20200805,LA,IND,86,75,2020
401230768,20200806,ATL,SEA,92,93,2020
401230769,20200806,DAL,CON,68,91,2020
401230770,20200806,PHX,CHI,96,86,2020
401230771,20200807,MIN,IND,87,80,2020
401230772,20200807,WSH,NY,66,74,2020
401230773,20200807,LV,LA,86,82,2020
401230774,20200808,DAL,ATL,85,75,2020
401230775,20200808,SEA,PHX,74,68,2020
401230776,20200808,CON,CHI,93,100,2020
401230779,20200809,LA,MIN,97,81,2020
401230777,20200809,NY,LV,76,78,2020
401230778,20200809,IND,WSH,91,84,2020
401230780,20200810,ATL,CON,82,93,2020
401230781,20200810,DAL,PHX,79,91,2020
401230782,20200810,SEA,CHI,89,71,2020
401230784,20200811,IND,LV,79,98,2020
401230783,20200811,MIN,WSH,68,48,2020
401230785,20200811,LA,NY,93,78,2020
401230786,20200812,CON,DAL,70,66,2020
401230787,20200812,CHI,PHX,89,71,2020
401230788,20200812,SEA,ATL,100,63,2020
401230789,20200813,NY,IND,79,86,2020
401230790,20200813,WSH,LA,64,81,2020
401230791,20200813,LV,MIN,87,77,2020
401230792,20200814,CHI,CON,74,77,2020
401230793,20200814,DAL,SEA,65,83,2020
401230794,20200814,PHX,ATL,96,80,2020
401230797,20200815,LV,WSH,88,73,2020
401230795,20200815,IND,LA,76,90,2020
401230796,20200815,MIN,NY,94,64,2020
401230822,20200816,PHX,DAL,89,95,2020
401230821,20200816,CON,SEA,72,95,2020
401230820,20200816,ATL,CHI,67,92,2020
401230823,20200818,CON,IND,84,62,2020
401230824,20200818,CHI,LV,84,82,2020
401230825,20200818,SEA,NY,105,64,2020
401230798,20200819,WSH,ATL,98,91,2020
401230826,20200819,MIN,DAL,91,84,2020
401230827,20200819,LA,PHX,83,74,2020
401230799,20200820,NY,CHI,85,101,2020
401230828,20200820,IND,SEA,90,84,2020
401230800,20200820,LV,CON,99,78,2020
401230829,20200821,ATL,LA,85,93,2020
401230830,20200821,DAL,WSH,101,92,2020
401230831,20200821,PHX,MIN,80,90,2020
401230801,20200822,LV,SEA,82,74,2020
401230832,20200822,CHI,IND,87,76,2020
401230833,20200822,CON,NY,82,65,2020
401230834,20200823,MIN,ATL,75,78,2020
401230835,20200823,LA,DAL,84,81,2020
401230836,20200823,WSH,PHX,87,88,2020
401230837,20200825,CHI,NY,99,101,2020
401230838,20200825,DAL,LV,92,96,2020
401230839,20200825,SEA,IND,87,74,2020
401230802,20200826,MIN,LA,0,0,2020
401230803,20200826,PHX,CON,0,0,2020
401230804,20200827,IND,CHI,0,0,2020
401230841,20200827,NY,DAL,0,0,2020
401230842,20200827,SEA,LV,0,0,2020
401230843,20200828,ATL,MIN,79,88,2020
401230844,20200828,CON,LA,76,80,2020
401230845,20200828,PHX,WSH,94,72,2020
401230807,20200829,LV,NY,80,63,2020
401230806,20200829,CHI,SEA,74,88,2020
401230805,20200829,IND,DAL,78,82,2020
401230846,20200830,WSH,CON,63,76,2020
401230847,20200830,MIN,PHX,79,83,2020
401230808,20200830,LA,ATL,84,79,2020
401241306,20200831,IND,CHI,77,100,2020
401241307,20200831,MIN,LA,96,78,2020
401230848,20200901,NY,CON,65,70,2020
401230849,20200901,ATL,IND,102,90,2020
401230850,20200901,LV,PHX,85,92,2020
401230851,20200902,CHI,MIN,83,86,2020
401230809,20200902,DAL,LA,83,91,2020
401230852,20200902,SEA,WSH,71,64,2020
401230810,20200903,NY,ATL,56,62,2020
401230811,20200903,CON,LV,78,93,2020
401230812,20200903,PHX,IND,105,81,2020
401230853,20200904,WSH,CHI,79,69,2020
401230854,20200904,DAL,MIN,75,88,2020
401230813,20200904,LA,SEA,89,90,2020
401230855,20200905,IND,CON,77,96,2020
401230814,20200905,ATL,LV,79,89,2020
401230815,20200905,PHX,NY,83,67,2020
401230856,20200906,WSH,DAL,94,101,2020
401230857,20200906,MIN,SEA,88,103,2020
401230858,20200906,LA,CHI,86,80,2020
401241308,20200907,PHX,CON,70,85,2020
401230859,20200908,NY,LA,70,96,2020
401230860,20200908,WSH,MIN,89,86,2020
401230861,20200908,LV,IND,92,86,2020
401230862,20200909,CON,PHX,95,100,2020
401230863,20200909,CHI,ATL,89,97,2020
401230816,20200909,SEA,DAL,107,95,2020
401230864,20200910,IND,NY,85,75,2020
401230865,20200910,MIN,LV,89,104,2020
401230866,20200910,LA,WSH,72,80,2020
401230867,20200911,CON,ATL,75,82,2020
401230868,20200911,DAL,CHI,88,95,2020
401230869,20200911,PHX,SEA,60,83,2020
401230817,20200912,NY,WSH,58,75,2020
401230819,20200912,LA,LV,70,84,2020
401230818,20200912,IND,MIN,86,98,2020
401241309,20200913,NY,DAL,79,82,2020
401241310,20200913,SEA,LV,84,86,2020
401241311,20200913,ATL,WSH,78,85,2020
401244169,20200915,CHI,CON,81,94,2020
401244170,20200915,PHX,WSH,85,84,2020
401244171,20200917,MIN,PHX,80,79,2020
401244172,20200917,LA,CON,59,73,2020
401244173,20200920,LV,CON,62,87,2020
401244174,20200920,SEA,MIN,0,0,2020
401244176,20200922,LV,CON,83,75,2020
401244175,20200922,SEA,MIN,88,86,2020
401244178,20200924,SEA,MIN,89,79,2020
401244177,20200924,CON,LV,77,68,2020
401244179,20200927,CON,LV,75,84,2020
401244180,20200927,MIN,SEA,71,92,2020
401248413,20200929,LV,CON,66,63,2020
401244183,20201002,LV,SEA,80,93,2020
401244184,20201004,LV,SEA,91,104,2020
401244185,20201006,SEA,LV,92,59,2020
401322870,20210505,WSH,ATL,80,87,2021
401323518,20210508,DAL,CON,76,89,2021
401322871,20210508,MIN,WSH,79,68,2021
401323519,20210508,LA,LV,85,85,2021
401323520,20210508,PHX,SEA,71,88,2021
401323454,20210509,IND,CHI,82,65,2021
401323455,20210511,CHI,IND,83,70,2021
401320565,20210514,NY,IND,90,87,2021
401320566,20210514,ATL,CON,67,78,2021
401320567,20210514,MIN,PHX,75,77,2021
401320568,20210514,LA,DAL,71,94,2021
401320569,20210515,WSH,CHI,56,70,2021
401320570,20210515,SEA,LV,97,83,2021
401320571,20210516,IND,NY,65,73,2021
401320572,20210516,CON,PHX,86,78,2021
401320573,20210518,NY,MIN,86,75,2021
401320574,20210518,WSH,PHX,70,91,2021
401320575,20210518,SEA,LV,80,96,2021
401320576,20210519,ATL,CHI,77,85,2021
401320577,20210519,CON,IND,88,67,2021
401320578,20210520,MIN,SEA,78,90,2021
401320579,20210521,IND,ATL,79,83,2021
401320580,20210521,WSH,NY,101,72,2021
401320581,20210521,PHX,CON,67,84,2021
401320582,20210521,LV,LA,97,69,2021
401320583,20210522,DAL,SEA,97,100,2021
401320584,20210523,CHI,NY,85,93,2021
401320585,20210523,IND,WSH,89,77,2021
401320586,20210523,LV,CON,65,72,2021
401320588,20210524,NY,DAL,88,81,2021
401320587,20210525,IND,WSH,69,85,2021
401320589,20210525,CHI,ATL,83,90,2021
401320590,20210525,SEA,CON,90,87,2021
401320591,20210526,PHX,LV,79,85,2021
401320592,20210527,ATL,DAL,101,95,2021
401320593,20210528,CON,WSH,86,81,2021
401320594,20210528,CHI,LA,61,76,2021
401320595,20210528,SEA,MIN,82,72,2021
401320596,20210528,LV,IND,113,77,2021
401320597,20210529,NY,ATL,87,90,2021
401320598,20210529,DAL,PHX,85,89,2021
401320599,20210530,CHI,LA,79,82,2021
401320600,20210530,LV,IND,101,78,2021
401320601,20210530,MIN,CON,79,74,2021
401320602,20210601,CON,LV,74,67,2021
401320604,20210601,DAL,LA,79,69,2021
401320603,20210601,CHI,PHX,83,84,2021
401320605,20210601,SEA,IND,88,73,2021
401320606,20210603,NY,LV,82,94,2021
401320607,20210603,PHX,CHI,77,74,2021
401320608,20210603,LA,IND,98,63,2021
401320609,20210604,MIN,ATL,86,84,2021
401320610,20210604,SEA,DAL,105,102,2021
401320611,20210605,WSH,LV,93,96,2021
401320612,20210605,LA,CHI,68,63,2021
401320613,20210605,CON,NY,85,64,2021
401320614,20210606,MIN,ATL,100,80,2021
401320615,20210606,SEA,DAL,67,68,2021
401320616,20210608,WSH,MIN,85,81,2021
401320619,20210608,PHX,DAL,81,85,2021
401320617,20210609,ATL,SEA,71,95,2021
401320618,20210609,CHI,IND,92,76,2021
401320620,20210610,WSH,LA,89,71,2021
401320621,20210611,ATL,SEA,75,86,2021
401320622,20210611,PHX,DAL,59,77,2021
401320623,20210612,IND,CHI,79,83,2021
401320624,20210612,MIN,LA,80,64,2021
401320625,20210613,CON,SEA,66,89,2021
401320626,20210613,ATL,WSH,101,78,2021
401320627,20210613,LV,DAL,85,78,2021
401320628,20210613,PHX,NY,83,85,2021
401320629,20210615,IND,SEA,70,87,2021
401320630,20210615,MIN,CHI,89,105,2021
401320631,20210615,LV,NY,100,78,2021
401320632,20210616,LA,PHX,85,80,2021
401320633,20210617,IND,SEA,69,79,2021
401320634,20210617,WSH,ATL,96,93,2021
401320635,20210617,CHI,CON,81,75,2021
401320636,20210617,DAL,MIN,73,85,2021
401320637,20210617,LV,NY,103,76,2021
401320638,20210618,LA,PHX,66,80,2021
401320639,20210619,CHI,CON,91,81,2021
401320640,20210619,WSH,IND,82,77,2021
401320641,20210619,DAL,MIN,95,77,2021
401320642,20210620,LA,NY,73,76,2021
401320643,20210622,CON,DAL,80,70,2021
401320644,20210622,NY,CHI,72,92,2021
401320645,20210622,SEA,WSH,83,87,2021
401320646,20210623,ATL,MIN,85,87,2021
401320647,20210624,IND,DAL,64,89,2021
401320648,20210624,NY,CHI,68,91,2021
401320649,20210624,LA,WSH,89,82,2021
401320650,20210625,MIN,LV,90,89,2021
401320651,20210626,DAL,WSH,85,74,2021
401320652,20210626,ATL,NY,78,101,2021
401320654,20210627,CON,CHI,74,58,2021
401320655,20210627,LV,SEA,95,92,2021
401320653,20210627,PHX,LA,88,79,2021
401320656,20210629,ATL,NY,73,69,2021
401320657,20210629,WSH,CON,71,90,2021
401320658,20210630,DAL,CHI,81,91,2021
401320659,20210630,PHX,MIN,76,82,2021
401320660,20210630,LA,LV,75,99,2021
401320661,20210701,IND,CON,80,86,2021
401320662,20210702,DAL,CHI,100,91,2021
401320663,20210702,LA,LV,58,66,2021
401320665,20210702,SEA,ATL,91,88,2021
401320666,20210703,IND,CON,73,67,2021
401320667,20210703,NY,WSH,82,79,2021
401320664,20210703,PHX,MIN,68,99,2021
401320668,20210704,LV,ATL,118,95,2021
401320669,20210704,LA,SEA,74,84,2021
401320670,20210705,NY,DAL,99,96,2021
401320671,20210707,MIN,DAL,85,79,2021
401320672,20210707,LV,PHX,90,99,2021
401320673,20210707,SEA,LA,71,62,2021
401320674,20210709,CON,ATL,84,72,2021
401320675,20210709,IND,NY,82,69,2021
401320676,20210709,PHX,SEA,85,77,2021
401320677,20210709,LV,MIN,67,77,2021
401320678,20210710,CHI,WSH,85,89,2021
401320679,20210711,DAL,LV,79,95,2021
401320680,20210711,NY,CON,54,71,2021
401320681,20210711,ATL,IND,68,79,2021
401320682,20210711,SEA,PHX,82,75,2021
401320683,20210711,LA,MIN,61,86,2021
401341447,20210714,WNBASTARS,USA,93,85,2021
401353913,20210812,SEA,CON,79,57,2021
401320684,20210815,CHI,SEA,87,85,2021
401320685,20210815,DAL,CON,59,80,2021
401320686,20210815,LV,WSH,84,83,2021
401320687,20210815,PHX,ATL,92,81,2021
401320688,20210815,MIN,NY,88,78,2021
401320689,20210815,LA,IND,75,70,2021
401320690,20210817,CON,MIN,72,60,2021
401320691,20210817,CHI,DAL,76,80,2021
401320692,20210817,LV,WSH,93,83,2021
401320693,20210817,PHX,IND,84,80,2021
401320694,20210817,LA,ATL,85,80,2021
401320695,20210818,NY,SEA,83,79,2021
401320696,20210819,CON,MIN,82,71,2021
401320697,20210819,PHX,WSH,77,64,2021
401320698,20210819,LA,ATL,66,64,2021
401320699,20210820,NY,SEA,83,99,2021
401320700,20210820,DAL,IND,81,83,2021
401320701,20210821,ATL,PHX,69,84,2021
401320702,20210821,CHI,MIN,95,101,2021
401320703,20210822,NY,LA,83,86,2021
401320704,20210822,WSH,SEA,78,85,2021
401320705,20210824,MIN,SEA,76,70,2021
401320706,20210824,ATL,CHI,79,86,2021
401320707,20210824,CON,LV,76,62,2021
401320708,20210824,WSH,LA,78,68,2021
401320709,20210825,NY,PHX,79,106,2021
401320710,20210826,ATL,LV,71,78,2021
401320711,20210826,CON,LA,76,72,2021
401320712,20210826,WSH,DAL,77,82,2021
401320713,20210827,NY,PHX,64,80,2021
401320714,20210827,SEA,CHI,69,73,2021
401320715,20210828,IND,LV,71,87,2021
401320716,20210828,CON,LA,76,61,2021
401320717,20210828,WSH,DAL,76,75,2021
401320718,20210829,SEA,CHI,75,107,2021
401320719,20210831,IND,LA,74,72,2021
401320720,20210831,WSH,CON,75,85,2021
401320721,20210831,MIN,NY,74,66,2021
401320722,20210831,PHX,CHI,103,83,2021
401320723,20210902,DAL,ATL,72,68,2021
401320724,20210902,MIN,LA,66,57,2021
401320725,20210902,LV,CHI,90,83,2021
401320726,20210902,SEA,NY,85,75,2021
401320727,20210904,IND,PHX,65,87,2021
401320728,20210904,MIN,WSH,93,75,2021
401320729,20210905,CHI,LV,92,84,2021
401320730,20210905,DAL,ATL,64,69,2021
401320731,20210906,IND,PHX,81,86,2021
401320732,20210907,DAL,CON,56,83,2021
401320733,20210907,SEA,WSH,105,71,2021
401320734,20210908,ATL,PHX,75,76,2021
401320735,20210908,LV,MIN,102,81,2021
401320736,20210909,LA,CON,57,75,2021
401320737,20210910,WSH,ATL,82,74,2021
401320738,20210910,MIN,IND,89,72,2021
401320739,20210911,DAL,NY,77,76,2021
401320740,20210911,PHX,CON,67,76,2021
401320741,20210912,CHI,WSH,71,79,2021
401320742,20210912,MIN,IND,90,80,2021
401320743,20210912,LA,SEA,81,53,2021
401320744,20210913,LV,DAL,85,75,2021
401320745,20210914,ATL,IND,85,78,2021
401320746,20210915,CON,NY,98,69,2021
401320747,20210916,ATL,LA,68,74,2021
401320748,20210917,IND,MIN,73,92,2021
401320749,20210917,NY,WSH,91,80,2021
401320750,20210917,CHI,LV,70,103,2021
401320751,20210917,SEA,PHX,94,85,2021
401320752,20210919,CON,ATL,84,64,2021
401320753,20210919,PHX,LV,83,84,2021
401320754,20210919,WSH,MIN,77,83,2021
401320755,20210919,DAL,LA,87,84,2021
401320756,20210919,CHI,IND,98,87,2021
401370430,20210923,CHI,DAL,81,64,2021
401370431,20210923,PHX,NY,83,82,2021
401370433,20210926,SEA,PHX,80,85,2021
401370432,20210926,MIN,CHI,76,89,2021
401370434,20210928,CON,CHI,95,101,2021
401370435,20210928,LV,PHX,96,90,2021
401370436,20210930,CON,CHI,79,68,2021
401370437,20210930,LV,PHX,91,117,2021
401370439,20211003,CHI,CON,86,83,2021
401370438,20211003,PHX,LV,87,60,2021
401370441,20211006,CHI,CON,79,69,2021
401370440,20211006,PHX,LV,76,93,2021
401370442,20211008,LV,PHX,84,87,2021
401370395,20211010,PHX,CHI,77,91,2021
401370396,20211013,PHX,CHI,91,86,2021
401370397,20211015,CHI,PHX,86,50,2021
401370398,20211017,CHI,PHX,80,74,2021
401430482,20220501,CON,ATL,94,78,2022
401430483,20220501,MIN,LV,89,86,2022
401430484,20220502,DAL,IND,101,89,2022
401391650,20220506,WSH,IND,84,70,2022
401391651,20220506,CHI,LA,91,98,2022
401391652,20220506,PHX,LV,88,106,2022
401391653,20220506,SEA,MIN,97,74,2022
401391654,20220507,NY,CON,81,79,2022
401391655,20220507,DAL,ATL,59,66,2022
401391656,20220508,IND,LA,77,87,2022
401391658,20220508,MIN,WSH,66,78,2022
401391657,20220508,LV,SEA,85,74,2022
401391659,20220510,WSH,LV,89,76,2022
401391660,20220510,IND,MIN,82,76,2022
401391661,20220511,ATL,LA,77,75,2022
401391662,20220511,CHI,NY,83,50,2022
401391663,20220511,PHX,SEA,97,77,2022
401391664,20220513,WSH,DAL,86,94,2022
401391665,20220513,ATL,LV,73,96,2022
401391666,20220513,NY,IND,86,92,2022
401391667,20220514,SEA,PHX,64,69,2022
401391668,20220514,CON,LA,77,60,2022
401391669,20220514,MIN,CHI,78,82,2022
401391670,20220515,NY,DAL,71,81,2022
401391671,20220515,IND,ATL,79,85,2022
401391672,20220517,NY,CON,65,92,2022
401391673,20220517,IND,ATL,79,101,2022
401391674,20220517,DAL,WSH,68,84,2022
401391675,20220517,LV,PHX,86,74,2022
401391676,20220517,LA,MIN,84,87,2022
401391677,20220518,SEA,CHI,74,71,2022
401391678,20220519,LV,MIN,93,87,2022
401391679,20220519,PHX,DAL,84,94,2022
401391680,20220520,CON,IND,94,85,2022
401391681,20220520,ATL,WSH,73,78,2022
401391682,20220520,SEA,LA,83,80,2022
401391683,20220521,LV,PHX,100,80,2022
401391684,20220521,DAL,MIN,94,78,2022
401391685,20220522,IND,CON,70,92,2022
401391686,20220522,WSH,CHI,73,82,2022
401391687,20220523,LV,LA,104,76,2022
401391688,20220524,CON,DAL,77,85,2022
401391689,20220524,WSH,ATL,70,50,2022
401391690,20220524,CHI,IND,95,90,2022
401391691,20220524,MIN,NY,84,78,2022
401391692,20220525,LA,PHX,99,94,2022
401391693,20220526,CON,DAL,99,68,2022
401391694,20220527,IND,LA,101,96,2022
401391695,20220527,SEA,NY,79,71,2022
401391696,20220528,CHI,LV,76,83,2022
401391697,20220528,CON,WSH,79,71,2022
401391698,20220529,ATL,PHX,81,54,2022
401391699,20220529,SEA,NY,92,61,2022
401391700,20220529,MIN,LA,83,85,2022
401391701,20220531,IND,WSH,75,87,2022
401391702,20220531,CHI,PHX,73,70,2022
401391703,20220531,LV,CON,89,81,2022
401391704,20220531,LA,DAL,93,91,2022
401391705,20220601,ATL,MIN,84,76,2022
401391706,20220601,NY,IND,87,74,2022
401391707,20220602,LV,CON,90,97,2022
401391708,20220603,WSH,NY,70,74,2022
401391709,20220603,ATL,CHI,65,73,2022
401391710,20220603,PHX,CON,88,92,2022
401391711,20220603,SEA,DAL,51,68,2022
401391712,20220605,NY,MIN,77,84,2022
401391713,20220605,ATL,IND,75,66,2022
401391714,20220605,CHI,WSH,91,82,2022
401391715,20220605,LV,DAL,84,78,2022
401391716,20220605,PHX,LA,81,74,2022
401391717,20220605,SEA,CON,86,93,2022
401391718,20220607,NY,MIN,88,69,2022
401391719,20220607,SEA,ATL,72,60,2022
401391720,20220608,CON,IND,88,69,2022
401391721,20220608,WSH,CHI,84,82,2022
401391722,20220610,CON,CHI,79,83,2022
401391723,20220610,IND,NY,83,97,2022
401391724,20220610,DAL,SEA,88,89,2022
401391725,20220610,MIN,WSH,59,76,2022
401391726,20220610,PHX,ATL,90,88,2022
401391727,20220611,LA,LV,72,89,2022
401391728,20220612,NY,CHI,86,88,2022
401391729,20220612,DAL,SEA,79,84,2022
401391730,20220612,WSH,PHX,90,99,2022
401391731,20220612,MIN,IND,80,84,2022
401391732,20220614,WSH,PHX,83,65,2022
401391733,20220614,MIN,SEA,79,81,2022
401391734,20220615,DAL,LV,84,92,2022
401391735,20220615,CON,ATL,105,92,2022
401391736,20220615,IND,PHX,80,93,2022
401391737,20220616,NY,WSH,77,65,2022
401391738,20220617,CON,SEA,82,71,2022
401391739,20220617,DAL,PHX,93,88,2022
401391740,20220617,CHI,ATL,106,100,2022
401391741,20220619,NY,SEA,72,81,2022
401391743,20220619,WSH,CON,71,63,2022
401391742,20220619,IND,CHI,89,87,2022
401391744,20220619,DAL,LA,92,82,2022
401391745,20220619,LV,MIN,96,95,2022
401391746,20220621,ATL,DAL,80,75,2022
401391747,20220621,LV,CHI,95,104,2022
401391748,20220621,PHX,MIN,71,84,2022
401391749,20220621,LA,WSH,84,82,2022
401391750,20220622,CON,NY,77,81,2022
401391751,20220623,DAL,IND,94,68,2022
401391752,20220623,MIN,PHX,100,88,2022
401391753,20220623,SEA,WSH,85,71,2022
401391754,20220623,LA,CHI,59,82,2022
401391755,20220624,ATL,NY,77,89,2022
401391756,20220625,DAL,PHX,72,83,2022
401391757,20220625,SEA,LA,77,85,2022
401391758,20220625,LV,WSH,86,87,2022
401391759,20220626,ATL,CON,61,72,2022
401391760,20220626,CHI,MIN,88,85,2022
401391761,20220627,PHX,IND,83,71,2022
401391762,20220627,LA,LV,73,79,2022
401391763,20220628,WSH,ATL,92,74,2022
401391764,20220628,MIN,DAL,92,64,2022
401391765,20220629,CHI,CON,91,83,2022
401391766,20220629,PHX,IND,99,78,2022
401391767,20220629,SEA,LV,88,78,2022
401391768,20220630,NY,ATL,81,92,2022
401391769,20220701,DAL,LA,89,97,2022
401391770,20220701,MIN,LV,85,91,2022
401391771,20220701,SEA,IND,73,57,2022
401391772,20220702,CHI,PHX,91,75,2022
401391773,20220703,CON,WSH,74,72,2022
401391774,20220703,ATL,SEA,90,76,2022
401391776,20220703,LA,NY,84,74,2022
401391775,20220703,MIN,LV,102,71,2022
401391777,20220704,LA,PHX,78,75,2022
401391778,20220705,IND,SEA,73,95,2022
401391779,20220705,DAL,CON,82,71,2022
401391780,20220706,MIN,CHI,81,78,2022
401391781,20220706,ATL,WSH,66,85,2022
401391782,20220706,LV,NY,107,116,2022
401391783,20220707,IND,CHI,84,93,2022
401391784,20220707,PHX,NY,84,81,2022
401391785,20220707,LA,SEA,69,106,2022
401455978,20220710,WIL,STE,134,112,2022
401391786,20220712,SEA,DAL,83,74,2022
401391787,20220712,NY,LV,101,107,2022
401391788,20220712,CHI,ATL,90,75,2022
401391789,20220712,MIN,PHX,118,107,2022
401391790,20220712,LA,WSH,81,94,2022
401391791,20220713,IND,CON,81,89,2022
401391792,20220714,NY,LV,74,108,2022
401391793,20220714,MIN,DAL,87,92,2022
401391794,20220714,PHX,WSH,80,75,2022
401391795,20220714,LA,CHI,68,80,2022
401391796,20220715,IND,MIN,77,87,2022
401391797,20220715,ATL,CON,68,93,2022
401391798,20220716,DAL,CHI,81,89,2022
401391799,20220717,CON,LV,83,91,2022
401391800,20220717,WSH,MIN,70,57,2022
401391801,20220717,PHX,ATL,75,85,2022
401391802,20220717,SEA,IND,81,65,2022
401391803,20220719,CON,NY,82,63,2022
401391804,20220719,LV,ATL,76,92,2022
401391805,20220719,LA,IND,86,79,2022
401391806,20220720,CHI,SEA,78,74,2022
401391807,20220721,WSH,NY,78,69,2022
401391808,20220721,LA,ATL,85,78,2022
401391809,20220721,LV,IND,90,77,2022
401391810,20220722,MIN,CON,84,94,2022
401391811,20220722,CHI,DAL,89,83,2022
401391812,20220722,PHX,SEA,94,78,2022
401391813,20220723,NY,CHI,83,80,2022
401391814,20220723,LV,LA,84,66,2022
401391815,20220724,IND,DAL,86,96,2022
401391816,20220724,SEA,ATL,82,72,2022
401391817,20220724,MIN,CON,79,86,2022
401430112,20220726,CHI,LV,83,93,2022
401391818,20220728,ATL,MIN,85,92,2022
401391819,20220728,CON,SEA,88,83,2022
401391820,20220728,DAL,WSH,77,87,2022
401391821,20220728,PHX,LA,90,80,2022
401391822,20220729,IND,LV,72,93,2022
401391823,20220729,CHI,NY,89,81,2022
401391824,20220730,WSH,SEA,77,82,2022
401391825,20220730,ATL,DAL,68,81,2022
401391826,20220731,CON,CHI,92,95,2022
401391827,20220731,NY,PHX,89,69,2022
401391828,20220731,IND,LV,69,94,2022
401391829,20220731,WSH,SEA,78,75,2022
401391830,20220731,LA,MIN,77,84,2022
401391831,20220802,CON,PHX,87,63,2022
401391832,20220802,NY,LA,102,73,2022
401391833,20220802,WSH,LV,83,73,2022
401391834,20220802,CHI,DAL,78,84,2022
401391835,20220803,ATL,IND,91,81,2022
401391836,20220803,NY,LA,64,61,2022
401391837,20220803,SEA,MIN,89,77,2022
401391838,20220804,CON,PHX,77,64,2022
401391839,20220804,DAL,LV,82,80,2022
401391840,20220805,ATL,LA,88,86,2022
401391841,20220805,CHI,WSH,93,83,2022
401391842,20220806,DAL,IND,95,91,2022
401391843,20220806,PHX,NY,76,62,2022
401391844,20220807,CHI,CON,94,91,2022
401391845,20220807,WSH,LA,76,79,2022
401391846,20220807,SEA,LV,81,89,2022
401391847,20220807,MIN,ATL,81,71,2022
401391848,20220808,DAL,NY,86,77,2022
401391849,20220809,CHI,SEA,100,111,2022
401391850,20220809,LV,ATL,97,90,2022
401391851,20220809,LA,CON,71,97,2022
401391852,20220810,DAL,NY,73,91,2022
401391853,20220810,PHX,MIN,77,86,2022
401391854,20220811,LV,CHI,89,78,2022
401391855,20220811,LA,CON,69,93,2022
401391856,20220812,IND,WSH,70,82,2022
401391857,20220812,ATL,NY,70,80,2022
401391858,20220812,MIN,SEA,69,96,2022
401391859,20220812,PHX,DAL,86,74,2022
401391860,20220814,CON,MIN,90,83,2022
401391861,20220814,NY,ATL,87,83,2022
401391862,20220814,WSH,IND,95,83,2022
401391864,20220814,LV,SEA,109,100,2022
401391863,20220814,PHX,CHI,67,82,2022
401391865,20220814,LA,DAL,88,116,2022
401455627,20220817,CHI,NY,91,98,2022
401455628,20220817,LV,PHX,79,63,2022
401455629,20220818,CON,DAL,93,68,2022
401455650,20220818,SEA,WSH,86,83,2022
401455651,20220820,CHI,NY,100,62,2022
401455652,20220820,LV,PHX,117,80,2022
401455653,20220821,CON,DAL,79,89,2022
401455654,20220821,SEA,WSH,97,84,2022
401455657,20220823,NY,CHI,72,90,2022
401455659,20220824,DAL,CON,58,73,2022
401455660,20220828,LV,SEA,73,76,2022
401455661,20220828,CHI,CON,63,68,2022
401455671,20220831,CHI,CON,85,77,2022
401455674,20220831,LV,SEA,78,73,2022
401455675,20220904,CON,CHI,72,76,2022
401455676,20220904,SEA,LV,98,110,2022
401455677,20220906,CON,CHI,104,80,2022
401455678,20220906,SEA,LV,92,97,2022
401455679,20220908,CHI,CON,63,72,2022
401455681,20220911,LV,CON,67,64,2022
401455682,20220913,LV,CON,85,71,2022
401455683,20220915,CON,LV,105,76,2022
401455684,20220918,CON,LV,71,78,2022
401507167,20230607,NY,MIN,0,0,2023
401857072,20260716,DAL,NY,0,0,2026
