game_id,date,player,h1_pts,h2_pts,pts
401856890,20260508,breanna stewart,21,10,31
401856890,20260508,diamond miller,8,8,16
401856890,20260508,marine johannes,12,5,17
401856890,20260508,pauline astier,5,0,5
401856890,20260508,brittney griner,9,4,13
401856890,20260508,jonquel jones,8,2,10
401856890,20260508,kennedy burke,2,2,4
401856890,20260508,aneesah morrow,4,11,15
401856890,20260508,julie vanloo,9,3,12
401856890,20260508,charlisse leger-walker,2,2,4
401856890,20260508,rebekah gardner,1,8,9
401856890,20260508,olivia nelson-ododa,1,0,1
401856890,20260508,han xu,2,6,8
401856890,20260508,hailey van lith,5,4,9
401856890,20260508,betnijah laney-hamilton,8,4,12
401856890,20260508,gianna kneepkens,3,4,7
401856890,20260508,saniya rivers,3,2,5
401856890,20260508,raegan beers,0,1,1
401856890,20260508,aubrey griffin,0,2,2
401856891,20260508,cassandre prosper,2,0,2
401856891,20260508,brittney sykes,7,7,14
401856891,20260508,temi fagbenle,2,0,2
401856891,20260508,sonia citron,9,17,26
401856891,20260508,nyara sabally,6,2,8
401856891,20260508,shakira austin,10,8,18
401856891,20260508,georgia amoore,6,0,6
401856891,20260508,julie allemand,3,0,3
401856891,20260508,alex wilson,2,0,2
401856891,20260508,kia nurse,2,0,2
401856891,20260508,kiki iriafen,6,6,12
401856891,20260508,marina mabrey,10,17,27
401856891,20260508,angela dugalic,2,0,2
401856891,20260508,laura juskaite,0,7,7
401856891,20260508,maria conde,0,2,2
401856892,20260508,flau'jae johnson,6,6,12
401856892,20260508,gabby williams,2,5,7
401856892,20260508,stefanie dolson,3,3,6
401856892,20260508,tiffany hayes,1,0,1
401856892,20260508,kayla thornton,9,4,13
401856892,20260508,natisha hiedeman,5,1,6
401856892,20260508,dominique malonga,9,12,21
401856892,20260508,cecilia zandalasini,8,0,8
401856892,20260508,laeticia amihere,3,0,3
401856892,20260508,zia cooke,7,8,15
401856892,20260508,veronica burton,14,2,16
401856892,20260508,jade melbourne,11,2,13
401856892,20260508,janelle salaun,7,13,20
401856892,20260508,kaila charles,3,0,3
401856892,20260508,kiah stokes,2,4,6
401856892,20260508,kaitlyn chen,0,14,14
401856892,20260508,grace vanslooten,0,5,5
401856892,20260508,mackenzie holmes,0,2,2
401856893,20260509,kelsey mitchell,15,15,30
401856893,20260509,paige bueckers,10,10,20
401856893,20260509,caitlin clark,8,12,20
401856893,20260509,arike ogunbowale,13,9,22
401856893,20260509,jessica shepard,10,3,13
401856893,20260509,myisha hines-allen,4,2,6
401856893,20260509,odyssey sims,8,12,20
401856893,20260509,maddy siegrist,7,0,7
401856893,20260509,damiris dantas,5,2,7
401856893,20260509,raven johnson,4,0,4
401856893,20260509,sophie cunningham,3,0,3
401856893,20260509,aliyah boston,12,11,23
401856893,20260509,azzi fudd,3,0,3
401856893,20260509,alysha clark,3,0,3
401856893,20260509,aziaha james,6,4,10
401856893,20260509,makayla timpson,0,11,11
401856893,20260509,li yueru,0,3,3
401856893,20260509,alanna smith,0,6,6
401856894,20260509,alyssa thomas,10,10,20
401856894,20260509,a'ja wilson,14,5,19
401856894,20260509,dewanna bonner,7,6,13
401856894,20260509,jovana nogic,19,0,19
401856894,20260509,kahleah copper,5,8,13
401856894,20260509,nalyssa smith,3,8,11
401856894,20260509,jackie young,12,0,12
401856894,20260509,natasha mack,8,2,10
401856894,20260509,chelsea gray,2,2,4
401856894,20260509,sha carter,2,0,2
401856894,20260509,kyara linskens,2,0,2
401856894,20260509,kiana williams,3,8,11
401856894,20260509,cheyenne parker-tyus,2,0,2
401856894,20260509,jewell loyd,2,4,6
401856894,20260509,noemie brochant,0,8,8
401856894,20260509,chennedy carter,0,10,10
401856894,20260509,stephanie talbot,0,2,2
401856894,20260509,anneli maley,0,1,1
401856895,20260509,kamilla cardoso,11,11,22
401856895,20260509,gabriela jaquez,5,5,10
401856895,20260509,carla leite,6,12,18
401856895,20260509,luisa geiselsoder,8,0,8
401856895,20260509,rickea jackson,12,7,19
401856895,20260509,skylar diggins,12,9,21
401856895,20260509,emily engstler,2,2,4
401856895,20260509,bridget carleton,2,11,13
401856895,20260509,sarah ashlee barker,11,2,13
401856895,20260509,frieda buhner,2,2,4
401856895,20260509,jacy sheldon,8,5,13
401856895,20260509,megan gustafson,4,6,10
401856895,20260509,nyadiew puoch,2,3,5
401856895,20260509,elizabeth williams,2,8,10
401856895,20260509,jordan harrison,0,4,4
401856895,20260509,rachel banham,0,3,3
401856895,20260509,haley jones,0,4,4
401856899,20260509,nia coffey,3,0,3
401856899,20260509,courtney williams,10,4,14
401856899,20260509,kayla mcbride,15,5,20
401856899,20260509,angel reese,3,8,11
401856899,20260509,natasha howard,6,0,6
401856899,20260509,jordin canada,5,7,12
401856899,20260509,rhyne howard,9,6,15
401856899,20260509,antonia delaere,2,0,2
401856899,20260509,te-hina paopao,2,4,6
401856899,20260509,madina okot,4,4,8
401856899,20260509,emma cechova,4,8,12
401856899,20260509,olivia miles,6,15,21
401856899,20260509,maya caldwell,6,0,6
401856899,20260509,allisha gray,8,16,24
401856899,20260509,naz hillmon,6,9,15
401856899,20260509,anastasiia olairi kosu,0,4,4
401856899,20260509,emese hof,0,2,2
401856896,20260510,jordan horston,4,0,4
401856896,20260510,brittney griner,10,6,16
401856896,20260510,natisha hiedeman,4,7,11
401856896,20260510,kennedy burke,6,6,12
401856896,20260510,flau'jae johnson,11,5,16
401856896,20260510,diamond miller,8,5,13
401856896,20260510,charlisse leger-walker,4,2,6
401856896,20260510,saniya rivers,2,0,2
401856896,20260510,jade melbourne,7,8,15
401856896,20260510,lexie brown,3,14,17
401856896,20260510,zia cooke,4,0,4
401856896,20260510,olivia nelson-ododa,1,4,5
401856896,20260510,stefanie dolson,4,2,6
401856896,20260510,aneesah morrow,12,5,17
401856896,20260510,grace vanslooten,5,0,5
401856896,20260510,mackenzie holmes,2,3,5
401856896,20260510,gianna kneepkens,2,0,2
401856896,20260510,hailey van lith,4,5,9
401856896,20260510,dominique malonga,0,6,6
401856897,20260510,shakira austin,10,6,16
401856897,20260510,breanna stewart,11,12,23
401856897,20260510,cassandre prosper,4,4,8
401856897,20260510,pauline astier,9,9,18
401856897,20260510,sonia citron,8,9,17
401856897,20260510,marine johannes,17,8,25
401856897,20260510,kiki iriafen,4,16,20
401856897,20260510,rebekah gardner,4,5,9
401856897,20260510,rori harmon,3,0,3
401856897,20260510,angela dugalic,5,0,5
401856897,20260510,lucy olsen,5,0,5
401856897,20260510,jonquel jones,8,5,13
401856897,20260510,georgia amoore,2,5,7
401856897,20260510,julie vanloo,3,0,3
401856897,20260510,lauren betts,7,0,7
401856897,20260510,han xu,2,2,4
401856897,20260510,betnijah laney-hamilton,1,2,3
401856897,20260510,alex wilson,0,5,5
401856898,20260510,stephanie talbot,4,4,8
401856898,20260510,ariel atkins,6,2,8
401856898,20260510,nalyssa smith,8,4,12
401856898,20260510,kelsey plum,13,14,27
401856898,20260510,chelsea gray,5,11,16
401856898,20260510,a'ja wilson,11,8,19
401856898,20260510,dearica hamby,7,5,12
401856898,20260510,nneka ogwumike,15,4,19
401856898,20260510,jackie young,8,12,20
401856898,20260510,chennedy carter,6,16,22
401856898,20260510,rae burrell,0,5,5
401856898,20260510,jewell loyd,0,2,2
401856898,20260510,erica wheeler,0,2,2
401856898,20260510,brianna turner,0,4,4
401856898,20260510,cheyenne parker-tyus,0,2,2
401856898,20260510,ta'niya latson,0,2,2
401856898,20260510,emma cannon,0,3,3
401856900,20260510,jovana nogic,7,9,16
401856900,20260510,alyssa thomas,9,10,19
401856900,20260510,kiah stokes,1,0,1
401856900,20260510,veronica burton,4,9,13
401856900,20260510,kahleah copper,3,8,11
401856900,20260510,kaila charles,5,2,7
401856900,20260510,natasha mack,4,7,11
401856900,20260510,janelle salaun,7,14,21
401856900,20260510,laeticia amihere,7,6,13
401856900,20260510,kyara linskens,2,0,2
401856900,20260510,kiana williams,3,3,6
401856900,20260510,kaitlyn chen,2,0,2
401856900,20260510,noemie brochant,3,6,9
401856900,20260510,gabby williams,8,11,19
401856900,20260510,kayla thornton,14,5,19
401856900,20260510,dewanna bonner,0,5,5
401856901,20260512,angel reese,6,6,12
401856901,20260512,paige bueckers,8,7,15
401856901,20260512,jordin canada,9,10,19
401856901,20260512,rhyne howard,9,5,14
401856901,20260512,jessica shepard,4,8,12
401856901,20260512,arike ogunbowale,7,13,20
401856901,20260512,maddy siegrist,2,0,2
401856901,20260512,te-hina paopao,2,0,2
401856901,20260512,aziaha james,6,0,6
401856901,20260512,odyssey sims,7,0,7
401856901,20260512,alysha clark,2,0,2
401856901,20260512,awak kuier,3,3,6
401856901,20260512,allisha gray,9,17,26
401856901,20260512,isobel borlase,3,0,3
401856901,20260512,alanna smith,2,0,2
401856901,20260512,naz hillmon,0,1,1
401856902,20260512,dewanna bonner,12,4,16
401856902,20260512,olivia miles,8,5,13
401856902,20260512,nia coffey,5,8,13
401856902,20260512,valeriane ayayi,3,3,6
401856902,20260512,natasha howard,6,8,14
401856902,20260512,kayla mcbride,9,5,14
401856902,20260512,natasha mack,4,5,9
401856902,20260512,kahleah copper,13,17,30
401856902,20260512,alyssa thomas,5,5,10
401856902,20260512,kyara linskens,8,0,8
401856902,20260512,anastasiia olairi kosu,2,0,2
401856902,20260512,antonia delaere,2,6,8
401856902,20260512,eliska hamzova,2,0,2
401856902,20260512,emma cechova,2,9,11
401856902,20260512,courtney williams,5,6,11
401856902,20260512,jovana nogic,0,2,2
401856902,20260512,kiana williams,0,3,3
401856903,20260512,bridget carleton,8,18,26
401856903,20260512,pauline astier,16,8,24
401856903,20260512,luisa geiselsoder,10,3,13
401856903,20260512,betnijah laney-hamilton,10,0,10
401856903,20260512,kamiah smalls,6,7,13
401856903,20260512,jonquel jones,11,6,17
401856903,20260512,marine johannes,13,5,18
401856903,20260512,sarah ashlee barker,3,2,5
401856903,20260512,carla leite,11,10,21
401856903,20260512,haley jones,4,2,6
401856903,20260512,megan gustafson,2,4,6
401856903,20260512,breanna stewart,4,12,16
401856903,20260512,emily engstler,3,3,6
401856903,20260512,rebekah gardner,0,8,8
401856903,20260512,frieda buhner,0,2,2
401856903,20260512,julie vanloo,0,3,3
401856904,20260513,dominique malonga,14,7,21
401856904,20260513,nyara sabally,5,3,8
401856904,20260513,marina mabrey,10,16,26
401856904,20260513,stefanie dolson,10,6,16
401856904,20260513,teonni key,2,0,2
401856904,20260513,julie allemand,2,0,2
401856904,20260513,flau'jae johnson,4,3,7
401856904,20260513,maria conde,10,6,16
401856904,20260513,jade melbourne,10,4,14
401856904,20260513,kiki rice,9,3,12
401856904,20260513,zia cooke,5,2,7
401856904,20260513,brittney sykes,6,12,18
401856904,20260513,natisha hiedeman,2,3,5
401856904,20260513,grace vanslooten,0,2,2
401856904,20260513,nikolina milic,0,2,2
401856904,20260513,jordan horston,0,1,1
401856905,20260513,stephanie talbot,2,2,4
401856905,20260513,kennedy burke,2,2,4
401856905,20260513,jackie young,9,2,11
401856905,20260513,diamond miller,2,3,5
401856905,20260513,charlisse leger-walker,2,0,2
401856905,20260513,olivia nelson-ododa,4,10,14
401856905,20260513,a'ja wilson,6,16,22
401856905,20260513,jewell loyd,5,6,11
401856905,20260513,saniya rivers,8,0,8
401856905,20260513,chennedy carter,14,13,27
401856905,20260513,cheyenne parker-tyus,8,2,10
401856905,20260513,aneesah morrow,15,1,16
401856905,20260513,gianna kneepkens,4,0,4
401856905,20260513,nalyssa smith,2,4,6
401856905,20260513,chelsea gray,2,5,7
401856905,20260513,hailey van lith,0,9,9
401856905,20260513,raegan beers,0,7,7
401856906,20260513,gabby williams,10,8,18
401856906,20260513,rickea jackson,4,14,18
401856906,20260513,veronica burton,6,10,16
401856906,20260513,kiah stokes,6,1,7
401856906,20260513,skylar diggins,10,5,15
401856906,20260513,kaila charles,2,7,9
401856906,20260513,laeticia amihere,2,1,3
401856906,20260513,elizabeth williams,2,0,2
401856906,20260513,gabriela jaquez,2,5,7
401856906,20260513,natasha cloud,2,5,7
401856906,20260513,kaitlyn chen,2,2,4
401856906,20260513,jacy sheldon,2,10,12
401856906,20260513,kamilla cardoso,2,6,8
401856906,20260513,janelle salaun,0,6,6
401856907,20260513,rae burrell,4,6,10
401856907,20260513,caitlin clark,11,13,24
401856907,20260513,sophie cunningham,7,5,12
401856907,20260513,nneka ogwumike,5,5,10
401856907,20260513,kelsey plum,13,12,25
401856907,20260513,kelsey mitchell,17,6,23
401856907,20260513,monique billings,6,3,9
401856907,20260513,dearica hamby,8,8,16
401856907,20260513,tyasha harris,3,4,7
401856907,20260513,damiris dantas,3,0,3
401856907,20260513,erica wheeler,2,0,2
401856907,20260513,cameron brink,2,9,11
401856907,20260513,lexie hull,1,0,1
401856907,20260513,ariel atkins,0,2,2
401856907,20260513,myisha hines-allen,0,2,2
401856907,20260513,chance gray,0,2,2
401856907,20260513,aliyah boston,0,4,4
401856907,20260513,makayla timpson,0,2,2
401856908,20260514,paige bueckers,7,20,27
401856908,20260514,olivia miles,11,4,15
401856908,20260514,natasha howard,7,19,26
401856908,20260514,courtney williams,13,8,21
401856908,20260514,odyssey sims,6,5,11
401856908,20260514,jessica shepard,2,5,7
401856908,20260514,maddy siegrist,17,0,17
401856908,20260514,azzi fudd,6,2,8
401856908,20260514,alanna smith,2,4,6
401856908,20260514,arike ogunbowale,6,0,6
401856908,20260514,kayla mcbride,2,9,11
401856908,20260514,aziaha james,2,2,4
401856908,20260514,emma cechova,2,0,2
401856908,20260514,nia coffey,5,8,13
401856908,20260514,anastasiia olairi kosu,0,2,2
401856909,20260514,nyadiew puoch,8,5,13
401856909,20260514,pauline astier,8,12,20
401856909,20260514,jonquel jones,4,2,6
401856909,20260514,emily engstler,8,3,11
401856909,20260514,betnijah laney-hamilton,5,3,8
401856909,20260514,breanna stewart,7,15,22
401856909,20260514,megan gustafson,10,4,14
401856909,20260514,sug sutton,4,4,8
401856909,20260514,luisa geiselsoder,4,2,6
401856909,20260514,marine johannes,3,0,3
401856909,20260514,sarah ashlee barker,3,3,6
401856909,20260514,han xu,1,2,3
401856909,20260514,julie vanloo,6,3,9
401856909,20260514,alex fowler,5,7,12
401856909,20260514,kamiah smalls,0,2,2
401856909,20260514,bridget carleton,0,11,11
401856909,20260514,rebekah gardner,0,14,14
401856909,20260514,haley jones,0,10,10
401856909,20260514,serah williams,0,1,1
401856909,20260514,rebecca allen,0,3,3
401856910,20260515,a'ja wilson,19,26,45
401856910,20260515,kennedy burke,9,2,11
401856910,20260515,jackie young,7,6,13
401856910,20260515,nalyssa smith,4,0,4
401856910,20260515,chelsea gray,5,7,12
401856910,20260515,gianna kneepkens,2,1,3
401856910,20260515,hailey van lith,4,13,17
401856910,20260515,chennedy carter,13,5,18
401856910,20260515,saniya rivers,6,8,14
401856910,20260515,cheyenne parker-tyus,2,0,2
401856910,20260515,charlisse leger-walker,6,4,10
401856910,20260515,diamond miller,5,5,10
401856910,20260515,aneesah morrow,4,6,10
401856910,20260515,nell angloma,2,5,7
401856910,20260515,aaliyah edwards,6,0,6
401856910,20260515,jewell loyd,3,3,6
401856910,20260515,stephanie talbot,1,0,1
401856910,20260515,raegan beers,0,6,6
401856911,20260515,kiki iriafen,4,21,25
401856911,20260515,kelsey mitchell,7,17,24
401856911,20260515,monique billings,7,3,10
401856911,20260515,shakira austin,12,7,19
401856911,20260515,aliyah boston,7,2,9
401856911,20260515,cotie mcmahon,6,7,13
401856911,20260515,sophie cunningham,5,2,7
401856911,20260515,sonia citron,7,23,30
401856911,20260515,caitlin clark,6,26,32
401856911,20260515,alex wilson,3,0,3
401856911,20260515,damiris dantas,3,0,3
401856911,20260515,tyasha harris,2,0,2
401856911,20260515,georgia amoore,5,2,7
401856911,20260515,cassandre prosper,2,0,2
401856911,20260515,lauren betts,2,2,4
401856911,20260515,lexie hull,0,9,9
401856911,20260515,myisha hines-allen,0,6,6
401856911,20260515,rori harmon,0,1,1
401856912,20260515,nneka ogwumike,11,9,20
401856912,20260515,rae burrell,13,0,13
401856912,20260515,dearica hamby,10,9,19
401856912,20260515,brittney sykes,10,17,27
401856912,20260515,maria conde,3,3,6
401856912,20260515,kiki rice,6,5,11
401856912,20260515,kelsey plum,7,20,27
401856912,20260515,teonni key,2,3,5
401856912,20260515,cameron brink,3,7,10
401856912,20260515,nyara sabally,6,8,14
401856912,20260515,marina mabrey,2,5,7
401856912,20260515,laura juskaite,4,12,16
401856912,20260515,julie allemand,5,0,5
401856912,20260515,erica wheeler,2,8,10
401856912,20260515,kia nurse,0,4,4
401856913,20260515,jovana nogic,17,10,27
401856913,20260515,jacy sheldon,5,3,8
401856913,20260515,natasha mack,3,7,10
401856913,20260515,dewanna bonner,6,2,8
401856913,20260515,gabriela jaquez,9,4,13
401856913,20260515,kahleah copper,11,6,17
401856913,20260515,valeriane ayayi,2,6,8
401856913,20260515,rickea jackson,6,23,29
401856913,20260515,noemie brochant,2,0,2
401856913,20260515,aicha coulibaly,6,2,8
401856913,20260515,rachel banham,5,0,5
401856913,20260515,natasha cloud,4,3,7
401856913,20260515,kiana williams,2,0,2
401856913,20260515,alyssa thomas,2,15,17
401856913,20260515,kamilla cardoso,0,7,7
401856913,20260515,elizabeth williams,0,1,1
401856913,20260515,sydney taylor,0,5,5
401856914,20260517,rickea jackson,6,0,6
401856914,20260517,natasha howard,6,11,17
401856914,20260517,olivia miles,4,9,13
401856914,20260517,rachel banham,3,10,13
401856914,20260517,kamilla cardoso,5,6,11
401856914,20260517,courtney williams,7,10,17
401856914,20260517,kayla mcbride,12,8,20
401856914,20260517,gabriela jaquez,6,14,20
401856914,20260517,nia coffey,2,0,2
401856914,20260517,maya caldwell,2,3,5
401856914,20260517,elizabeth williams,2,0,2
401856914,20260517,anastasiia olairi kosu,2,0,2
401856914,20260517,natasha cloud,6,5,11
401856914,20260517,jacy sheldon,7,3,10
401856914,20260517,aicha coulibaly,2,6,8
401856914,20260517,emese hof,3,0,3
401856914,20260517,sydney taylor,3,2,5
401856915,20260517,chelsea gray,13,8,21
401856915,20260517,angel reese,7,2,9
401856915,20260517,a'ja wilson,14,6,20
401856915,20260517,te-hina paopao,10,9,19
401856915,20260517,jordin canada,7,4,11
401856915,20260517,nalyssa smith,2,11,13
401856915,20260517,madina okot,6,8,14
401856915,20260517,chennedy carter,12,8,20
401856915,20260517,allisha gray,13,12,25
401856915,20260517,cheyenne parker-tyus,4,0,4
401856915,20260517,jewell loyd,6,1,7
401856915,20260517,naz hillmon,1,5,6
401856916,20260517,myisha hines-allen,6,2,8
401856916,20260517,jade melbourne,8,4,12
401856916,20260517,lexie hull,6,3,9
401856916,20260517,natisha hiedeman,11,8,19
401856916,20260517,kelsey mitchell,8,9,17
401856916,20260517,monique billings,4,0,4
401856916,20260517,flau'jae johnson,7,7,14
401856916,20260517,caitlin clark,17,4,21
401856916,20260517,sophie cunningham,7,10,17
401856916,20260517,makayla timpson,2,4,6
401856916,20260517,zia cooke,8,5,13
401856916,20260517,damiris dantas,3,0,3
401856916,20260517,mackenzie holmes,4,0,4
401856916,20260517,tyasha harris,2,2,4
401856916,20260517,grace vanslooten,2,3,5
401856916,20260517,jordan horston,2,0,2
401856916,20260517,stefanie dolson,2,4,6
401856916,20260517,lexie brown,0,3,3
401856917,20260517,kelsey plum,8,20,28
401856917,20260517,brittney sykes,14,24,38
401856917,20260517,laura juskaite,5,2,7
401856917,20260517,nyara sabally,5,2,7
401856917,20260517,dearica hamby,9,12,21
401856917,20260517,kiki rice,9,10,19
401856917,20260517,kia nurse,8,2,10
401856917,20260517,chance gray,4,0,4
401856917,20260517,nneka ogwumike,9,8,17
401856917,20260517,marina mabrey,6,8,14
401856917,20260517,cameron brink,4,3,7
401856917,20260517,jihyun park,2,0,2
401856917,20260517,kate martin,3,8,11
401856917,20260517,teonni key,2,4,6
401856917,20260517,erica wheeler,1,3,4
401856917,20260517,rae burrell,0,2,2
401856917,20260517,maria conde,0,5,5
401856918,20260518,arike ogunbowale,7,9,16
401856918,20260518,kiki iriafen,4,5,9
401856918,20260518,paige bueckers,5,13,18
401856918,20260518,jessica shepard,4,8,12
401856918,20260518,shakira austin,10,2,12
401856918,20260518,azzi fudd,4,8,12
401856918,20260518,awak kuier,3,6,9
401856918,20260518,rori harmon,2,0,2
401856918,20260518,maddy siegrist,8,2,10
401856918,20260518,cassandre prosper,5,1,6
401856918,20260518,alanna smith,3,0,3
401856918,20260518,alysha clark,3,0,3
401856918,20260518,lauren betts,2,9,11
401856918,20260518,sonia citron,4,3,7
401856918,20260518,li yueru,1,0,1
401856918,20260518,alex wilson,2,0,2
401856918,20260518,georgia amoore,0,3,3
401856918,20260518,lucy olsen,0,8,8
401856918,20260518,cotie mcmahon,0,7,7
401856918,20260518,angela dugalic,0,2,2
401856918,20260518,aziaha james,0,8,8
401856919,20260518,nyadiew puoch,7,3,10
401856919,20260518,brittney griner,4,12,16
401856919,20260518,emily engstler,10,5,15
401856919,20260518,aaliyah edwards,8,4,12
401856919,20260518,bridget carleton,4,14,18
401856919,20260518,aneesah morrow,10,2,12
401856919,20260518,sarah ashlee barker,5,13,18
401856919,20260518,raegan beers,4,0,4
401856919,20260518,diamond miller,3,0,3
401856919,20260518,megan gustafson,3,0,3
401856919,20260518,holly winterburn,2,0,2
401856919,20260518,saniya rivers,4,5,9
401856919,20260518,charlisse leger-walker,1,9,10
401856919,20260518,nell angloma,1,0,1
401856919,20260518,luisa geiselsoder,2,0,2
401856919,20260518,serah williams,2,1,3
401856919,20260518,sug sutton,3,9,12
401856919,20260518,hailey van lith,7,5,12
401856919,20260518,gianna kneepkens,0,3,3
401856920,20260519,laura juskaite,7,3,10
401856920,20260519,kahleah copper,8,10,18
401856920,20260519,marina mabrey,15,15,30
401856920,20260519,natasha mack,10,2,12
401856920,20260519,kiki rice,3,12,15
401856920,20260519,jovana nogic,9,4,13
401856920,20260519,alyssa thomas,6,11,17
401856920,20260519,brittney sykes,14,17,31
401856920,20260519,noemie brochant,2,3,5
401856920,20260519,kyara linskens,2,0,2
401856920,20260519,teonni key,3,0,3
401856920,20260519,lexi held,3,0,3
401856920,20260519,dewanna bonner,4,9,13
401856920,20260519,kiana williams,2,5,7
401856920,20260519,valeriane ayayi,1,2,3
401856920,20260519,nikolina milic,0,4,4
401856920,20260519,maria conde,0,2,2
401856921,20260520,aliyah boston,13,11,24
401856921,20260520,luisa geiselsoder,4,0,4
401856921,20260520,kelsey mitchell,16,5,21
401856921,20260520,emily engstler,3,2,5
401856921,20260520,lexie hull,5,11,16
401856921,20260520,sug sutton,4,10,14
401856921,20260520,bridget carleton,12,4,16
401856921,20260520,monique billings,6,3,9
401856921,20260520,haley jones,2,4,6
401856921,20260520,carla leite,6,0,6
401856921,20260520,raven johnson,4,5,9
401856921,20260520,myisha hines-allen,7,0,7
401856921,20260520,sophie cunningham,2,0,2
401856921,20260520,megan gustafson,2,2,4
401856921,20260520,serah williams,2,4,6
401856921,20260520,sarah ashlee barker,2,6,8
401856921,20260520,makayla timpson,0,2,2
401856921,20260520,holly winterburn,0,4,4
401856922,20260520,alanna smith,5,2,7
401856922,20260520,kamilla cardoso,12,12,24
401856922,20260520,natasha cloud,9,12,21
401856922,20260520,jessica shepard,8,10,18
401856922,20260520,gabriela jaquez,8,4,12
401856922,20260520,paige bueckers,9,15,24
401856922,20260520,skylar diggins,3,12,15
401856922,20260520,azzi fudd,6,6,12
401856922,20260520,elizabeth williams,2,3,5
401856922,20260520,rachel banham,4,6,10
401856922,20260520,arike ogunbowale,6,17,23
401856922,20260520,aziaha james,2,2,4
401856922,20260520,li yueru,1,6,7
401856922,20260520,odyssey sims,0,4,4
401856922,20260520,jacy sheldon,0,2,2
401856923,20260520,aneesah morrow,2,0,2
401856923,20260520,natisha hiedeman,10,10,20
401856923,20260520,gianna kneepkens,2,0,2
401856923,20260520,flau'jae johnson,5,0,5
401856923,20260520,nell angloma,13,2,15
401856923,20260520,raegan beers,10,0,10
401856923,20260520,charlisse leger-walker,5,11,16
401856923,20260520,jade melbourne,3,8,11
401856923,20260520,kennedy burke,8,7,15
401856923,20260520,mackenzie holmes,14,4,18
401856923,20260520,zia cooke,9,1,10
401856923,20260520,ashlon jackson,2,2,4
401856923,20260520,aaliyah edwards,2,10,12
401856923,20260520,saniya rivers,2,0,2
401856923,20260520,diamond miller,0,2,2
401856923,20260520,stefanie dolson,0,3,3
401856923,20260520,taylor thierry,0,6,6
401856923,20260520,lexie brown,0,5,5
401856924,20260521,pauline astier,7,0,7
401856924,20260521,veronica burton,6,7,13
401856924,20260521,gabby williams,11,5,16
401856924,20260521,kayla thornton,6,5,11
401856924,20260521,jonquel jones,7,9,16
401856924,20260521,rebekah gardner,5,7,12
401856924,20260521,laeticia amihere,2,3,5
401856924,20260521,kaila charles,10,3,13
401856924,20260521,breanna stewart,11,7,18
401856924,20260521,janelle salaun,2,10,12
401856924,20260521,tiffany hayes,2,7,9
401856924,20260521,satou sabally,2,3,5
401856924,20260521,julie vanloo,2,0,2
401856924,20260521,kiah stokes,3,3,6
401856924,20260521,han xu,0,5,5
401856924,20260521,rebecca allen,0,5,5
401856924,20260521,kaitlyn chen,0,2,2
401856925,20260521,natasha howard,9,4,13
401856925,20260521,olivia miles,7,7,14
401856925,20260521,maria conde,3,0,3
401856925,20260521,courtney williams,12,3,15
401856925,20260521,laura juskaite,5,2,7
401856925,20260521,kayla mcbride,7,6,13
401856925,20260521,anastasiia olairi kosu,2,3,5
401856925,20260521,maya caldwell,7,9,16
401856925,20260521,kia nurse,6,17,23
401856925,20260521,nikolina milic,4,4,8
401856925,20260521,marina mabrey,3,0,3
401856925,20260521,liatu king,5,4,9
401856925,20260521,brittney sykes,4,2,6
401856925,20260521,nia coffey,4,4,8
401856925,20260521,kiki rice,2,9,11
401856925,20260521,teonni key,2,2,4
401856925,20260521,lexi held,3,0,3
401856925,20260521,mariella fasoula,0,4,4
401856925,20260521,eliska hamzova,0,4,4
401856925,20260521,antonia delaere,0,3,3
401856926,20260521,kahleah copper,10,12,22
401856926,20260521,kelsey plum,14,2,16
401856926,20260521,natasha mack,4,6,10
401856926,20260521,erica wheeler,2,3,5
401856926,20260521,cameron brink,10,2,12
401856926,20260521,jovana nogic,10,5,15
401856926,20260521,alyssa thomas,8,15,23
401856926,20260521,ariel atkins,5,6,11
401856926,20260521,marta suarez,6,0,6
401856926,20260521,kiana williams,3,0,3
401856926,20260521,rae burrell,7,5,12
401856926,20260521,dearica hamby,10,17,27
401856926,20260521,dewanna bonner,2,7,9
401856926,20260521,nneka ogwumike,10,2,12
401856926,20260521,jihyun park,2,0,2
401856927,20260522,rhyne howard,13,12,25
401856927,20260522,jordin canada,4,5,9
401856927,20260522,angel reese,9,6,15
401856927,20260522,azzi fudd,5,2,7
401856927,20260522,allisha gray,6,10,16
401856927,20260522,awak kuier,3,13,16
401856927,20260522,te-hina paopao,6,3,9
401856927,20260522,maddy siegrist,5,0,5
401856927,20260522,odyssey sims,5,9,14
401856927,20260522,aziaha james,2,4,6
401856927,20260522,naz hillmon,4,2,6
401856927,20260522,paige bueckers,5,2,7
401856927,20260522,arike ogunbowale,2,0,2
401856927,20260522,sika kone,2,0,2
401856927,20260522,jessica shepard,4,6,10
401856927,20260522,alanna smith,0,2,2
401856927,20260522,isobel borlase,0,2,2
401856927,20260522,indya nivar,0,2,2
401856928,20260522,kelsey mitchell,11,8,19
401856928,20260522,caitlin clark,10,12,22
401856928,20260522,veronica burton,7,10,17
401856928,20260522,kayla thornton,7,3,10
401856928,20260522,kiah stokes,2,0,2
401856928,20260522,monique billings,2,0,2
401856928,20260522,tiffany hayes,10,9,19
401856928,20260522,aliyah boston,6,14,20
401856928,20260522,kaitlyn chen,12,6,18
401856928,20260522,gabby williams,4,2,6
401856928,20260522,sophie cunningham,3,8,11
401856928,20260522,laeticia amihere,2,0,2
401856928,20260522,raven johnson,2,5,7
401856928,20260522,lexie hull,3,4,7
401856928,20260522,myisha hines-allen,0,2,2
401856928,20260522,kaila charles,0,4,4
401856928,20260522,janelle salaun,0,4,4
401856929,20260522,aaliyah edwards,4,6,10
401856929,20260522,diamond miller,7,6,13
401856929,20260522,gianna kneepkens,4,0,4
401856929,20260522,jordan horston,6,2,8
401856929,20260522,kennedy burke,7,0,7
401856929,20260522,flau'jae johnson,5,12,17
401856929,20260522,mackenzie holmes,2,0,2
401856929,20260522,jade melbourne,4,0,4
401856929,20260522,nell angloma,2,0,2
401856929,20260522,zia cooke,16,9,25
401856929,20260522,raegan beers,2,2,4
401856929,20260522,hailey van lith,2,3,5
401856929,20260522,natisha hiedeman,2,9,11
401856929,20260522,joyner holmes,2,0,2
401856929,20260522,charlisse leger-walker,0,5,5
401856929,20260522,stefanie dolson,0,5,5
401856929,20260522,lexie brown,0,3,3
401856929,20260522,saniya rivers,0,2,2
401856929,20260522,aneesah morrow,0,7,7
401856930,20260523,gabriela jaquez,4,3,7
401856930,20260523,jacy sheldon,5,0,5
401856930,20260523,natasha cloud,2,4,6
401856930,20260523,olivia miles,6,8,14
401856930,20260523,natasha howard,22,4,26
401856930,20260523,kamilla cardoso,11,6,17
401856930,20260523,nia coffey,3,5,8
401856930,20260523,skylar diggins,9,4,13
401856930,20260523,kayla mcbride,5,8,13
401856930,20260523,elizabeth williams,2,2,4
401856930,20260523,azura stevens,2,4,6
401856930,20260523,rachel banham,3,3,6
401856930,20260523,courtney williams,9,8,17
401856930,20260523,emese hof,2,0,2
401856930,20260523,antonia delaere,3,0,3
401856930,20260523,maya caldwell,2,0,2
401856930,20260523,sydney taylor,0,11,11
401856931,20260523,marina mabrey,15,4,19
401856931,20260523,kiki rice,13,6,19
401856931,20260523,carla leite,10,5,15
401856931,20260523,nyara sabally,5,4,9
401856931,20260523,megan gustafson,11,3,14
401856931,20260523,sarah ashlee barker,5,7,12
401856931,20260523,frieda buhner,3,2,5
401856931,20260523,teonni key,4,0,4
401856931,20260523,kia nurse,2,2,4
401856931,20260523,bridget carleton,6,9,15
401856931,20260523,nikolina milic,1,0,1
401856931,20260523,serah williams,2,6,8
401856931,20260523,brittney sykes,2,8,10
401856931,20260523,teja oblak,3,0,3
401856931,20260523,emily engstler,2,14,16
401856931,20260523,luisa geiselsoder,2,4,6
401856931,20260523,maria conde,2,6,8
401856931,20260523,nyadiew puoch,0,5,5
401856931,20260523,lexi held,0,3,3
401856931,20260523,laura juskaite,0,3,3
401856932,20260523,a'ja wilson,8,16,24
401856932,20260523,kelsey plum,14,24,38
401856932,20260523,ariel atkins,9,2,11
401856932,20260523,cameron brink,9,7,16
401856932,20260523,dearica hamby,7,9,16
401856932,20260523,jewell loyd,9,1,10
401856932,20260523,nalyssa smith,9,13,22
401856932,20260523,chennedy carter,16,7,23
401856932,20260523,rae burrell,7,3,10
401856932,20260523,chelsea gray,8,4,12
401856932,20260523,brianna turner,2,0,2
401856932,20260523,stephanie talbot,0,2,2
401856932,20260523,erica wheeler,0,10,10
401856933,20260524,alyssa thomas,10,10,20
401856933,20260524,rhyne howard,6,15,21
401856933,20260524,kahleah copper,12,8,20
401856933,20260524,jovana nogic,11,0,11
401856933,20260524,angel reese,8,9,17
401856933,20260524,natasha mack,4,2,6
401856933,20260524,noemie brochant,4,2,6
401856933,20260524,jordin canada,4,7,11
401856933,20260524,isobel borlase,2,3,5
401856933,20260524,allisha gray,10,8,18
401856933,20260524,kyara linskens,3,7,10
401856933,20260524,naz hillmon,4,0,4
401856933,20260524,indya nivar,3,0,3
401856933,20260524,dewanna bonner,0,4,4
401856933,20260524,kiana williams,0,3,3
401856933,20260524,te-hina paopao,0,3,3
401856934,20260524,satou sabally,10,10,20
401856934,20260524,sabrina ionescu,11,0,11
401856934,20260524,paige bueckers,11,13,24
401856934,20260524,jonquel jones,2,12,14
401856934,20260524,jessica shepard,6,4,10
401856934,20260524,azzi fudd,4,20,24
401856934,20260524,han xu,6,0,6
401856934,20260524,arike ogunbowale,13,6,19
401856934,20260524,breanna stewart,8,6,14
401856934,20260524,awak kuier,5,5,10
401856934,20260524,pauline astier,7,0,7
401856934,20260524,aziaha james,2,0,2
401856934,20260524,maddy siegrist,2,0,2
401856934,20260524,rebekah gardner,0,4,4
401856935,20260524,georgia amoore,9,4,13
401856935,20260524,flau'jae johnson,9,8,17
401856935,20260524,shakira austin,9,3,12
401856935,20260524,natisha hiedeman,18,6,24
401856935,20260524,lauren betts,4,2,6
401856935,20260524,stefanie dolson,5,11,16
401856935,20260524,zia cooke,7,3,10
401856935,20260524,jordan horston,5,0,5
401856935,20260524,michaela onyenwere,2,4,6
401856935,20260524,kiki iriafen,3,10,13
401856935,20260524,cassandre prosper,2,0,2
401856935,20260524,angela dugalic,4,9,13
401856935,20260524,rori harmon,2,0,2
401856935,20260524,mackenzie holmes,2,0,2
401856935,20260524,jade melbourne,1,2,3
401856935,20260524,sonia citron,2,14,16
401856935,20260524,awa fam,2,8,10
401856935,20260524,lexie brown,0,7,7
401856935,20260524,katie lou samuelson,0,3,3
401856935,20260524,cotie mcmahon,0,2,2
401856936,20260525,breanna stewart,7,18,25
401856936,20260525,nyadiew puoch,5,0,5
401856936,20260525,satou sabally,2,0,2
401856936,20260525,emily engstler,4,4,8
401856936,20260525,luisa geiselsoder,3,3,6
401856936,20260525,marine johannes,11,6,17
401856936,20260525,serah williams,4,0,4
401856936,20260525,han xu,4,4,8
401856936,20260525,teja oblak,6,4,10
401856936,20260525,megan gustafson,2,9,11
401856936,20260525,rebekah gardner,4,0,4
401856936,20260525,carla leite,8,10,18
401856936,20260525,karlie samuelson,2,0,2
401856936,20260525,jonquel jones,5,7,12
401856936,20260525,bridget carleton,1,9,10
401856936,20260525,pauline astier,0,4,4
401856936,20260525,rebecca allen,0,2,2
401856936,20260525,sarah ashlee barker,0,7,7
401856937,20260525,gabby williams,10,5,15
401856937,20260525,veronica burton,6,5,11
401856937,20260525,diamond miller,2,2,4
401856937,20260525,kaila charles,5,7,12
401856937,20260525,charlisse leger-walker,5,4,9
401856937,20260525,aaliyah edwards,4,4,8
401856937,20260525,saniya rivers,2,0,2
401856937,20260525,cecilia zandalasini,6,0,6
401856937,20260525,olivia nelson-ododa,3,4,7
401856937,20260525,janelle salaun,3,6,9
401856937,20260525,kaitlyn chen,6,4,10
401856937,20260525,aneesah morrow,8,3,11
401856937,20260525,tiffany hayes,7,2,9
401856937,20260525,laeticia amihere,1,8,9
401856937,20260525,raegan beers,3,0,3
401856937,20260525,kiah stokes,1,0,1
401856937,20260525,nell angloma,2,4,6
401856937,20260525,kennedy burke,1,2,3
401856937,20260525,kayla thornton,2,3,5
401856937,20260525,ashlon jackson,0,6,6
401856937,20260525,juste jocyte,0,5,5
401856937,20260525,gianna kneepkens,0,6,6
401856937,20260525,ashten prechtel,0,5,5
401856937,20260525,hailey van lith,0,5,5
401856938,20260527,leonie fiebich,6,3,9
401856938,20260527,natasha mack,6,8,14
401856938,20260527,kahleah copper,10,9,19
401856938,20260527,marine johannes,15,6,21
401856938,20260527,monique akoa makani,4,5,9
401856938,20260527,jonquel jones,7,10,17
401856938,20260527,alyssa thomas,5,4,9
401856938,20260527,jovana nogic,9,0,9
401856938,20260527,han xu,8,0,8
401856938,20260527,noemie brochant,3,0,3
401856938,20260527,rebekah gardner,2,0,2
401856938,20260527,valeriane ayayi,1,2,3
401856938,20260527,breanna stewart,2,9,11
401856938,20260527,dewanna bonner,2,0,2
401856938,20260527,kyara linskens,3,0,3
401856938,20260527,pauline astier,2,5,7
401856938,20260527,rebecca allen,0,2,2
401856938,20260527,betnijah laney-hamilton,0,7,7
401856938,20260527,kiana williams,0,3,3
401856939,20260527,azura stevens,5,5,10
401856939,20260527,natasha cloud,9,9,18
401856939,20260527,brittney sykes,13,7,20
401856939,20260527,skylar diggins,13,10,23
401856939,20260527,maria conde,9,3,12
401856939,20260527,jacy sheldon,4,0,4
401856939,20260527,elizabeth williams,8,3,11
401856939,20260527,marina mabrey,10,14,24
401856939,20260527,kiki rice,7,7,14
401856939,20260527,sydney taylor,4,23,27
401856939,20260527,nikolina milic,2,0,2
401856939,20260527,nyara sabally,14,15,29
401856939,20260527,aicha coulibaly,5,4,9
401856939,20260527,laura juskaite,0,7,7
401856939,20260527,kamilla cardoso,0,2,2
401856939,20260527,teonni key,0,3,3
401856940,20260527,nia coffey,11,3,14
401856940,20260527,courtney williams,7,18,25
401856940,20260527,angel reese,6,4,10
401856940,20260527,olivia miles,11,5,16
401856940,20260527,naz hillmon,9,6,15
401856940,20260527,kayla mcbride,4,8,12
401856940,20260527,liatu king,3,0,3
401856940,20260527,rhyne howard,3,7,10
401856940,20260527,sika kone,5,0,5
401856940,20260527,allisha gray,9,12,21
401856940,20260527,jordin canada,5,4,9
401856940,20260527,natasha howard,6,16,22
401856940,20260527,isobel borlase,0,4,4
401856940,20260527,te-hina paopao,0,3,3
401856940,20260527,madina okot,0,4,4
401856940,20260527,maya caldwell,0,2,2
401856940,20260527,anastasiia olairi kosu,0,2,2
401856941,20260527,aneesah morrow,8,5,13
401856941,20260527,carla leite,9,11,20
401856941,20260527,bridget carleton,11,2,13
401856941,20260527,nyadiew puoch,2,0,2
401856941,20260527,charlisse leger-walker,2,9,11
401856941,20260527,sarah ashlee barker,2,2,4
401856941,20260527,olivia nelson-ododa,2,2,4
401856941,20260527,hailey van lith,4,3,7
401856941,20260527,teja oblak,1,4,5
401856941,20260527,megan gustafson,7,3,10
401856941,20260527,kennedy burke,6,0,6
401856941,20260527,raegan beers,2,2,4
401856941,20260527,luisa geiselsoder,3,0,3
401856941,20260527,emily engstler,2,2,4
401856941,20260527,saniya rivers,3,4,7
401856941,20260527,diamond miller,0,5,5
401856941,20260527,frieda buhner,0,9,9
401856941,20260527,gianna kneepkens,0,4,4
401856941,20260527,serah williams,0,1,1
401856942,20260527,shakira austin,14,4,18
401856942,20260527,michaela onyenwere,13,1,14
401856942,20260527,jade melbourne,3,12,15
401856942,20260527,natisha hiedeman,6,2,8
401856942,20260527,kiki iriafen,8,5,13
401856942,20260527,jordan horston,2,2,4
401856942,20260527,mackenzie holmes,3,5,8
401856942,20260527,awa fam,2,4,6
401856942,20260527,katie lou samuelson,6,2,8
401856942,20260527,georgia amoore,7,0,7
401856942,20260527,alicia florez getino,6,3,9
401856942,20260527,zia cooke,4,0,4
401856942,20260527,lexie brown,3,0,3
401856942,20260527,flau'jae johnson,0,8,8
401856942,20260527,sonia citron,0,7,7
401856942,20260527,cassandre prosper,0,2,2
401856942,20260527,lauren betts,0,6,6
401856942,20260527,angela dugalic,0,2,2
401856943,20260528,maddy siegrist,8,0,8
401856943,20260528,chelsea gray,8,0,8
401856943,20260528,a'ja wilson,9,12,21
401856943,20260528,azzi fudd,9,13,22
401856943,20260528,jessica shepard,9,13,22
401856943,20260528,nalyssa smith,4,5,9
401856943,20260528,jackie young,9,6,15
401856943,20260528,paige bueckers,11,9,20
401856943,20260528,chennedy carter,12,2,14
401856943,20260528,cheyenne parker-tyus,6,3,9
401856943,20260528,awak kuier,4,8,12
401856943,20260528,odyssey sims,2,0,2
401856943,20260528,jewell loyd,5,4,9
401856943,20260528,aziaha james,2,0,2
401856943,20260528,stephanie talbot,0,2,2
401856943,20260528,arike ogunbowale,0,1,1
401856943,20260528,alysha clark,0,6,6
401856944,20260528,monique billings,2,2,4
401856944,20260528,veronica burton,12,13,25
401856944,20260528,caitlin clark,11,5,16
401856944,20260528,kaila charles,7,0,7
401856944,20260528,kiah stokes,2,2,4
401856944,20260528,makayla timpson,5,2,7
401856944,20260528,raven johnson,8,8,16
401856944,20260528,kaitlyn chen,2,0,2
401856944,20260528,janelle salaun,8,11,19
401856944,20260528,kelsey mitchell,7,7,14
401856944,20260528,gabby williams,8,11,19
401856944,20260528,sophie cunningham,9,2,11
401856944,20260528,cecilia zandalasini,5,3,8
401856944,20260528,myisha hines-allen,2,0,2
401856944,20260528,aliyah boston,0,13,13
401856944,20260528,lexie hull,0,5,5
401856944,20260528,juste jocyte,0,3,3
401856944,20260528,laeticia amihere,0,3,3
401856945,20260529,marine johannes,6,0,6
401856945,20260529,alyssa thomas,13,2,15
401856945,20260529,pauline astier,7,9,16
401856945,20260529,monique akoa makani,5,8,13
401856945,20260529,natasha mack,2,4,6
401856945,20260529,han xu,4,5,9
401856945,20260529,kyara linskens,2,2,4
401856945,20260529,betnijah laney-hamilton,9,4,13
401856945,20260529,kahleah copper,2,14,16
401856945,20260529,jonquel jones,2,7,9
401856945,20260529,breanna stewart,4,5,9
401856945,20260529,noemie brochant,2,0,2
401856945,20260529,satou sabally,2,2,4
401856945,20260529,jovana nogic,5,3,8
401856945,20260529,leonie fiebich,0,3,3
401856945,20260529,dewanna bonner,0,4,4
401856945,20260529,rebekah gardner,0,6,6
401856946,20260529,shakira austin,7,18,25
401856946,20260529,erica wheeler,4,17,21
401856946,20260529,kiki iriafen,6,7,13
401856946,20260529,rae burrell,2,2,4
401856946,20260529,nneka ogwumike,8,12,20
401856946,20260529,dearica hamby,5,9,14
401856946,20260529,angela dugalic,6,0,6
401856946,20260529,sonia citron,6,15,21
401856946,20260529,cassandre prosper,5,0,5
401856946,20260529,ta'niya latson,2,1,3
401856946,20260529,lauren betts,2,0,2
401856946,20260529,cameron brink,14,2,16
401856946,20260529,cotie mcmahon,5,0,5
401856946,20260529,ariel atkins,4,4,8
401856946,20260529,chance gray,3,3,6
401856946,20260529,michaela onyenwere,0,4,4
401856946,20260529,georgia amoore,0,1,1
401856946,20260529,alicia florez getino,0,5,5
401856947,20260529,skylar diggins,8,4,12
401856947,20260529,courtney williams,6,4,10
401856947,20260529,kamilla cardoso,4,8,12
401856947,20260529,olivia miles,5,12,17
401856947,20260529,natasha howard,6,8,14
401856947,20260529,jacy sheldon,5,0,5
401856947,20260529,kayla mcbride,4,5,9
401856947,20260529,aicha coulibaly,4,0,4
401856947,20260529,nia coffey,5,15,20
401856947,20260529,maya caldwell,5,0,5
401856947,20260529,natasha cloud,4,2,6
401856947,20260529,azura stevens,2,2,4
401856947,20260529,liatu king,2,0,2
401856947,20260529,rachel banham,3,5,8
401856947,20260529,sydney taylor,0,7,7
401856947,20260529,anastasiia olairi kosu,0,2,2
401856948,20260529,naz hillmon,5,9,14
401856948,20260529,emily engstler,8,2,10
401856948,20260529,angel reese,8,10,18
401856948,20260529,jordin canada,4,5,9
401856948,20260529,allisha gray,5,8,13
401856948,20260529,carla leite,6,5,11
401856948,20260529,nyadiew puoch,2,0,2
401856948,20260529,holly winterburn,6,0,6
401856948,20260529,megan gustafson,5,5,10
401856948,20260529,madina okot,5,2,7
401856948,20260529,rhyne howard,9,5,14
401856948,20260529,isobel borlase,2,0,2
401856948,20260529,sarah ashlee barker,4,10,14
401856948,20260529,luisa geiselsoder,0,6,6
401856948,20260529,te-hina paopao,0,5,5
401856948,20260529,frieda buhner,0,7,7
401856948,20260529,indya nivar,0,4,4
401856949,20260530,stefanie dolson,2,5,7
401856949,20260530,marina mabrey,12,6,18
401856949,20260530,jordan horston,8,7,15
401856949,20260530,brittney sykes,8,7,15
401856949,20260530,kiki rice,4,13,17
401856949,20260530,mackenzie holmes,2,4,6
401856949,20260530,laura juskaite,2,12,14
401856949,20260530,zia cooke,2,0,2
401856949,20260530,maria conde,5,8,13
401856949,20260530,natisha hiedeman,10,8,18
401856949,20260530,flau'jae johnson,5,2,7
401856949,20260530,nyara sabally,6,2,8
401856949,20260530,jade melbourne,5,3,8
401856949,20260530,awa fam,2,5,7
401856949,20260530,katie lou samuelson,0,2,2
401856949,20260530,julie allemand,0,6,6
401856949,20260530,tima pouye,0,2,2
401856950,20260530,rae burrell,4,12,16
401856950,20260530,leila lacan,7,5,12
401856950,20260530,dearica hamby,5,6,11
401856950,20260530,aneesah morrow,8,9,17
401856950,20260530,nneka ogwumike,8,4,12
401856950,20260530,ariel atkins,10,6,16
401856950,20260530,diamond miller,4,8,12
401856950,20260530,ta'niya latson,3,0,3
401856950,20260530,kennedy burke,5,9,14
401856950,20260530,kate martin,2,0,2
401856950,20260530,brittney griner,9,0,9
401856950,20260530,saniya rivers,3,6,9
401856950,20260530,erica wheeler,4,9,13
401856950,20260530,gianna kneepkens,3,0,3
401856950,20260530,charlisse leger-walker,0,2,2
401856950,20260530,chance gray,0,6,6
401856950,20260530,nell angloma,0,2,2
401856950,20260530,cameron brink,0,2,2
401856950,20260530,olivia nelson-ododa,0,4,4
401856951,20260530,aliyah boston,8,10,18
401856951,20260530,carla leite,8,10,18
401856951,20260530,caitlin clark,5,1,6
401856951,20260530,kelsey mitchell,10,7,17
401856951,20260530,megan gustafson,13,9,22
401856951,20260530,makayla timpson,2,9,11
401856951,20260530,frieda buhner,6,4,10
401856951,20260530,bridget carleton,7,7,14
401856951,20260530,sarah ashlee barker,7,8,15
401856951,20260530,emily engstler,7,9,16
401856951,20260530,raven johnson,3,0,3
401856951,20260530,nyadiew puoch,2,0,2
401856951,20260530,myisha hines-allen,2,5,7
401856951,20260530,sophie cunningham,7,8,15
401856951,20260530,tyasha harris,0,5,5
401856951,20260530,teja oblak,0,3,3
401856951,20260530,grace vanslooten,0,2,2
401856952,20260531,jackie young,10,13,23
401856952,20260531,veronica burton,5,2,7
401856952,20260531,a'ja wilson,13,15,28
401856952,20260531,gabby williams,10,10,20
401856952,20260531,nalyssa smith,6,9,15
401856952,20260531,chennedy carter,6,0,6
401856952,20260531,kayla thornton,6,6,12
401856952,20260531,kaitlyn chen,3,2,5
401856952,20260531,janelle salaun,5,11,16
401856952,20260531,chelsea gray,2,3,5
401856952,20260531,tiffany hayes,4,1,5
401856952,20260531,stephanie talbot,6,4,10
401856952,20260531,cecilia zandalasini,8,1,9
401856952,20260531,laeticia amihere,0,2,2
401856952,20260531,brianna turner,0,4,4
401856952,20260531,juste jocyte,0,5,5
401856953,20260601,azzi fudd,5,4,9
401856953,20260601,jessica shepard,8,1,9
401856953,20260601,flau'jae johnson,4,12,16
401856953,20260601,natisha hiedeman,11,0,11
401856953,20260601,stefanie dolson,2,0,2
401856953,20260601,arike ogunbowale,4,5,9
401856953,20260601,awa fam,4,4,8
401856953,20260601,zia cooke,2,2,4
401856953,20260601,paige bueckers,10,0,10
401856953,20260601,aziaha james,4,14,18
401856953,20260601,jordan horston,2,0,2
401856953,20260601,maddy siegrist,5,4,9
401856953,20260601,alanna smith,0,5,5
401856953,20260601,jade melbourne,0,5,5
401856953,20260601,katie lou samuelson,0,6,6
401856953,20260601,mackenzie holmes,0,2,2
401856953,20260601,odyssey sims,0,2,2
401856953,20260601,alysha clark,0,6,6
401856953,20260601,li yueru,0,2,2
401856954,20260601,natasha mack,2,2,4
401856954,20260601,courtney williams,19,11,30
401856954,20260601,nia coffey,6,2,8
401856954,20260601,olivia miles,13,6,19
401856954,20260601,noemie brochant,8,3,11
401856954,20260601,kahleah copper,11,7,18
401856954,20260601,natasha howard,11,0,11
401856954,20260601,alyssa thomas,6,0,6
401856954,20260601,kayla mcbride,7,0,7
401856954,20260601,kyara linskens,3,4,7
401856954,20260601,teaira mccowan,4,2,6
401856954,20260601,anastasiia olairi kosu,2,10,12
401856954,20260601,antonia delaere,5,8,13
401856954,20260601,dewanna bonner,2,0,2
401856954,20260601,monique akoa makani,8,2,10
401856954,20260601,lexi held,0,5,5
401856954,20260601,jovana nogic,0,8,8
401856954,20260601,sha carter,0,6,6
401856954,20260601,maya caldwell,0,5,5
401856955,20260602,brittney griner,7,0,7
401856955,20260602,rhyne howard,22,14,36
401856955,20260602,leila lacan,8,3,11
401856955,20260602,aneesah morrow,11,9,20
401856955,20260602,allisha gray,18,8,26
401856955,20260602,naz hillmon,3,2,5
401856955,20260602,diamond miller,4,4,8
401856955,20260602,kennedy burke,2,0,2
401856955,20260602,angel reese,2,10,12
401856955,20260602,nell angloma,4,2,6
401856955,20260602,jordin canada,5,7,12
401856955,20260602,olivia nelson-ododa,6,4,10
401856955,20260602,saniya rivers,7,4,11
401856956,20260602,kamilla cardoso,12,0,12
401856956,20260602,shakira austin,9,8,17
401856956,20260602,cotie mcmahon,6,2,8
401856956,20260602,azura stevens,5,2,7
401856956,20260602,michaela onyenwere,7,6,13
401856956,20260602,kiki iriafen,7,8,15
401856956,20260602,skylar diggins,6,8,14
401856956,20260602,sydney taylor,9,6,15
401856956,20260602,angela dugalic,4,4,8
401856956,20260602,jacy sheldon,4,5,9
401856956,20260602,alicia florez getino,5,3,8
401856956,20260602,cassandre prosper,7,0,7
401856956,20260602,elizabeth williams,4,6,10
401856956,20260602,lauren betts,2,6,8
401856956,20260602,rachel banham,0,5,5
401856956,20260602,lucy olsen,0,3,3
401856956,20260602,georgia amoore,0,3,3
401856957,20260602,kayla thornton,14,5,19
401856957,20260602,emily engstler,9,3,12
401856957,20260602,carla leite,4,6,10
401856957,20260602,gabby williams,6,2,8
401856957,20260602,megan gustafson,8,5,13
401856957,20260602,teja oblak,4,7,11
401856957,20260602,karlie samuelson,2,0,2
401856957,20260602,janelle salaun,11,7,18
401856957,20260602,kaitlyn chen,4,5,9
401856957,20260602,sarah ashlee barker,3,5,8
401856957,20260602,juste jocyte,6,2,8
401856957,20260602,bridget carleton,6,5,11
401856957,20260602,kaila charles,3,4,7
401856957,20260602,cecilia zandalasini,5,4,9
401856957,20260602,kiah stokes,3,3,6
401856957,20260602,veronica burton,4,6,10
401856957,20260602,serah williams,0,7,7
401856957,20260602,tiffany hayes,0,1,1
401856957,20260602,luisa geiselsoder,0,3,3
401856958,20260602,nneka ogwumike,4,8,12
401856958,20260602,nalyssa smith,2,5,7
401856958,20260602,rae burrell,11,11,22
401856958,20260602,jackie young,8,8,16
401856958,20260602,a'ja wilson,13,12,25
401856958,20260602,ariel atkins,7,2,9
401856958,20260602,stephanie talbot,3,5,8
401856958,20260602,dearica hamby,2,0,2
401856958,20260602,erica wheeler,4,6,10
401856958,20260602,chelsea gray,5,7,12
401856958,20260602,kierstan bell,3,3,6
401856958,20260602,cheyenne parker-tyus,3,2,5
401856958,20260602,ta'niya latson,2,0,2
401856958,20260602,cameron brink,0,9,9
401856958,20260602,chance gray,0,3,3
401856959,20260603,jonquel jones,17,5,22
401856959,20260603,nyara sabally,9,2,11
401856959,20260603,kiki rice,4,5,9
401856959,20260603,marine johannes,8,7,15
401856959,20260603,laura juskaite,2,6,8
401856959,20260603,marina mabrey,2,15,17
401856959,20260603,nikolina milic,2,2,4
401856959,20260603,maria conde,7,0,7
401856959,20260603,brittney sykes,6,11,17
401856959,20260603,pauline astier,3,7,10
401856959,20260603,julie allemand,2,5,7
401856959,20260603,betnijah laney-hamilton,1,0,1
401856959,20260603,satou sabally,6,6,12
401856959,20260603,breanna stewart,2,17,19
401856959,20260603,leonie fiebich,3,11,14
401856959,20260603,han xu,0,4,4
401856959,20260603,tima pouye,0,2,2
401856960,20260603,flau'jae johnson,8,1,9
401856960,20260603,natasha mack,10,6,16
401856960,20260603,alyssa thomas,5,4,9
401856960,20260603,kahleah copper,8,8,16
401856960,20260603,awa fam,8,10,18
401856960,20260603,zia cooke,7,2,9
401856960,20260603,jade melbourne,3,2,5
401856960,20260603,jovana nogic,4,0,4
401856960,20260603,dewanna bonner,5,5,10
401856960,20260603,monique akoa makani,3,9,12
401856960,20260603,valeriane ayayi,1,0,1
401856960,20260603,mackenzie holmes,2,2,4
401856960,20260603,natisha hiedeman,5,10,15
401856960,20260603,jordan horston,0,5,5
401856960,20260603,noemie brochant,0,4,4
401856960,20260603,katie lou samuelson,0,3,3
401856961,20260604,jordin canada,7,6,13
401856961,20260604,rhyne howard,2,6,8
401856961,20260604,lexie hull,4,0,4
401856961,20260604,naz hillmon,7,5,12
401856961,20260604,kelsey mitchell,14,11,25
401856961,20260604,caitlin clark,7,10,17
401856961,20260604,allisha gray,2,11,13
401856961,20260604,angel reese,4,7,11
401856961,20260604,aliyah boston,8,11,19
401856961,20260604,sophie cunningham,3,5,8
401856961,20260604,madina okot,5,2,7
401856961,20260604,myisha hines-allen,2,3,5
401856961,20260604,isobel borlase,2,2,4
401856961,20260604,raven johnson,0,5,5
401856961,20260604,indya nivar,0,1,1
401856961,20260604,sika kone,0,2,2
401856962,20260604,cecilia zandalasini,8,10,18
401856962,20260604,kayla mcbride,7,7,14
401856962,20260604,courtney williams,4,13,17
401856962,20260604,gabby williams,5,0,5
401856962,20260604,olivia miles,17,11,28
401856962,20260604,kayla thornton,7,2,9
401856962,20260604,natasha howard,5,7,12
401856962,20260604,janelle salaun,6,11,17
401856962,20260604,kaitlyn chen,5,0,5
401856962,20260604,anastasiia olairi kosu,4,4,8
401856962,20260604,tiffany hayes,7,8,15
401856962,20260604,veronica burton,4,4,8
401856962,20260604,maya caldwell,5,0,5
401856962,20260604,kiah stokes,2,5,7
401856962,20260604,nia coffey,0,3,3
401856963,20260605,azura stevens,7,6,13
401856963,20260605,skylar diggins,18,6,24
401856963,20260605,diamond miller,15,1,16
401856963,20260605,brittney griner,5,11,16
401856963,20260605,saniya rivers,8,6,14
401856963,20260605,charlisse leger-walker,2,2,4
401856963,20260605,rachel banham,5,1,6
401856963,20260605,kamilla cardoso,6,4,10
401856963,20260605,leila lacan,3,0,3
401856963,20260605,aneesah morrow,6,2,8
401856963,20260605,elizabeth williams,4,6,10
401856963,20260605,jacy sheldon,3,2,5
401856963,20260605,raegan beers,2,3,5
401856963,20260605,hailey van lith,4,0,4
401856963,20260605,natasha cloud,0,13,13
401856963,20260605,gianna kneepkens,0,2,2
401856963,20260605,olivia nelson-ododa,0,2,2
401856963,20260605,nell angloma,0,6,6
401856963,20260605,sydney taylor,0,4,4
401856964,20260605,paige bueckers,5,13,18
401856964,20260605,erica wheeler,5,2,7
401856964,20260605,ariel atkins,10,6,16
401856964,20260605,arike ogunbowale,17,13,30
401856964,20260605,azzi fudd,9,2,11
401856964,20260605,kelsey plum,13,14,27
401856964,20260605,jessica shepard,13,9,22
401856964,20260605,nneka ogwumike,6,7,13
401856964,20260605,dearica hamby,9,6,15
401856964,20260605,maddy siegrist,6,10,16
401856964,20260605,cameron brink,5,5,10
401856964,20260605,alanna smith,4,0,4
401856964,20260605,rae burrell,2,1,3
401856964,20260605,kate martin,5,0,5
401856964,20260605,aziaha james,0,3,3
401856965,20260605,dewanna bonner,8,11,19
401856965,20260605,natasha mack,8,8,16
401856965,20260605,carla leite,7,0,7
401856965,20260605,noemie brochant,5,6,11
401856965,20260605,jovana nogic,4,5,9
401856965,20260605,monique akoa makani,7,4,11
401856965,20260605,megan gustafson,2,5,7
401856965,20260605,karlie samuelson,7,6,13
401856965,20260605,luisa geiselsoder,2,3,5
401856965,20260605,valeriane ayayi,2,0,2
401856965,20260605,emily engstler,3,0,3
401856965,20260605,lexi held,4,4,8
401856965,20260605,sarah ashlee barker,4,11,15
401856965,20260605,bridget carleton,4,2,6
401856965,20260605,teja oblak,2,9,11
401856965,20260605,frieda buhner,3,2,5
401856965,20260605,quionche carter,0,2,2
401856966,20260606,stefanie dolson,6,0,6
401856966,20260606,flau'jae johnson,8,2,10
401856966,20260606,olivia miles,12,7,19
401856966,20260606,jordan horston,5,2,7
401856966,20260606,courtney williams,9,2,11
401856966,20260606,maya caldwell,3,3,6
401856966,20260606,dominique malonga,4,3,7
401856966,20260606,kayla mcbride,6,5,11
401856966,20260606,zia cooke,3,1,4
401856966,20260606,natasha howard,12,15,27
401856966,20260606,natisha hiedeman,9,5,14
401856966,20260606,awa fam,3,2,5
401856966,20260606,nia coffey,3,3,6
401856966,20260606,jade melbourne,5,9,14
401856966,20260606,teaira mccowan,0,4,4
401856966,20260606,anastasiia olairi kosu,0,4,4
401856966,20260606,mackenzie holmes,0,1,1
401856967,20260606,gabby williams,10,17,27
401856967,20260606,a'ja wilson,20,8,28
401856967,20260606,jackie young,5,22,27
401856967,20260606,cecilia zandalasini,2,2,4
401856967,20260606,chelsea gray,8,4,12
401856967,20260606,kiah stokes,2,0,2
401856967,20260606,tiffany hayes,2,3,5
401856967,20260606,janelle salaun,8,3,11
401856967,20260606,kayla thornton,8,2,10
401856967,20260606,nalyssa smith,2,4,6
401856967,20260606,veronica burton,3,12,15
401856967,20260606,stephanie talbot,3,3,6
401856967,20260606,kaila charles,0,5,5
401856967,20260606,jewell loyd,0,5,5
401856968,20260606,rhyne howard,12,7,19
401856968,20260606,allisha gray,13,2,15
401856968,20260606,shakira austin,7,0,7
401856968,20260606,angel reese,8,10,18
401856968,20260606,kiki iriafen,13,11,24
401856968,20260606,sonia citron,6,12,18
401856968,20260606,naz hillmon,3,3,6
401856968,20260606,angela dugalic,2,3,5
401856968,20260606,cassandre prosper,2,2,4
401856968,20260606,isobel borlase,7,2,9
401856968,20260606,michaela onyenwere,2,2,4
401856968,20260606,madina okot,2,9,11
401856968,20260606,jordin canada,1,10,11
401856968,20260606,lauren betts,2,4,6
401856968,20260606,cotie mcmahon,0,7,7
401856968,20260606,sika kone,0,9,9
401856968,20260606,te-hina paopao,0,6,6
401856968,20260606,alicia florez getino,0,2,2
401856968,20260606,indya nivar,0,2,2
401856968,20260606,aaliyah nye,0,3,3
401856969,20260606,kelsey mitchell,10,11,21
401856969,20260606,jonquel jones,4,4,8
401856969,20260606,lexie hull,2,3,5
401856969,20260606,marine johannes,8,0,8
401856969,20260606,aliyah boston,6,7,13
401856969,20260606,leonie fiebich,4,0,4
401856969,20260606,breanna stewart,7,23,30
401856969,20260606,raven johnson,4,2,6
401856969,20260606,monique billings,8,7,15
401856969,20260606,betnijah laney-hamilton,2,0,2
401856969,20260606,han xu,2,0,2
401856969,20260606,myisha hines-allen,3,0,3
401856969,20260606,sophie cunningham,2,0,2
401856969,20260606,rebekah gardner,2,2,4
401856969,20260606,caitlin clark,5,5,10
401856969,20260606,pauline astier,2,10,12
401856969,20260606,satou sabally,6,7,13
401856970,20260607,nyara sabally,14,1,15
401856970,20260607,azura stevens,11,7,18
401856970,20260607,brittney sykes,9,16,25
401856970,20260607,kamilla cardoso,5,4,9
401856970,20260607,marina mabrey,3,6,9
401856970,20260607,rachel banham,3,0,3
401856970,20260607,isabelle harrison,9,5,14
401856970,20260607,kia nurse,2,0,2
401856970,20260607,laura juskaite,5,5,10
401856970,20260607,elizabeth williams,1,3,4
401856970,20260607,julie allemand,4,0,4
401856970,20260607,jacy sheldon,6,4,10
401856970,20260607,skylar diggins,3,4,7
401856970,20260607,gabriela jaquez,4,7,11
401856970,20260607,maria conde,2,3,5
401856970,20260607,natasha cloud,0,6,6
401856970,20260607,teonni key,0,1,1
401856971,20260607,nneka ogwumike,11,9,20
401856971,20260607,carla leite,8,2,10
401856971,20260607,megan gustafson,10,6,16
401856971,20260607,erica wheeler,6,0,6
401856971,20260607,sarah ashlee barker,6,0,6
401856971,20260607,dearica hamby,6,16,22
401856971,20260607,rae burrell,7,3,10
401856971,20260607,cameron brink,2,0,2
401856971,20260607,frieda buhner,5,2,7
401856971,20260607,karlie samuelson,4,2,6
401856971,20260607,bridget carleton,2,5,7
401856971,20260607,ariel atkins,4,2,6
401856971,20260607,nyadiew puoch,2,2,4
401856971,20260607,kelsey plum,3,13,16
401856971,20260607,luisa geiselsoder,2,2,4
401856971,20260607,chance gray,2,0,2
401856971,20260607,emily engstler,4,6,10
401856971,20260607,teja oblak,0,2,2
401856971,20260607,kate martin,0,5,5
401856972,20260608,diamond miller,5,5,10
401856972,20260608,olivia nelson-ododa,3,12,15
401856972,20260608,breanna stewart,14,14,28
401856972,20260608,aaliyah edwards,8,7,15
401856972,20260608,marine johannes,7,0,7
401856972,20260608,leila lacan,2,5,7
401856972,20260608,han xu,3,11,14
401856972,20260608,saniya rivers,2,10,12
401856972,20260608,satou sabally,7,2,9
401856972,20260608,raquel carrera,4,3,7
401856972,20260608,betnijah laney-hamilton,3,8,11
401856972,20260608,raegan beers,4,0,4
401856972,20260608,charlisse leger-walker,4,0,4
401856972,20260608,gianna kneepkens,2,3,5
401856972,20260608,nell angloma,5,2,7
401856972,20260608,pauline astier,0,6,6
401856972,20260608,leonie fiebich,0,5,5
401856972,20260608,kennedy burke,0,1,1
401856972,20260608,rebekah gardner,0,2,2
401856973,20260608,shakira austin,4,6,10
401856973,20260608,aliyah boston,8,6,14
401856973,20260608,michaela onyenwere,7,10,17
401856973,20260608,caitlin clark,10,9,19
401856973,20260608,cotie mcmahon,3,4,7
401856973,20260608,damiris dantas,3,0,3
401856973,20260608,kiki iriafen,2,0,2
401856973,20260608,kelsey mitchell,9,6,15
401856973,20260608,lauren betts,2,6,8
401856973,20260608,monique billings,2,2,4
401856973,20260608,sonia citron,5,7,12
401856973,20260608,lexie hull,3,5,8
401856973,20260608,cassandre prosper,1,0,1
401856973,20260608,angela dugalic,5,2,7
401856973,20260608,myisha hines-allen,5,0,5
401856973,20260608,sophie cunningham,3,5,8
401856973,20260608,georgia amoore,0,12,12
401856973,20260608,tyasha harris,0,2,2
401856974,20260608,nalyssa smith,13,3,16
401856974,20260608,flau'jae johnson,4,9,13
401856974,20260608,awa fam,9,7,16
401856974,20260608,dominique malonga,12,7,19
401856974,20260608,a'ja wilson,21,13,34
401856974,20260608,natisha hiedeman,2,15,17
401856974,20260608,jackie young,7,22,29
401856974,20260608,jade melbourne,2,4,6
401856974,20260608,mackenzie holmes,3,0,3
401856974,20260608,katie lou samuelson,5,2,7
401856974,20260608,jewell loyd,2,3,5
401856974,20260608,chelsea gray,7,5,12
401856974,20260608,zia cooke,6,1,7
401856974,20260608,kierstan bell,0,2,2
401856974,20260608,stefanie dolson,0,3,3
401856974,20260608,stephanie talbot,0,3,3
401856975,20260609,skylar diggins,11,6,17
401856975,20260609,naz hillmon,8,8,16
401856975,20260609,jordin canada,8,6,14
401856975,20260609,rhyne howard,6,11,17
401856975,20260609,angel reese,11,6,17
401856975,20260609,kamilla cardoso,11,2,13
401856975,20260609,allisha gray,2,12,14
401856975,20260609,gabriela jaquez,1,2,3
401856975,20260609,natasha cloud,7,11,18
401856975,20260609,isobel borlase,4,0,4
401856975,20260609,azura stevens,2,6,8
401856975,20260609,jacy sheldon,3,3,6
401856975,20260609,elizabeth williams,4,3,7
401856975,20260609,rachel banham,3,0,3
401856976,20260609,maddy siegrist,4,0,4
401856976,20260609,kayla mcbride,12,10,22
401856976,20260609,paige bueckers,13,10,23
401856976,20260609,olivia miles,14,10,24
401856976,20260609,jessica shepard,4,8,12
401856976,20260609,arike ogunbowale,12,4,16
401856976,20260609,natasha howard,14,7,21
401856976,20260609,courtney williams,12,4,16
401856976,20260609,anastasiia olairi kosu,4,2,6
401856976,20260609,aziaha james,5,4,9
401856976,20260609,nia coffey,2,4,6
401856976,20260609,azzi fudd,0,6,6
401856976,20260609,maya caldwell,0,3,3
401856976,20260609,li yueru,0,2,2
401856976,20260609,costanza verona,0,4,4
401856976,20260609,antonia delaere,0,2,2
401856977,20260609,veronica burton,19,6,25
401856977,20260609,monique akoa makani,11,8,19
401856977,20260609,gabby williams,10,15,25
401856977,20260609,kiah stokes,3,0,3
401856977,20260609,natasha mack,5,4,9
401856977,20260609,noemie brochant,4,6,10
401856977,20260609,kayla thornton,7,5,12
401856977,20260609,janelle salaun,5,6,11
401856977,20260609,jovana nogic,2,0,2
401856977,20260609,kahleah copper,6,3,9
401856977,20260609,tiffany hayes,5,2,7
401856977,20260609,alyssa thomas,2,20,22
401856977,20260609,quionche carter,2,0,2
401856977,20260609,lexi held,0,5,5
401856977,20260609,kaila charles,0,4,4
401856977,20260609,dewanna bonner,0,3,3
401856978,20260610,marina mabrey,8,13,21
401856978,20260610,aaliyah edwards,14,10,24
401856978,20260610,laura juskaite,8,11,19
401856978,20260610,diamond miller,7,4,11
401856978,20260610,brittney sykes,15,23,38
401856978,20260610,julie allemand,6,0,6
401856978,20260610,olivia nelson-ododa,3,6,9
401856978,20260610,leila lacan,15,9,24
401856978,20260610,kennedy burke,7,4,11
401856978,20260610,raegan beers,3,0,3
401856978,20260610,saniya rivers,4,8,12
401856978,20260610,isabelle harrison,3,2,5
401856978,20260610,charlisse leger-walker,2,2,4
401856978,20260610,nell angloma,2,2,4
401856978,20260610,nyara sabally,6,9,15
401856978,20260610,tima pouye,0,2,2
401856979,20260610,dominique malonga,9,6,15
401856979,20260610,jordan horston,5,6,11
401856979,20260610,nneka ogwumike,6,18,24
401856979,20260610,kelsey plum,12,7,19
401856979,20260610,dearica hamby,2,4,6
401856979,20260610,katie lou samuelson,3,0,3
401856979,20260610,stefanie dolson,2,0,2
401856979,20260610,jade melbourne,4,0,4
401856979,20260610,cameron brink,8,7,15
401856979,20260610,erica wheeler,5,5,10
401856979,20260610,zia cooke,6,0,6
401856979,20260610,rae burrell,4,0,4
401856979,20260610,ariel atkins,3,4,7
401856979,20260610,flau'jae johnson,9,5,14
401856979,20260610,natisha hiedeman,2,14,16
401856979,20260610,awa fam,0,12,12
401856979,20260610,chance gray,0,3,3
401856980,20260611,kamilla cardoso,6,4,10
401856980,20260611,caitlin clark,14,18,32
401856980,20260611,jacy sheldon,9,1,10
401856980,20260611,aliyah boston,8,26,34
401856980,20260611,lexie hull,7,4,11
401856980,20260611,azura stevens,3,7,10
401856980,20260611,raven johnson,3,0,3
401856980,20260611,kelsey mitchell,8,11,19
401856980,20260611,tyasha harris,4,0,4
401856980,20260611,gabriela jaquez,4,2,6
401856980,20260611,skylar diggins,2,19,21
401856980,20260611,natasha cloud,4,2,6
401856980,20260611,myisha hines-allen,2,3,5
401856980,20260611,sydney taylor,9,21,30
401856980,20260611,aicha coulibaly,1,5,6
401856980,20260611,elizabeth williams,2,5,7
401856980,20260611,makayla timpson,0,4,4
401856980,20260611,damiris dantas,0,2,2
401856981,20260611,marine johannes,14,3,17
401856981,20260611,leonie fiebich,3,3,6
401856981,20260611,jordin canada,3,0,3
401856981,20260611,pauline astier,9,7,16
401856981,20260611,breanna stewart,9,10,19
401856981,20260611,angel reese,14,11,25
401856981,20260611,jonquel jones,8,8,16
401856981,20260611,naz hillmon,2,5,7
401856981,20260611,rhyne howard,12,12,24
401856981,20260611,satou sabally,6,13,19
401856981,20260611,te-hina paopao,3,0,3
401856981,20260611,allisha gray,5,13,18
401856981,20260611,rebekah gardner,2,6,8
401856981,20260611,isobel borlase,5,0,5
401856981,20260611,madina okot,0,3,3
401856981,20260611,raquel carrera,0,3,3
401856981,20260611,sika kone,0,2,2
401856982,20260611,paige bueckers,24,7,31
401856982,20260611,natasha mack,8,0,8
401856982,20260611,arike ogunbowale,2,0,2
401856982,20260611,jessica shepard,5,12,17
401856982,20260611,azzi fudd,8,9,17
401856982,20260611,alyssa thomas,2,4,6
401856982,20260611,noemie brochant,2,2,4
401856982,20260611,dewanna bonner,5,4,9
401856982,20260611,jovana nogic,3,4,7
401856982,20260611,lexi held,11,6,17
401856982,20260611,awak kuier,4,0,4
401856982,20260611,monique akoa makani,2,4,6
401856982,20260611,kahleah copper,3,10,13
401856982,20260611,aziaha james,2,5,7
401856982,20260611,alanna smith,0,2,2
401856982,20260611,li yueru,0,3,3
401856982,20260611,jj quinerly,0,2,2
401856983,20260611,emily engstler,5,2,7
401856983,20260611,nalyssa smith,10,2,12
401856983,20260611,megan gustafson,6,11,17
401856983,20260611,a'ja wilson,12,20,32
401856983,20260611,chelsea gray,18,11,29
401856983,20260611,sarah ashlee barker,9,5,14
401856983,20260611,carla leite,10,8,18
401856983,20260611,bridget carleton,7,6,13
401856983,20260611,teja oblak,9,0,9
401856983,20260611,luisa geiselsoder,2,4,6
401856983,20260611,jackie young,12,6,18
401856983,20260611,frieda buhner,2,0,2
401856983,20260611,cheyenne parker-tyus,2,2,4
401856983,20260611,jewell loyd,2,0,2
401856983,20260611,serah williams,0,2,2
401856983,20260611,karlie samuelson,0,1,1
401856983,20260611,stephanie talbot,0,8,8
401856984,20260612,julie allemand,4,5,9
401856984,20260612,isabelle harrison,4,4,8
401856984,20260612,angela dugalic,2,8,10
401856984,20260612,brittney sykes,18,2,20
401856984,20260612,sonia citron,6,11,17
401856984,20260612,laura juskaite,4,4,8
401856984,20260612,cotie mcmahon,7,2,9
401856984,20260612,lauren betts,8,10,18
401856984,20260612,michaela onyenwere,13,4,17
401856984,20260612,marina mabrey,5,22,27
401856984,20260612,teonni key,2,0,2
401856984,20260612,alicia florez,2,0,2
401856984,20260612,shakira austin,2,10,12
401856984,20260612,tima pouye,0,4,4
401856984,20260612,maria conde,0,7,7
401856984,20260612,georgia amoore,0,1,1
401856985,20260612,natisha hiedeman,13,13,26
401856985,20260612,gabby williams,9,10,19
401856985,20260612,kayla thornton,2,0,2
401856985,20260612,awa fam,6,2,8
401856985,20260612,kiah stokes,2,0,2
401856985,20260612,jordan horston,3,2,5
401856985,20260612,stefanie dolson,3,0,3
401856985,20260612,cecilia zandalasini,2,0,2
401856985,20260612,janelle salaun,13,9,22
401856985,20260612,tiffany hayes,7,10,17
401856985,20260612,jade melbourne,3,2,5
401856985,20260612,katie lou samuelson,8,0,8
401856985,20260612,flau'jae johnson,2,6,8
401856985,20260612,veronica burton,5,6,11
401856985,20260612,dominique malonga,0,9,9
401856985,20260612,kaila charles,0,1,1
401856986,20260613,leila lacan,4,7,11
401856986,20260613,aaliyah edwards,4,3,7
401856986,20260613,caitlin clark,12,13,25
401856986,20260613,diamond miller,3,1,4
401856986,20260613,aliyah boston,7,6,13
401856986,20260613,brittney griner,4,6,10
401856986,20260613,kelsey mitchell,15,4,19
401856986,20260613,monique billings,8,2,10
401856986,20260613,olivia nelson-ododa,8,4,12
401856986,20260613,raven johnson,3,0,3
401856986,20260613,kennedy burke,7,3,10
401856986,20260613,aneesah morrow,4,4,8
401856986,20260613,makayla timpson,2,0,2
401856986,20260613,saniya rivers,4,5,9
401856986,20260613,lexie hull,0,2,2
401856986,20260613,charlisse leger-walker,0,3,3
401856986,20260613,nell angloma,0,1,1
401856986,20260613,sophie cunningham,0,11,11
401856987,20260613,chelsea gray,16,7,23
401856987,20260613,natasha howard,16,6,22
401856987,20260613,courtney williams,11,6,17
401856987,20260613,a'ja wilson,14,10,24
401856987,20260613,kayla mcbride,8,11,19
401856987,20260613,nalyssa smith,11,4,15
401856987,20260613,cheyenne parker-tyus,9,0,9
401856987,20260613,chennedy carter,4,0,4
401856987,20260613,olivia miles,13,16,29
401856987,20260613,antonia delaere,3,0,3
401856987,20260613,jackie young,3,13,16
401856987,20260613,nia coffey,0,3,3
401856987,20260613,jewell loyd,0,9,9
401856987,20260613,liatu king,0,4,4
401856988,20260613,emily engstler,2,9,11
401856988,20260613,azzi fudd,10,8,18
401856988,20260613,carla leite,8,2,10
401856988,20260613,aziaha james,6,11,17
401856988,20260613,sarah ashlee barker,5,5,10
401856988,20260613,awak kuier,1,2,3
401856988,20260613,luisa geiselsoder,3,4,7
401856988,20260613,alanna smith,4,0,4
401856988,20260613,megan gustafson,8,8,16
401856988,20260613,bridget carleton,11,9,20
401856988,20260613,arike ogunbowale,10,12,22
401856988,20260613,jessica shepard,4,9,13
401856988,20260613,serah williams,2,0,2
401856988,20260613,maddy siegrist,2,3,5
401856988,20260613,teja oblak,3,0,3
401856988,20260613,frieda buhner,2,3,5
401856988,20260613,alysha clark,0,1,1
401856989,20260613,nneka ogwumike,7,8,15
401856989,20260613,noemie brochant,6,2,8
401856989,20260613,alyssa thomas,2,8,10
401856989,20260613,natasha mack,4,7,11
401856989,20260613,kahleah copper,21,20,41
401856989,20260613,kelsey plum,11,32,43
401856989,20260613,erica wheeler,3,3,6
401856989,20260613,lexi held,4,5,9
401856989,20260613,ariel atkins,3,3,6
401856989,20260613,dearica hamby,8,0,8
401856989,20260613,jovana nogic,4,0,4
401856989,20260613,rae burrell,16,8,24
401856989,20260613,monique akoa makani,3,6,9
401856989,20260613,dewanna bonner,10,0,10
401856989,20260613,cameron brink,3,6,9
401856990,20260614,angela dugalic,4,0,4
401856990,20260614,marine johannes,8,0,8
401856990,20260614,sonia citron,6,6,12
401856990,20260614,michaela onyenwere,5,12,17
401856990,20260614,shakira austin,4,4,8
401856990,20260614,lauren betts,4,0,4
401856990,20260614,jonquel jones,3,17,20
401856990,20260614,breanna stewart,11,3,14
401856990,20260614,han xu,6,0,6
401856990,20260614,cotie mcmahon,5,3,8
401856990,20260614,leonie fiebich,8,0,8
401856990,20260614,pauline astier,0,6,6
401856990,20260614,sabrina ionescu,0,5,5
401856990,20260614,alicia florez,0,7,7
401856990,20260614,betnijah laney-hamilton,0,4,4
401856990,20260614,satou sabally,0,7,7
401856990,20260614,rebekah gardner,0,4,4
401856990,20260614,cassandre prosper,0,2,2
401856990,20260614,raquel carrera,0,4,4
401856990,20260614,lucy olsen,0,2,2
401856991,20260614,julie allemand,5,8,13
401856991,20260614,isabelle harrison,15,2,17
401856991,20260614,rhyne howard,15,9,24
401856991,20260614,brittney sykes,6,5,11
401856991,20260614,naz hillmon,7,2,9
401856991,20260614,laura juskaite,2,3,5
401856991,20260614,angel reese,3,12,15
401856991,20260614,kia nurse,3,0,3
401856991,20260614,jordin canada,2,3,5
401856991,20260614,allisha gray,11,15,26
401856991,20260614,maria conde,6,6,12
401856991,20260614,isobel borlase,9,8,17
401856991,20260614,marina mabrey,2,7,9
401856991,20260614,te-hina paopao,0,6,6
401856991,20260614,temi fagbenle,0,7,7
401856992,20260615,paige bueckers,5,5,10
401856992,20260615,a'ja wilson,14,4,18
401856992,20260615,awak kuier,7,0,7
401856992,20260615,jackie young,4,2,6
401856992,20260615,azzi fudd,11,8,19
401856992,20260615,jessica shepard,13,2,15
401856992,20260615,arike ogunbowale,11,11,22
401856992,20260615,jewell loyd,15,6,21
401856992,20260615,cheyenne parker-tyus,2,2,4
401856992,20260615,maddy siegrist,3,2,5
401856992,20260615,aziaha james,2,8,10
401856992,20260615,alanna smith,4,0,4
401856992,20260615,nalyssa smith,2,7,9
401856992,20260615,kierstan bell,0,2,2
401856992,20260615,stephanie talbot,0,4,4
401856992,20260615,sug sutton,0,4,4
401856992,20260615,brianna turner,0,2,2
401856993,20260615,carla leite,6,4,10
401856993,20260615,olivia miles,6,6,12
401856993,20260615,megan gustafson,7,2,9
401856993,20260615,nia coffey,13,2,15
401856993,20260615,natasha howard,11,7,18
401856993,20260615,kayla mcbride,12,2,14
401856993,20260615,courtney williams,11,5,16
401856993,20260615,luisa geiselsoder,6,3,9
401856993,20260615,sarah ashlee barker,5,3,8
401856993,20260615,teja oblak,7,2,9
401856993,20260615,emily engstler,5,4,9
401856993,20260615,anastasiia olairi kosu,2,9,11
401856993,20260615,maya caldwell,2,9,11
401856993,20260615,antonia delaere,3,3,6
401856993,20260615,frieda buhner,4,6,10
401856993,20260615,bridget carleton,0,3,3
401856993,20260615,nyadiew puoch,0,3,3
401856993,20260615,holly winterburn,0,2,2
401856993,20260615,eliska hamzova,0,4,4
401856993,20260615,serah williams,0,2,2
401856994,20260615,kiah stokes,3,1,4
401856994,20260615,gabby williams,8,8,16
401856994,20260615,veronica burton,7,5,12
401856994,20260615,kelsey plum,6,3,9
401856994,20260615,ariel atkins,4,2,6
401856994,20260615,cecilia zandalasini,4,6,10
401856994,20260615,janelle salaun,7,0,7
401856994,20260615,nneka ogwumike,4,5,9
401856994,20260615,kayla thornton,4,2,6
401856994,20260615,kaitlyn chen,4,2,6
401856994,20260615,tiffany hayes,2,2,4
401856994,20260615,cameron brink,8,2,10
401856994,20260615,rae burrell,4,9,13
401856994,20260615,kaila charles,6,7,13
401856994,20260615,dearica hamby,0,6,6
401856994,20260615,kate martin,0,3,3
401856994,20260615,jihyun park,0,2,2
401856995,20260616,brittney sykes,9,2,11
401856995,20260616,aliyah boston,11,7,18
401856995,20260616,lexie hull,2,4,6
401856995,20260616,isabelle harrison,10,1,11
401856995,20260616,laura juskaite,14,5,19
401856995,20260616,monique billings,5,0,5
401856995,20260616,kelsey mitchell,13,14,27
401856995,20260616,maria conde,3,9,12
401856995,20260616,teonni key,2,0,2
401856995,20260616,sophie cunningham,8,16,24
401856995,20260616,temi fagbenle,1,2,3
401856995,20260616,caitlin clark,9,12,21
401856995,20260616,marina mabrey,11,7,18
401856995,20260616,raven johnson,3,3,6
401856995,20260616,makayla timpson,2,0,2
401856995,20260616,tima pouye,0,5,5
401856995,20260616,kia nurse,0,10,10
401856995,20260616,damiris dantas,0,4,4
401856996,20260617,lauren betts,2,11,13
401856996,20260617,brittney griner,2,4,6
401856996,20260617,diamond miller,4,3,7
401856996,20260617,michaela onyenwere,8,14,22
401856996,20260617,sonia citron,8,18,26
401856996,20260617,aaliyah edwards,5,4,9
401856996,20260617,saniya rivers,2,4,6
401856996,20260617,lucy olsen,4,2,6
401856996,20260617,cotie mcmahon,2,0,2
401856996,20260617,aneesah morrow,8,3,11
401856996,20260617,angela dugalic,4,2,6
401856996,20260617,charlisse leger-walker,2,8,10
401856996,20260617,nell angloma,2,2,4
401856996,20260617,kennedy burke,4,6,10
401856996,20260617,georgia amoore,8,2,10
401856996,20260617,leila lacan,0,11,11
401856996,20260617,olivia nelson-ododa,0,5,5
401856996,20260617,cassandre prosper,0,3,3
401856996,20260617,raegan beers,0,2,2
401856997,20260617,azura stevens,4,2,6
401856997,20260617,leonie fiebich,5,4,9
401856997,20260617,sydney taylor,13,11,24
401856997,20260617,breanna stewart,13,4,17
401856997,20260617,jonquel jones,7,12,19
401856997,20260617,kamilla cardoso,4,6,10
401856997,20260617,skylar diggins,11,8,19
401856997,20260617,satou sabally,13,4,17
401856997,20260617,natasha cloud,3,8,11
401856997,20260617,pauline astier,2,7,9
401856997,20260617,gabriela jaquez,10,12,22
401856997,20260617,marine johannes,3,0,3
401856997,20260617,rebekah gardner,4,6,10
401856997,20260617,sabrina ionescu,0,10,10
401856997,20260617,elizabeth williams,0,3,3
401856997,20260617,han xu,0,2,2
401856998,20260617,awak kuier,3,0,3
401856998,20260617,cecilia zandalasini,2,0,2
401856998,20260617,jessica shepard,12,2,14
401856998,20260617,gabby williams,13,12,25
401856998,20260617,arike ogunbowale,6,15,21
401856998,20260617,kaila charles,3,3,6
401856998,20260617,paige bueckers,2,13,15
401856998,20260617,tiffany hayes,5,5,10
401856998,20260617,alanna smith,3,2,5
401856998,20260617,sug sutton,6,3,9
401856998,20260617,janelle salaun,7,5,12
401856998,20260617,maddy siegrist,1,0,1
401856998,20260617,kaitlyn chen,9,6,15
401856998,20260617,kayla thornton,3,5,8
401856998,20260617,kiah stokes,2,0,2
401856998,20260617,azzi fudd,0,10,10
401856998,20260617,veronica burton,0,11,11
401856998,20260617,aziaha james,0,2,2
401856999,20260617,rae burrell,14,5,19
401856999,20260617,kayla mcbride,5,9,14
401856999,20260617,erica wheeler,4,2,6
401856999,20260617,olivia miles,24,7,31
401856999,20260617,dearica hamby,10,2,12
401856999,20260617,courtney williams,7,6,13
401856999,20260617,natasha howard,9,6,15
401856999,20260617,nia coffey,4,3,7
401856999,20260617,nneka ogwumike,2,8,10
401856999,20260617,antonia delaere,3,3,6
401856999,20260617,jihyun park,4,9,13
401856999,20260617,chance gray,3,5,8
401856999,20260617,ariel atkins,0,4,4
401856999,20260617,maya caldwell,0,7,7
401856999,20260617,ta'niya latson,0,6,6
401856999,20260617,emma cannon,0,5,5
401856999,20260617,teaira mccowan,0,2,2
401856999,20260617,anastasiia olairi kosu,0,4,4
401857000,20260617,a'ja wilson,18,15,33
401857000,20260617,kahleah copper,14,12,26
401857000,20260617,nalyssa smith,8,13,21
401857000,20260617,jackie young,12,8,20
401857000,20260617,noemie brochant,2,2,4
401857000,20260617,alyssa thomas,6,4,10
401857000,20260617,chelsea gray,3,2,5
401857000,20260617,dewanna bonner,10,0,10
401857000,20260617,lexi held,5,2,7
401857000,20260617,cheyenne parker-tyus,2,0,2
401857000,20260617,jovana nogic,9,3,12
401857000,20260617,kyara linskens,3,0,3
401857000,20260617,brianna turner,2,0,2
401857000,20260617,monique akoa makani,0,4,4
401857000,20260617,stephanie talbot,0,3,3
401857001,20260617,dominique malonga,13,15,28
401857001,20260617,emily engstler,4,5,9
401857001,20260617,bridget carleton,10,14,24
401857001,20260617,awa fam,3,15,18
401857001,20260617,natisha hiedeman,14,5,19
401857001,20260617,sarah ashlee barker,9,3,12
401857001,20260617,megan gustafson,3,5,8
401857001,20260617,carla leite,11,9,20
401857001,20260617,zia cooke,7,0,7
401857001,20260617,mackenzie holmes,3,0,3
401857001,20260617,frieda buhner,3,0,3
401857001,20260617,flau'jae johnson,8,0,8
401857001,20260617,teja oblak,3,2,5
401857001,20260617,karlie samuelson,2,8,10
401857001,20260617,nyadiew puoch,2,0,2
401857001,20260617,jade melbourne,0,6,6
401857001,20260617,serah williams,0,1,1
401857002,20260618,rhyne howard,10,6,16
401857002,20260618,lexie hull,2,0,2
401857002,20260618,jordin canada,9,9,18
401857002,20260618,angel reese,8,13,21
401857002,20260618,caitlin clark,17,9,26
401857002,20260618,monique billings,2,4,6
401857002,20260618,allisha gray,10,7,17
401857002,20260618,aliyah boston,9,14,23
401857002,20260618,makayla timpson,4,2,6
401857002,20260618,sika kone,3,0,3
401857002,20260618,sophie cunningham,10,2,12
401857002,20260618,te-hina paopao,4,3,7
401857002,20260618,kelsey mitchell,5,21,26
401857002,20260618,naz hillmon,5,12,17
401857002,20260618,isobel borlase,9,0,9
401857003,20260619,marina mabrey,11,26,37
401857003,20260619,isabelle harrison,13,2,15
401857003,20260619,brittney griner,11,5,16
401857003,20260619,diamond miller,6,4,10
401857003,20260619,aaliyah edwards,4,2,6
401857003,20260619,aneesah morrow,2,6,8
401857003,20260619,olivia nelson-ododa,9,4,13
401857003,20260619,kennedy burke,9,9,18
401857003,20260619,temi fagbenle,4,15,19
401857003,20260619,maria conde,9,10,19
401857003,20260619,charlisse leger-walker,4,3,7
401857003,20260619,leila lacan,5,11,16
401857003,20260619,laura juskaite,0,4,4
401857003,20260619,julie allemand,0,4,4
401857003,20260619,saniya rivers,0,3,3
401857003,20260619,tima pouye,0,3,3
401857004,20260619,kiki iriafen,4,16,20
401857004,20260619,sabrina ionescu,7,2,9
401857004,20260619,sonia citron,11,5,16
401857004,20260619,jonquel jones,6,4,10
401857004,20260619,lauren betts,6,2,8
401857004,20260619,han xu,8,0,8
401857004,20260619,satou sabally,8,5,13
401857004,20260619,cotie mcmahon,5,2,7
401857004,20260619,marine johannes,1,3,4
401857004,20260619,michaela onyenwere,2,9,11
401857004,20260619,rebekah gardner,2,0,2
401857004,20260619,shakira austin,8,6,14
401857004,20260619,leonie fiebich,3,16,19
401857004,20260619,breanna stewart,6,10,16
401857004,20260619,pauline astier,2,0,2
401857004,20260619,georgia amoore,3,7,10
401857005,20260619,cecilia zandalasini,14,9,23
401857005,20260619,courtney williams,12,9,21
401857005,20260619,kayla mcbride,6,11,17
401857005,20260619,gabby williams,10,5,15
401857005,20260619,nia coffey,17,5,22
401857005,20260619,natasha howard,4,6,10
401857005,20260619,olivia miles,2,5,7
401857005,20260619,janelle salaun,6,9,15
401857005,20260619,kaitlyn chen,7,0,7
401857005,20260619,tiffany hayes,2,0,2
401857005,20260619,kiah stokes,2,0,2
401857005,20260619,veronica burton,3,2,5
401857005,20260619,kaila charles,2,0,2
401857005,20260619,kayla thornton,0,3,3
401857005,20260619,anastasiia olairi kosu,0,4,4
401857005,20260619,laeticia amihere,0,1,1
401857006,20260620,naz hillmon,15,4,19
401857006,20260620,kelsey mitchell,16,0,16
401857006,20260620,aliyah boston,8,5,13
401857006,20260620,monique billings,7,0,7
401857006,20260620,rhyne howard,12,12,24
401857006,20260620,caitlin clark,15,11,26
401857006,20260620,allisha gray,9,13,22
401857006,20260620,angel reese,8,10,18
401857006,20260620,myisha hines-allen,7,2,9
401857006,20260620,madina okot,3,0,3
401857006,20260620,isobel borlase,3,0,3
401857006,20260620,te-hina paopao,6,3,9
401857006,20260620,sophie cunningham,4,9,13
401857006,20260620,raven johnson,2,7,9
401857006,20260620,jordin canada,0,12,12
401857006,20260620,damiris dantas,0,3,3
401857006,20260620,indya nivar,0,3,3
401857007,20260620,awa fam,5,0,5
401857007,20260620,noemie brochant,10,6,16
401857007,20260620,dominique malonga,9,1,10
401857007,20260620,kahleah copper,7,10,17
401857007,20260620,natisha hiedeman,11,9,20
401857007,20260620,alyssa thomas,6,2,8
401857007,20260620,jade melbourne,2,0,2
401857007,20260620,lexi held,4,7,11
401857007,20260620,flau'jae johnson,9,4,13
401857007,20260620,kyara linskens,3,0,3
401857007,20260620,stefanie dolson,3,3,6
401857007,20260620,katie lou samuelson,2,5,7
401857007,20260620,dewanna bonner,8,2,10
401857007,20260620,valeriane ayayi,9,9,18
401857007,20260620,natasha mack,1,9,10
401857007,20260620,zia cooke,0,10,10
401857008,20260620,kamilla cardoso,14,12,26
401857008,20260620,azura stevens,8,0,8
401857008,20260620,arike ogunbowale,6,6,12
401857008,20260620,gabriela jaquez,6,0,6
401857008,20260620,awak kuier,3,0,3
401857008,20260620,sydney taylor,2,16,18
401857008,20260620,jessica shepard,4,17,21
401857008,20260620,skylar diggins,3,11,14
401857008,20260620,azzi fudd,5,8,13
401857008,20260620,elizabeth williams,2,2,4
401857008,20260620,alanna smith,3,0,3
401857008,20260620,natasha cloud,7,3,10
401857008,20260620,jacy sheldon,1,5,6
401857008,20260620,maddy siegrist,8,1,9
401857008,20260620,paige bueckers,7,12,19
401857008,20260620,li yueru,2,3,5
401857008,20260620,sug sutton,0,4,4
401857008,20260620,aziaha james,0,4,4
401857009,20260621,a'ja wilson,8,11,19
401857009,20260621,chelsea gray,11,4,15
401857009,20260621,gabby williams,8,2,10
401857009,20260621,cecilia zandalasini,8,4,12
401857009,20260621,jackie young,13,8,21
401857009,20260621,jewell loyd,6,8,14
401857009,20260621,kaitlyn chen,6,5,11
401857009,20260621,kierstan bell,2,3,5
401857009,20260621,tiffany hayes,6,1,7
401857009,20260621,nalyssa smith,10,4,14
401857009,20260621,kiah stokes,2,0,2
401857009,20260621,stephanie talbot,0,4,4
401857009,20260621,kayla thornton,0,2,2
401857009,20260621,veronica burton,0,2,2
401857009,20260621,kaila charles,0,7,7
401857009,20260621,janelle salaun,0,5,5
401857009,20260621,laeticia amihere,0,10,10
401857009,20260621,juste jocyte,0,3,3
401857009,20260621,nadia fingall,0,2,2
401857010,20260621,courtney williams,11,2,13
401857010,20260621,kayla mcbride,2,10,12
401857010,20260621,nia coffey,5,0,5
401857010,20260621,georgia amoore,2,6,8
401857010,20260621,sonia citron,9,12,21
401857010,20260621,olivia miles,8,14,22
401857010,20260621,natasha howard,10,10,20
401857010,20260621,cotie mcmahon,6,9,15
401857010,20260621,kiki iriafen,6,11,17
401857010,20260621,lucy olsen,3,0,3
401857010,20260621,angela dugalic,6,0,6
401857010,20260621,shakira austin,3,4,7
401857010,20260621,teaira mccowan,2,0,2
401857010,20260621,maya caldwell,4,0,4
401857010,20260621,michaela onyenwere,0,5,5
401857010,20260621,anastasiia olairi kosu,0,1,1
401857010,20260621,lauren betts,0,2,2
401857011,20260621,jonquel jones,9,9,18
401857011,20260621,erica wheeler,8,7,15
401857011,20260621,satou sabally,11,3,14
401857011,20260621,dearica hamby,8,4,12
401857011,20260621,ariel atkins,3,7,10
401857011,20260621,leonie fiebich,7,6,13
401857011,20260621,kelsey plum,9,3,12
401857011,20260621,marine johannes,10,0,10
401857011,20260621,pauline astier,8,9,17
401857011,20260621,breanna stewart,8,10,18
401857011,20260621,rebekah gardner,2,0,2
401857011,20260621,laura ziegler,2,2,4
401857011,20260621,nneka ogwumike,4,20,24
401857011,20260621,rae burrell,7,12,19
401857011,20260621,kiana williams,2,0,2
401857011,20260621,rebecca allen,0,3,3
401857011,20260621,sabrina ionescu,0,2,2
401857012,20260622,leila lacan,5,7,12
401857012,20260622,sydney taylor,3,7,10
401857012,20260622,kamilla cardoso,4,12,16
401857012,20260622,skylar diggins,2,1,3
401857012,20260622,olivia nelson-ododa,6,5,11
401857012,20260622,azura stevens,9,2,11
401857012,20260622,natasha cloud,2,2,4
401857012,20260622,aaliyah edwards,5,6,11
401857012,20260622,kennedy burke,6,2,8
401857012,20260622,aneesah morrow,1,0,1
401857012,20260622,elizabeth williams,2,0,2
401857012,20260622,gabriela jaquez,5,0,5
401857012,20260622,charlisse leger-walker,11,2,13
401857012,20260622,diamond miller,3,6,9
401857012,20260622,rachel banham,3,0,3
401857012,20260622,brittney griner,10,4,14
401857012,20260622,maddy westbeld,0,3,3
401857012,20260622,saniya rivers,0,4,4
401857012,20260622,jacy sheldon,0,6,6
401857012,20260622,raegan beers,0,4,4
401857012,20260622,nell angloma,0,1,1
401857012,20260622,gianna kneepkens,0,4,4
401857013,20260622,jordin canada,7,4,11
401857013,20260622,rhyne howard,5,15,20
401857013,20260622,allisha gray,16,2,18
401857013,20260622,julie allemand,3,1,4
401857013,20260622,temi fagbenle,8,2,10
401857013,20260622,madina okot,16,2,18
401857013,20260622,marina mabrey,5,18,23
401857013,20260622,isobel borlase,5,3,8
401857013,20260622,isabelle harrison,14,7,21
401857013,20260622,laura juskaite,4,4,8
401857013,20260622,te-hina paopao,2,0,2
401857013,20260622,angel reese,6,5,11
401857013,20260622,nyara sabally,7,2,9
401857013,20260622,naz hillmon,2,4,6
401857013,20260622,maria conde,0,8,8
401857013,20260622,kia nurse,0,4,4
401857014,20260622,lexie hull,5,3,8
401857014,20260622,alyssa thomas,11,8,19
401857014,20260622,noemie brochant,2,5,7
401857014,20260622,kahleah copper,11,9,20
401857014,20260622,natasha mack,2,2,4
401857014,20260622,kyara linskens,4,0,4
401857014,20260622,dewanna bonner,7,0,7
401857014,20260622,kelsey mitchell,11,11,22
401857014,20260622,caitlin clark,15,9,24
401857014,20260622,monique billings,3,11,14
401857014,20260622,myisha hines-allen,3,0,3
401857014,20260622,raven johnson,2,2,4
401857014,20260622,aliyah boston,2,6,8
401857014,20260622,lexi held,4,0,4
401857014,20260622,valeriane ayayi,0,9,9
401857014,20260622,sophie cunningham,0,2,2
401857014,20260622,shay ciezki,0,3,3
401857014,20260622,makayla timpson,0,1,1
401857015,20260622,dominique malonga,10,27,37
401857015,20260622,jessica shepard,8,6,14
401857015,20260622,awak kuier,6,0,6
401857015,20260622,paige bueckers,8,19,27
401857015,20260622,zia cooke,12,6,18
401857015,20260622,azzi fudd,7,19,26
401857015,20260622,awa fam,4,14,18
401857015,20260622,taina mair,2,0,2
401857015,20260622,maddy siegrist,2,5,7
401857015,20260622,aziaha james,5,13,18
401857015,20260622,flau'jae johnson,9,2,11
401857015,20260622,arike ogunbowale,4,0,4
401857015,20260622,natisha hiedeman,5,16,21
401857015,20260622,katie lou samuelson,0,3,3
401857015,20260622,li yueru,0,10,10
